DROP TABLE IF EXISTS `assets`;

CREATE TABLE `assets`(
	`id` SMALLINT UNSIGNED NOT NULL AUTO_INCREMENT,
	`name` VARCHAR(256) NOT NULL,
  `serial` VARCHAR(256) ,
  `assetnumber` VARCHAR(256),
  `deploymentstatus` VARCHAR(256),
  `asset_label` VARCHAR(256),
  `created_at` DATETIME,
  `updated_at` DATETIME,
  PRIMARY KEY (`id`)
);

INSERT INTO `assets` VALUES
(1, "CI-55577","YBER087308","241728","Current","","",""),
(2, "Pocket_PC","P2CK5030QMS","240796","","","",""),
(3, "DI-39984","UYSO982735","566372","Current","","",""),
(4, "Pocket_PC","HDJSK738272","302993","","","",""),
(5, "FY-37483","TYSU839920","576446","Current","","",""),
(6, "Pocket_PC","TSID263782S","444306","","","",""),
(7, "WS-99283","WSPO983300","548839","Current","","",""),
(8, "Pocket_PC","QDXR748392Y","332441","","","",""),
(9, "CI-55577","WWPO011139","664430","Current","","",""),
(10, "Pocket_PC","EEOI112334X","233220","","","","");

DROP TABLE IF EXISTS `assets_devices`;

CREATE TABLE `assets_devices`(
	`asset_id` SMALLINT UNSIGNED NOT NULL,
	`device_id` SMALLINT UNSIGNED NOT NULL
);

DROP TABLE IF EXISTS `clients`;

CREATE TABLE `clients` (
	`id`	SMALLINT UNSIGNED NOT NULL AUTO_INCREMENT,
  `name` VARCHAR(256),
  `created_at` DATETIME,
  `updated_at` DATETIME,
  PRIMARY KEY (`id`)
);

INSERT INTO `clients` VALUES
(1,'BP','2010-05-25 09:25:55','2010-05-25 09:25:55'),
(2,'Isle of Wight Council','2010-05-25 09:25:55','2010-05-25 09:25:55'),
(3,'RSPCA','2010-05-25 09:25:55','2010-05-25 09:25:55'),
(4,'Cumbria','2010-05-25 09:25:55','2010-05-25 09:25:55');


DROP TABLE IF EXISTS `compliances`;

CREATE TABLE `compliances` (
	`id`	SMALLINT UNSIGNED NOT NULL AUTO_INCREMENT,
	`product` VARCHAR(256) NOT NULL,
	`edition` VARCHAR(256),
	`entitlement_qty` TEXT,
	`installs` SMALLINT,
	`value` FLOAT,
	`unit_cost` FLOAT,
	`entitlement_status` ENUM("RED","AMBER","GREEN"), 
	`compliance` SMALLINT,
	`compliance_value` FLOAT,
	`compliance_status` ENUM("RED","AMBER","GREEN"),
	`created_at` DATETIME,
	`updated_at` DATETIME,
	PRIMARY KEY (`id`)
);

INSERT INTO `compliances` VALUES
(1, "3dsmax ancillary install", "1",                "0",     1, 0.0, 0.0,          "GREEN", -1, 0.0, "RED", "2010-03-16 12:41:13", "2010-03-22 15:54:12"),
(2, "ACTRIX TECHNICAL",         "1",                "0",     0, 303.0, 303.0,      "AMBER",  1, 303.0, "GREEN", "2010-03-16 12:41:13", "2010-03-22 15:54:12"),
(3, "ANIMATOR STUDIO",          "V1.1",             "1.1",   1, 476.0, 476.0,      "AMBER",  1, 476.0, "GREEN", "2010-03-16 12:41:13", "2010-03-22 15:54:12"),
(4, "AOLP AutoCAD",             "LT 2002 MP LVL-B", "2002",  35,17185.0, 491.0,    "AMBER", 35, 17185.0, "GREEN", "2010-03-16 12:41:13", "2010-03-22 15:54:12"),
(5, "AutoCAD",                  "15.0",             "0",     30,0.0, 0.0,          "RED",   -30, 0.0, "RED", "2010-03-16 12:41:13", "2010-03-22 15:54:12"),
(6, "AutoCAD",                  "2000",             "2000",  59, 0.0, 0.0,      "GREEN", -59, 0.0, "RED", "2010-03-16 12:41:13", "2010-03-22 15:54:12"),
(7, "AutoCAD",                  "2000i",            "2000i", 66, 0.0, 0.0,      "AMBER", -66, 0.0, "RED", "2010-03-16 12:41:13", "2010-03-22 15:54:12");


DROP TABLE IF EXISTS `countries`;
CREATE TABLE `countries` (
	`id`	SMALLINT UNSIGNED NOT NULL AUTO_INCREMENT,
  `country` VARCHAR(256),
	`iso_code` VARCHAR(3),
	PRIMARY KEY (`id`)
);
INSERT INTO `countries` VALUES
(1,'Afghanistan','AF'),
(2,'Åland Islands','AX'),
(3,'Albania','AL'),
(4,'Algeria','DZ'),
(5,'American Samoa','AS'),
(6,'Andorra','AD'),
(7,'Angola','AO'),
(8,'Anguilla','AI'),
(9,'Antarctica','AQ'),
(10,'Antigua and Barbuda','AG'),
(11,'Argentina','AR'),
(12,'Armenia','AM'),
(13,'Aruba','AW'),
(14,'Australia','AU'),
(15,'Austria','AT'),
(16,'Azerbaijan','AZ'),
(17,'Bahamas','BS'),
(18,'Bahrain','BH'),
(19,'Bangladesh','BD'),
(20,'Barbados','BB'),
(21,'Belarus','BY'),
(22,'Belgium','BE'),
(23,'Belize','BZ'),
(24,'Benin','BJ'),
(25,'Bermuda','BM'),
(26,'Bhutan','BT'),
(27,'Bolivia','BO'),
(28,'Bosnia and Herzegovina','BA'),
(29,'Botswana','BW'),
(30,'Bouvet Island','BV'),
(31,'Brazil','BR'),
(32,'British Indian Ocean Territory','IO'),
(33,'Brunei Darussalam','BN'),
(34,'Bulgaria','BG'),
(35,'Burkina Faso','BF'),
(36,'Burundi','BI'),
(37,'Cambodia','KH'),
(38,'Cameroon','CM'),
(39,'Canada','CA'),
(40,'Cape Verde','CV'),
(41,'Cayman Islands','KY'),
(42,'Central African Republic','CF'),
(43,'Chad','TD'),
(44,'Chile','CL'),
(45,'China','CN'),
(46,'Christmas Island','CX'),
(47,'Cocos (Keeling) Islands','CC'),
(48,'Colombia','CO'),
(49,'Comoros','KM'),
(50,'Congo','CG'),
(51,'Congo The Democratic Republic of The','CD'),
(52,'Cook Islands','CK'),
(53,'Costa Rica','CR'),
(54,'Cote D''Ivoire','CI'),
(55,'Croatia','HR'),
(56,'Cuba','CU'),
(57,'Cyprus','CY'),
(58,'Czech Republic','CZ'),
(59,'Denmark','DK'),
(60,'Djibouti','DJ'),
(61,'Dominica','DM'),
(62,'Dominican Republic','DO'),
(63,'Ecuador','EC'),
(64,'Egypt','EG'),
(65,'El Salvador','SV'),
(66,'Equatorial Guinea','GQ'),
(67,'Eritrea','ER'),
(68,'Estonia','EE'),
(69,'Ethiopia','ET'),
(70,'Falkland Islands (Malvinas)','FK'),
(71,'Faroe Islands','FO'),
(72,'Fiji','FJ'),
(73,'Finland','FI'),
(74,'France','FR'),
(75,'French Guiana','GF'),
(76,'French Polynesia','PF'),
(77,'French Southern Territories','TF'),
(78,'Gabon','GA'),
(79,'Gambia','GM'),
(80,'Georgia','GE'),
(81,'Germany','DE'),
(82,'Ghana','GH'),
(83,'Gibraltar','GI'),
(84,'Greece','GR'),
(85,'Greenland','GL'),
(86,'Grenada','GD'),
(87,'Guadeloupe','GP'),
(88,'Guam','GU'),
(89,'Guatemala','GT'),
(90,'Guernsey','GG'),
(91,'Guinea','GN'),
(92,'Guinea-bissau','GW'),
(93,'Guyana','GY'),
(94,'Haiti','HT'),
(95,'Heard Island and Mcdonald Islands','HM'),
(96,'Holy See (Vatican City State)','VA'),
(97,'Honduras','HN'),
(98,'Hong Kong','HK'),
(99,'Hungary','HU'),
(100,'Iceland','IS'),
(101,'India','IN'),
(102,'Indonesia','ID'),
(103,'Iran (Islamic Republic of)','IR'),
(104,'Iraq','IQ'),
(105,'Ireland','IE'),
(106,'Isle of Man','IM'),
(107,'Israel','IL'),
(108,'Italy','IT'),
(109,'Jamaica','JM'),
(110,'Japan','JP'),
(111,'Jersey','JE'),
(112,'Jordan','JO'),
(113,'Kazakhstan','KZ'),
(114,'Kenya','KE'),
(115,'Kiribati','KI'),
(116,'Korea (Democratic People''s Republic of)','KP'),
(117,'Korea (Republic of)','KR'),
(118,'Kuwait','KW'),
(119,'Kyrgyzstan','KG'),
(120,'Lao People''s Democratic Republic','LA'),
(121,'Latvia','LV'),
(122,'Lebanon','LB'),
(123,'Lesotho','LS'),
(124,'Liberia','LR'),
(125,'Libyan Arab Jamahiriya','LY'),
(126,'Liechtenstein','LI'),
(127,'Lithuania','LT'),
(128,'Luxembourg','LU'),
(129,'Macao','MO'),
(130,'Macedonia The Former Yugoslav Republic of','MK'),
(131,'Madagascar','MG'),
(132,'Malawi','MW'),
(133,'Malaysia','MY'),
(134,'Maldives','MV'),
(135,'Mali','ML'),
(136,'Malta','MT'),
(137,'Marshall Islands','MH'),
(138,'Martinique','MQ'),
(139,'Mauritania','MR'),
(140,'Mauritius','MU'),
(141,'Mayotte','YT'),
(142,'Mexico','MX'),
(143,'Micronesia Federated States of','FM'),
(144,'Moldova Republic of','MD'),
(145,'Monaco','MC'),
(146,'Mongolia','MN'),
(147,'Montenegro','ME'),
(148,'Montserrat','MS'),
(149,'Morocco','MA'),
(150,'Mozambique','MZ'),
(151,'Myanmar','MM'),
(152,'Namibia','NA'),
(153,'Nauru','NR'),
(154,'Nepal','NP'),
(155,'Netherlands','NL'),
(156,'Netherlands Antilles','AN'),
(157,'New Caledonia','NC'),
(158,'New Zealand','NZ'),
(159,'Nicaragua','NI'),
(160,'Niger','NE'),
(161,'Nigeria','NG'),
(162,'Niue','NU'),
(163,'Norfolk Island','NF'),
(164,'Northern Mariana Islands','MP'),
(165,'Norway','NO'),
(166,'Oman','OM'),
(167,'Pakistan','PK'),
(168,'Palau','PW'),
(169,'Palestinian Territory Occupied','PS'),
(170,'Panama','PA'),
(171,'Papua New Guinea','PG'),
(172,'Paraguay','PY'),
(173,'Peru','PE'),
(174,'Philippines','PH'),
(175,'Pitcairn','PN'),
(176,'Poland','PL'),
(177,'Portugal','PT'),
(178,'Puerto Rico','PR'),
(179,'Qatar','QA'),
(180,'Reunion','RE'),
(181,'Romania','RO'),
(182,'Russian Federation','RU'),
(183,'Rwanda','RW'),
(184,'Saint Helena','SH'),
(185,'Saint Kitts and Nevis','KN'),
(186,'Saint Lucia','LC'),
(187,'Saint Pierre and Miquelon','PM'),
(188,'Saint Vincent and The Grenadines','VC'),
(189,'Samoa','WS'),
(190,'San Marino','SM'),
(191,'Sao Tome and Principe','ST'),
(192,'Saudi Arabia','SA'),
(193,'Senegal','SN'),
(194,'Serbia','RS'),
(195,'Seychelles','SC'),
(196,'Sierra Leone','SL'),
(197,'Singapore','SG'),
(198,'Slovakia','SK'),
(199,'Slovenia','SI'),
(200,'Solomon Islands','SB'),
(201,'Somalia','SO'),
(202,'South Africa','ZA'),
(203,'South Georgia and The South Sandwich Islands','GS'),
(204,'Spain','ES'),
(205,'Sri Lanka','LK'),
(206,'Sudan','SD'),
(207,'Suriname','SR'),
(208,'Svalbard and Jan Mayen','SJ'),
(209,'Swaziland','SZ'),
(210,'Sweden','SE'),
(211,'Switzerland','CH'),
(212,'Syrian Arab Republic','SY'),
(213,'Taiwan Province of China','TW'),
(214,'Tajikistan','TJ'),
(215,'Tanzania United Republic of','TZ'),
(216,'Thailand','TH'),
(217,'Timor-leste','TL'),
(218,'Togo','TG'),
(219,'Tokelau','TK'),
(220,'Tonga','TO'),
(221,'Trinidad and Tobago','TT'),
(222,'Tunisia','TN'),
(223,'Turkey','TR'),
(224,'Turkmenistan','TM'),
(225,'Turks and Caicos Islands','TC'),
(226,'Tuvalu','TV'),
(227,'Uganda','UG'),
(228,'Ukraine','UA'),
(229,'United Arab Emirates','AE'),
(230,'United Kingdom','GB'),
(231,'United States','US'),
(232,'United States Minor Outlying Islands','UM'),
(233,'Uruguay','UY'),
(234,'Uzbekistan','UZ'),
(235,'Vanuatu','VU'),
(236,'Venezuela','VE'),
(237,'Viet Nam','VN'),
(238,'Virgin Islands British','VG'),
(239,'Virgin Islands U.S.','VI'),
(240,'Wallis and Futuna','WF'),
(241,'Western Sahara','EH'),
(242,'Yemen','YE'),
(243,'Zambia','ZM'),
(244,'Zimbabwe','ZW');



DROP TABLE IF EXISTS `devices`;

CREATE TABLE `devices`(
	`id` SMALLINT UNSIGNED NOT NULL AUTO_INCREMENT,
	`asset_id` SMALLINT NOT NULL,
  `make` VARCHAR(64) ,
  `model` VARCHAR(64),
  `serial` VARCHAR(64) ,
  `network_user_name` VARCHAR(64),
  `node` VARCHAR(64),
  `os` VARCHAR(64),
  `os_service_level` VARCHAR(64),
  `chassis` VARCHAR(64),
	`domain` VARCHAR(64) NOT NULL,
  `ip` VARCHAR(24) ,
  `processor_count` TINYINT,
  `processor_type` VARCHAR(256),
  `processor_speed` TINYINT,
  `ram` SMALLINT,
  `bios_date` DATE,
  `created_at` DATETIME,
  `updated_at` DATETIME,
  `mac_address` VARCHAR(64) ,
  `location_id` SMALLINT ,
  PRIMARY KEY (`id`)
)

INSERT INTO `devices` 
VALUES(1,393744,'Dell','Latitude D410','D9LZ42J','agay','DCAL08320','Windows XP',2,'Network Portable','Aramis','170.22.33.87',1,'x64 Family 6 Model 15 Stepping 6 Intel Core 2',1733,1024,'2004-05-14','2010-04-20 14:07:06','2010-04-20 14:07:06','123MACXYZ987',1),
(2,432234,'Dell','Latitude D510','QZSD798A','dsmith','DCAL08321','Windows XP',2,'Network Portable','Aramis','170.22.33.89',1,'x64 Family 6 Model 15 Stepping Intel Core 2',2366,4096,'2009-09-24','2010-04-20 14:07:06','2010-04-20 14:07:06','123MACXYZ987',1),
(3,537729,'Dell','Latitude D510','RREX238B','tcollis','ER0034A91','Windows XP',2,'Network Portable','Aramis','170.22.33.62',1,'x64 Family 6 Model 15 Stepping Intel Core 2',1733,2048,'2008-07-11','2010-04-20 14:07:06','2010-04-20 14:07:06','123MACXYZ987',4),
(4,467389,'Dell','Latitude D660','T829FGH','jspringall','DCAL08320','Windows 7 Pro',0,'Network Portable','Aramis','170.22.33.37',2,'x64 Family 6 Model 15 Stepping 6 Intel Core 2',2900,4096,'2010-02-14','2010-04-20 14:07:06','2010-04-20 14:07:06','123MACXYZ987',2),
(5,432234,'Dell','Latitude D510','QZSD798A','dsmith','DCAL08321','Windows XP',2,'Network Portable','Aramis','170.22.33.89',1,'x64 Family 6 Model 15 Stepping Intel Core 2',2366,4096,'2009-09-24','2010-04-20 14:07:06','2010-04-20 14:07:06','123MACXYZ987',1),
(6,537729,'Dell','Latitude D510','RREX238B','tcollis','ER0034A91','Windows XP',2,'Network Portable','Aramis','170.22.33.62',1,'x64 Family 6 Model 15 Stepping Intel Core 2',1733,2048,'2008-07-11','2010-04-20 14:07:06','2010-04-20 14:07:06','123MACXYZ987',4),
(7,393744,'Dell','Latitude D410','D9LZ42J','agay','DCAL08320','Windows XP',2,'Network Portable','Aramis','170.22.33.87',1,'x64 Family 6 Model 15 Stepping 6 Intel Core 2',1733,1024,'2004-05-14','2010-04-20 14:07:06','2010-04-20 14:07:06','123MACXYZ987',1),
(8,432234,'Dell','Latitude D510','QZSD798A','dsmith','DCAL08321','Windows XP',2,'Network Portable','Aramis','170.22.33.89',1,'x64 Family 6 Model 15 Stepping Intel Core 2',2366,4096,'2009-09-24','2010-04-20 14:07:06','2010-04-20 14:07:06','123MACXYZ987',1),
(9,537729,'Dell','Latitude D510','RREX238B','tcollis','ER0034A91','Windows XP',2,'Network Portable','Aramis','170.22.33.62',1,'x64 Family 6 Model 15 Stepping Intel Core 2',1733,2048,'2008-07-11','2010-04-20 14:07:06','2010-04-20 14:07:06','123MACXYZ987',4),
(10,393744,'Dell','Latitude D410','D9LZ42J','agay','DCAL08320','Windows XP',2,'Network Portable','Aramis','170.22.33.87',1,'x64 Family 6 Model 15 Stepping 6 Intel Core 2',1733,1024,'2004-05-14','2010-04-20 14:07:06','2010-04-20 14:07:06','123MACXYZ987',1),
(11,432234,'Dell','Latitude D510','QZSD798A','dsmith','DCAL08321','Windows XP',2,'Network Portable','Aramis','170.22.33.89',1,'x64 Family 6 Model 15 Stepping Intel Core 2',2366,4096,'2009-09-24','2010-04-20 14:07:06','2010-04-20 14:07:06','123MACXYZ987',1),
(12,537729,'Dell','Latitude D510','RREX238B','tcollis','ER0034A91','Windows XP',2,'Network Portable','Aramis','170.22.33.62',1,'x64 Family 6 Model 15 Stepping Intel Core 2',1733,2048,'2008-07-11','2010-04-20 14:07:06','2010-04-20 14:07:06','123MACXYZ987',4),
(13,467389,'Dell','Latitude D660','T829FGH','jspringall','DCAL08320','Windows 7 Pro',0,'Network Portable','Aramis','170.22.33.37',2,'x64 Family 6 Model 15 Stepping 6 Intel Core 2',2900,4096,'2010-02-14','2010-04-20 14:07:06','2010-04-20 14:07:06','123MACXYZ987',2),
(14,432234,'Dell','Latitude D510','QZSD798A','dsmith','DCAL08321','Windows XP',2,'Network Portable','Aramis','170.22.33.89',1,'x64 Family 6 Model 15 Stepping Intel Core 2',2366,4096,'2009-09-24','2010-04-20 14:07:06','2010-04-20 14:07:06','123MACXYZ987',1),
(15,537729,'Dell','Latitude D510','RREX238B','tcollis','ER0034A91','Windows XP',2,'Network Portable','Aramis','170.22.33.62',1,'x64 Family 6 Model 15 Stepping Intel Core 2',1733,2048,'2008-07-11','2010-04-20 14:07:06','2010-04-20 14:07:06','123MACXYZ987',4),
(16,393744,'Dell','Latitude D410','D9LZ42J','agay','DCAL08320','Windows XP',2,'Network Portable','Aramis','170.22.33.87',1,'x64 Family 6 Model 15 Stepping 6 Intel Core 2',1733,1024,'2004-05-14','2010-04-20 14:07:06','2010-04-20 14:07:06','123MACXYZ987',1),
(17,432234,'Dell','Latitude D510','QZSD798A','dsmith','DCAL08321','Windows XP',2,'Network Portable','Aramis','170.22.33.89',1,'x64 Family 6 Model 15 Stepping Intel Core 2',2366,4096,'2009-09-24','2010-04-20 14:07:06','2010-04-20 14:07:06','123MACXYZ987',1),
(18,537729,'Dell','Latitude D510','RREX238B','tcollis','ER0034A91','Windows XP',2,'Network Portable','Aramis','170.22.33.62',1,'x64 Family 6 Model 15 Stepping Intel Core 2',1733,2048,'2008-07-11','2010-04-20 14:07:06','2010-04-20 14:07:06','123MACXYZ987',4),
(19,393744,'Dell','Latitude D410','D9LZ42J','agay','DCAL08320','Windows XP',2,'Network Portable','Aramis','170.22.33.87',1,'x64 Family 6 Model 15 Stepping 6 Intel Core 2',1733,1024,'2004-05-14','2010-04-20 14:07:06','2010-04-20 14:07:06','123MACXYZ987',1),
(20,432234,'Dell','Latitude D510','QZSD798A','dsmith','DCAL08321','Windows XP',2,'Network Portable','Aramis','170.22.33.89',1,'x64 Family 6 Model 15 Stepping Intel Core 2',2366,4096,'2009-09-24','2010-04-20 14:07:06','2010-04-20 14:07:06','123MACXYZ987',1),
(21,537729,'Dell','Latitude D510','RREX238B','tcollis','ER0034A91','Windows XP',2,'Network Portable','Aramis','170.22.33.62',1,'x64 Family 6 Model 15 Stepping Intel Core 2',1733,2048,'2008-07-11','2010-04-20 14:07:06','2010-04-20 14:07:06','123MACXYZ987',4),
(22,467389,'Dell','Latitude D660','T829FGH','jspringall','DCAL08320','Windows 7 Pro',0,'Network Portable','Aramis','170.22.33.37',2,'x64 Family 6 Model 15 Stepping 6 Intel Core 2',2900,4096,'2010-02-14','2010-04-20 14:07:06','2010-04-20 14:07:06','123MACXYZ987',2),
(23,432234,'Dell','Latitude D510','QZSD798A','dsmith','DCAL08321','Windows XP',2,'Network Portable','Aramis','170.22.33.89',1,'x64 Family 6 Model 15 Stepping Intel Core 2',2366,4096,'2009-09-24','2010-04-20 14:07:06','2010-04-20 14:07:06','123MACXYZ987',1),
(24,537729,'Dell','Latitude D510','RREX238B','tcollis','ER0034A91','Windows XP',2,'Network Portable','Aramis','170.22.33.62',1,'x64 Family 6 Model 15 Stepping Intel Core 2',1733,2048,'2008-07-11','2010-04-20 14:07:06','2010-04-20 14:07:06','123MACXYZ987',4),
(25,393744,'Dell','Latitude D410','D9LZ42J','agay','DCAL08320','Windows XP',2,'Network Portable','Aramis','170.22.33.87',1,'x64 Family 6 Model 15 Stepping 6 Intel Core 2',1733,1024,'2004-05-14','2010-04-20 14:07:06','2010-04-20 14:07:06','123MACXYZ987',1),
(26,432234,'Dell','Latitude D510','QZSD798A','dsmith','DCAL08321','Windows XP',2,'Network Portable','Aramis','170.22.33.89',1,'x64 Family 6 Model 15 Stepping Intel Core 2',2366,4096,'2009-09-24','2010-04-20 14:07:06','2010-04-20 14:07:06','123MACXYZ987',1),
(27,537729,'Dell','Latitude D510','RREX238B','tcollis','ER0034A91','Windows XP',2,'Network Portable','Aramis','170.22.33.62',1,'x64 Family 6 Model 15 Stepping Intel Core 2',1733,2048,'2008-07-11','2010-04-20 14:07:06','2010-04-20 14:07:06','123MACXYZ987',4);


DROP TABLE IF EXISTS `devices_registers`;

CREATE TABLE `devices_registers`(
	`device_id` SMALLINT UNSIGNED NOT NULL,
	`register_id` SMALLINT UNSIGNED NOT NULL,
  PRIMARY KEY (`device_id`,`register_id`)
);

INSERT INTO `devices_registers` VALUES
(1,1),
(1,2),
(1,3),
(1,4),
(2,1),
(2,2),
(2,3),
(2,4),
(3,1),
(3,2),
(3,3),
(3,4),
(4,1),
(4,4),
(5,2),
(5,3),
(6,3),
(6,2),
(7,2),
(7,3),
(8,3),
(9,3);



DROP TABLE IF EXISTS `entitlements`;

CREATE TABLE `entitlements`(
	`id` SMALLINT UNSIGNED NOT NULL AUTO_INCREMENT,
  `installation_id` SMALLINT,
  `version_id` SMALLINT,
	`region` VARCHAR(256) NOT NULL,
	`agreement_type` VARCHAR(256) NOT NULL,
	`licence_type` VARCHAR(256) NOT NULL,
  `location_id` SMALLINT,
  `quantity` SMALLINT,
  `cost` SMALLINT,
	`currency` VARCHAR(256) NOT NULL,
	`document_reference` VARCHAR(256) NOT NULL,
	`document_type` VARCHAR(256) NOT NULL,
  `expiry` DATE,
  `support_expiry` DATE,
  `entitlement_id` SMALLINT,
	`supplier` VARCHAR(256) NOT NULL,
  `created_at` DATETIME,
  `updated_at` DATETIME,
	PRIMARY KEY (`id`)
);

INSERT INTO `entitlements` VALUES
(1, 1,6,"Europe","","Perpetual",3,1,10000,"USD","123ABC","Original document","2015-03-24","2010-05-24",0,"Supplier X","",""),
(2, 4,1,"Europe","Volume","Site",2,2,21200,"USD","182XYZ","Reseller document","2015-03-24","2010-05-24",0,"Supplier Z","",""),
(3, 3,2,"North America","","Concurrent",15400,5,30000,"USD","RDX988","Invoice","2015-03-24","2010-05-24",0,"Supplier X","",""),
(4, 4,1,"Europe","","Site",1,1,14230,"EUR","33TTYU","Purchase record","2015-03-24","2010-05-24",0,"Supplier Y","",""),
(5, 3,2,"EMEA","","Concurrent",2,2,113500,"EUR","RDX738","Invoice","2015-03-24","2010-05-24",0,"Supplier Y","",""),
(6, 4,1,"UK","","Site",1,1,20000,"GBP","WTY009","Purchase record","2015-03-24","2010-05-24",0,"Supplier Z","","");

DROP TABLE IF EXISTS `installations`;

CREATE TABLE `installations`(
	`id` SMALLINT UNSIGNED NOT NULL AUTO_INCREMENT,
  `version_id` SMALLINT,
  `device_id` SMALLINT,
  `created_at` DATETIME,
  `updated_at` DATETIME,
	PRIMARY KEY (`id`)
);

INSERT INTO `installations` VALUES
(1, 0,0,"",""),
(2, 0,0,"",""),
(3, 0,0,"",""),
(4, 0,0,"",""),
(5, 0,0,"",""),
(6, 0,0,"",""),
(7, 0,0,"",""),
(8, 0,0,"","");




DROP TABLE IF EXISTS `licences`;

CREATE TABLE `licences`(
	`id` SMALLINT UNSIGNED NOT NULL AUTO_INCREMENT,
	`sku` VARCHAR(64),
	`publisher` VARCHAR(64),
	`product` VARCHAR(64),
	`edition` VARCHAR(64),
	`version` VARCHAR(64),
	`identifying_number` VARCHAR(64),
	`product_id` SMALLINT,
  `region_or_country` VARCHAR(128),
  `cal` VARCHAR(48),
  `licence_type` VARCHAR(64),
  `term` VARCHAR(64),
  `upgrade` VARCHAR(64),
	`term_expiry_date` DATE,
  `ci_name` VARCHAR(64),
  `base_licence` VARCHAR(64),
	`maintenance_expiry` DATE,
  `entitlement_type` VARCHAR(64),
  `cost_centre` VARCHAR(64),
  `volume_licence_agreement_number` VARCHAR(64),
  `agreement_location` VARCHAR(64),
  `entitlement_location` VARCHAR(64),
  `supplier` VARCHAR(64),
  `supplier_invoice_number` VARCHAR(64),
	`invoice_date` DATE,
  `po_number` VARCHAR(64),
  `country_of_usage` VARCHAR(64),
  `product_substitution_rights` VARCHAR(64),
  `secondary_rights` VARCHAR(64),
  `transferability` VARCHAR(64),
  `external_licence_transfer_requirements` VARCHAR(64),
  `linkages` VARCHAR(64),
	`total_cost_of_line_item` SMALLINT,
	`quantity` SMALLINT,
	`unit` VARCHAR(48),
	`cost_unit` SMALLINT,
	`maintenance_pa` SMALLINT,
  `created_at` DATETIME,
  `updated_at` DATETIME,
	PRIMARY KEY (`id`)
);

INSERT INTO `licences` VALUES(1,1233221983,'Adobe','Photoshop','CS4',6.445,1920938,1,'Europe',23,'Perpetual','Unlimited','Unlimited','2010-04-07','All',124432234,'2010-04-07','Perpetual','CHYUX9203','AUER9304SERX8839','Vancouver Office','Vancouver Office','Adobe Reseller XYZ',12443,'2010-04-07',93249203492,'UK','All','None','OK','Flexible','Both',64500,1000,'GBP',2134,1234,'2010-04-20 14:07:06','2010-04-20 14:07:06'),
(2,827638472,'Autodesk','AutoCAD',300.99,4.223,928739428,4,'North America',34,'Perpetual','Unlimited','Unlimited','2010-04-07','All',29834928,'2010-04-07','Perpetual','UXB345','YUAKJH928394','New York Office','New York Office','Autodesk Reseller XYZ',1283,'2010-04-07',8479384983,'USA','All','None','OK','Flexible','Both',320000,3,'GBP',320000,20000,'2010-04-20 14:07:06','2010-04-20 14:07:06'),
(3,39287394,'Microsoft','Office',2008,7.0,2984982,5,'Europe',34,'Perpetual','Unlimited','Unlimited','2010-04-07','All',2734539489,'2010-04-19','Perpetual','CHYUX9203','AUER9304SERX8839','Vancouver Office','Vancouver Office','MS Reseller XYZ',37644563,'2010-04-07',10293829,'USA','All','None','OK','Flexible','Both',465738,10000,'USD',178723,12342,'2010-04-20 14:07:06','2010-04-20 14:07:06'),
(4,48263847,'Microsoft','Outlook',4,'4.23.223',37653726,5,'North America',29381,'Perpetual','Unlimited','Unlimited','2010-04-07','All',29834928,'2010-04-07','Perpetual','UXB345','YUAKJH928394','New York Office','New York Office','Autodesk Reseller XYZ',1283,'2010-04-07',8479384983,'USA','All','None','OK','Flexible','Both',320000,3,'GBP',320000,20000,'2010-04-20 14:07:06','2010-04-20 14:07:06'),
(5,1233221983,'QuarkXpress','QuarkXpress',8.0,8.445,78943845,6,'Europe',23,'Perpetual','Unlimited','Unlimited','2010-04-07','All',124432234,'2010-04-07','Perpetual','CHYUX9203','AUER9304SERX8839','Vancouver Office','Vancouver Office','Adobe Reseller XYZ',12443,'2010-04-07',93249203492,'UK','All','None','OK','Flexible','Both',64500,1000,'GBP',2134,1234,'2010-04-20 14:07:06','2010-04-20 14:07:06'),
(6,93874953,'Quest','Toad','9.3.0','9.3.499',63773628,8,'North America',67,'Perpetual','Unlimited','Unlimited','2010-04-07','All',29834928,'2010-04-07','Perpetual','UXB345','YUAKJH928394','New York Office','New York Office','Quest Reseller XYZ',1283,'2010-04-07',83457384,'USA','All','None','OK','Flexible','Both',320000,3,'GBP',320000,20000,'2010-04-20 14:07:06','2010-04-20 14:07:06');


DROP TABLE IF EXISTS `locations`;

CREATE TABLE `locations`(
	`id` SMALLINT UNSIGNED NOT NULL AUTO_INCREMENT,
	`name` VARCHAR(256),
	`reference` VARCHAR(256),
	`address1` VARCHAR(256),
	`address2` VARCHAR(256),
	`address3` VARCHAR(256),
	`address4` VARCHAR(256),
	`country` VARCHAR(256),
	`postcode` VARCHAR(256),
  `created_at` DATETIME,
  `updated_at` DATETIME,
	`client_id` SMALLINT,
	PRIMARY KEY (`id`)
);

INSERT INTO `locations` VALUES
(1,"Antares Incorporated","1234","12 Ocean Blvd","Santa Ana","CA","USA","","97837","2010-02-19 14:02:01","2010-02-19 14:02:01", 1),
(2,"Vega Ltd","89223","Vega Point","3 London Bridge Street","London","UK", "","SE1 8ZZ","2010-02-19 14:02:01","2010-02-19 14:02:01", 2),
(3,"Sirius GmbH","66473","Sirius Plaza","345 Steinerstrasse","Frankfurt","Germany", "","123328","2010-02-19 14:02:01","2010-02-19 14:02:01", 3),
(4,"Aquarius Ltd","99933","Glass Shard","5 Tooley Street","London","UK", "","SE1 8AA","2010-02-19 14:02:01","2010-02-19 14:02:01", 4),
(5,"Orion Incorporated","777333","Axe Yard","13 Leadenhall","London","UK", "","EC1 9UU","2010-02-19 14:02:01","2010-02-19 14:02:01", 3);

DROP TABLE IF EXISTS `products`;

CREATE TABLE `products`(
	`id` SMALLINT UNSIGNED NOT NULL AUTO_INCREMENT,
	`name` VARCHAR(256),
	`fullname` VARCHAR(256),
	`publisher_id` SMALLINT,
	`serial` VARCHAR(256),
	`sku` VARCHAR(256),
	`identifier` VARCHAR(256),
  `created_at` DATETIME,
  `updated_at` DATETIME,
	PRIMARY KEY (`id`)
);

INSERT INTO `products` VALUES
(1,'Acrobat','Acrobat',1,1234567,99999988222,'XAS','27/05/2010 11:25','27/05/2010 11:25'),
(2,'Photoshop','Photoshop CS4',1,2314534,99999988222,'KJH','27/05/2010 11:25','27/05/2010 11:25'),
(3,'Illustrator','Photoshop CS4',1,2314535,99999988222,'KJH','27/05/2010 11:25','27/05/2010 11:25'),
(4,'AutoCAD','AutoCAD',2,2314536,99999988222,'WER','27/05/2010 11:25','27/05/2010 11:25'),
(5,'Autodesk Maya','Autodesk Maya',2,2314537,99999988222,'ERT','27/05/2010 11:25','27/05/2010 11:25'),
(6,'Autodesk Inventor','Autodesk Inventor',2,2314538,99999988222,'YTR','27/05/2010 11:25','27/05/2010 11:25'),
(7,'TrapTester','TrapTester',3,2314539,99999988222,'DFG','27/05/2010 11:25','27/05/2010 11:25'),
(8,'EarthGrid','EarthGrid',3,2314540,99999988222,'HGF','27/05/2010 11:25','27/05/2010 11:25'),
(9,'Triangle','Triangle',3,2314541,99999988222,'XSR','27/05/2010 11:25','27/05/2010 11:25'),
(10,'Audit Logger','Audit Logger',4,2314542,99999988222,'THN','27/05/2010 11:25','27/05/2010 11:25'),
(11,'Applications Manager','Applications Manager',4,2314543,99999988222,'AWD','27/05/2010 11:25','27/05/2010 11:25'),
(12,'OTCTrader Instant Messenging','OTCTrader Instant Messenging',4,2314544,99999988222,'IJH','27/05/2010 11:25','27/05/2010 11:25'),
(13,'Front Office','Front Office',5,2314545,99999988222,'OKL','27/05/2010 11:25','27/05/2010 11:25'),
(14,'Back Office','Back Office',5,2314546,99999988222,'POU','27/05/2010 11:25','27/05/2010 11:25'),
(15,'Enterprise','Enterprise',5,2314547,99999988222,'HGG','27/05/2010 11:25','27/05/2010 11:25'),
(16,'PowerCenter','PowerCenter',6,2314548,99999988222,'RED','27/05/2010 11:25','27/05/2010 11:25'),
(17,'RulePoint','RulePoint',6,2314549,99999988222,'FCV','27/05/2010 11:25','27/05/2010 11:25'),
(18,'Power Exchange','Power Exchange',6,2314550,99999988222,'GGF','27/05/2010 11:25','27/05/2010 11:25'),
(19,'WebFocus','WebFocus',7,2314551,99999988222,'DDG','27/05/2010 11:25','27/05/2010 11:25'),
(20,'WebFocus PM','WebFocus PM',7,2314552,99999988222,'BJJ','27/05/2010 11:25','27/05/2010 11:25'),
(21,'WebFocus Magnify','WebFocus Magnify',7,2314553,99999988222,'KHH','27/05/2010 11:25','27/05/2010 11:25'),
(22,'ECM','ECM',8,2314554,99999988222,'DDD','27/05/2010 11:25','27/05/2010 11:25'),
(23,'ECM Document Management','ECM Document Management',8,2314555,99999988222,'FSF','27/05/2010 11:25','27/05/2010 11:25'),
(24,'ECM Suite','ECM Suite',8,2314556,99999988222,'GFD','27/05/2010 11:25','27/05/2010 11:25'),
(25,'P6 Enterprise PPM','P6 Enterprise PPM',9,2314557,99999988222,'EFG','27/05/2010 11:25','27/05/2010 11:25'),
(26,'P6 Pro PM','P6 Pro PM',9,2314558,99999988222,'GHJ','27/05/2010 11:25','27/05/2010 11:25'),
(27,'Contract Management','Contract Management',9,2314559,99999988222,'DFG','27/05/2010 11:25','27/05/2010 11:25'),
(28,'Toad for Oracle','Toad for Oracle',10,2314560,99999988222,'SDF','27/05/2010 11:25','27/05/2010 11:25'),
(29,'Toad for SQLServer','Toad for SQLServer',10,2314561,99999988222,'ERT','27/05/2010 11:25','27/05/2010 11:25'),
(30,'Spotlight','Spotlight',10,2314562,99999988222,'RTY','27/05/2010 11:25','27/05/2010 11:25'),
(31,'Sales Cloud 2','Sales Cloud 3',11,2314563,99999988222,'HGF','27/05/2010 11:25','27/05/2010 11:25'),
(32,'Small Business','Small Business',11,2314564,99999988222,'DFG','27/05/2010 11:25','27/05/2010 11:25'),
(33,'Service Cloud 2','Service Cloud 3',11,2314565,99999988222,'GFD','27/05/2010 11:25','27/05/2010 11:25'),
(34,'SAS Base','SAS Base',12,2314566,99999988222,'BVC','27/05/2010 11:25','27/05/2010 11:25'),
(35,'DataFlux','DataFlux',12,2314567,99999988222,'NTY','27/05/2010 11:25','27/05/2010 11:25'),
(36,'SAS/SECURE','SAS/SECURE',12,2314568,99999988222,'RFV','27/05/2010 11:25','27/05/2010 11:25'),
(37,'ECM SCM','ECM Server Configuration Manager',13,2314569,99999988222,'TGG','27/05/2010 11:25','27/05/2010 11:25'),
(38,'ECM NCM','ECM Network Configuration Manager',13,2314570,99999988222,'YJJ','27/05/2010 11:25','27/05/2010 11:25'),
(39,'ECM CAM','ECM Configuration Analytics Manager',13,2314571,99999988222,'NHG','27/05/2010 11:25','27/05/2010 11:25'),
(40,'HPC CLOUD','HPC CLOUD',14,2314572,99999988222,'SDD','27/05/2010 11:25','27/05/2010 11:25'),
(41,'Cyclone BIO','Cyclone BIO',14,2314573,99999988222,'CDH','27/05/2010 11:25','27/05/2010 11:25'),
(42,'Cyclone CFD','Cyclone CFD',14,2314574,99999988222,'OPP','27/05/2010 11:25','27/05/2010 11:25'),
(43,'MATLAB','MATLAB',15,2314575,99999988222,'HJJ','27/05/2010 11:25','27/05/2010 11:25'),
(44,'Simevents','Simevents',15,2314576,99999988222,'OID','27/05/2010 11:25','27/05/2010 11:25'),
(45,'Stateflow','Stateflow',15,2314577,99999988222,'EWQ','27/05/2010 11:25','27/05/2010 11:25'),
(46,'Triton','Triton',16,2314578,99999988222,'WER','27/05/2010 11:25','27/05/2010 11:25'),
(47,'Data Security Suite','Data Security Suite',16,2314579,99999988222,'TER','27/05/2010 11:25','27/05/2010 11:25'),
(48,'Data Discover','Data Discover',16,2314580,99999988222,'ASD','27/05/2010 11:25','27/05/2010 11:25'),
(49,'Windows','Windows',17,2314581,99999988222,'FGH','27/05/2010 11:25','27/05/2010 11:25'),
(50,'Office','Office',17,2314582,99999988222,'DFG','27/05/2010 11:25','27/05/2010 11:25'),
(51,'Internet Explorer','Internet Explorer',17,2314583,99999988222,'VVV','27/05/2010 11:25','27/05/2010 11:25');

DROP TABLE IF EXISTS `publishers`;

CREATE TABLE `publishers` (
	`id`	SMALLINT UNSIGNED NOT NULL AUTO_INCREMENT,
	`name` VARCHAR (256) NOT NULL,
	`shortname` VARCHAR (256),
	`description` TEXT,
  `created_at` DATETIME,
	`updated_at` DATETIME,
	`url` VARCHAR (256),
	PRIMARY KEY (`id`)
);

INSERT INTO `publishers` VALUES
(1,'Adobe','Adobe','Graphics and Visual Design Software','2010-05-25 09:25:56','2010-05-25 09:25:56','http://www.adobe.com/'),
(2,'Autodesk','Autodesk','Computer Aided Design Software (CAD)','2010-05-25 09:25:56','2010-05-25 09:25:56','http://www.autodesk.co.uk/'),
(3,'Badley Geoscience','Badley Geoscience','Geoscience software','2010-05-25 09:25:56','2010-05-25 09:25:56','http://www.badleys.co.uk/'),
(4,'ePulse','ePulse','Dealing and Brokerage solutions','2010-05-25 09:25:56','2010-05-25 09:25:56','http://www.epulse.ltd.uk/'),
(5,'Globalview Software Inc.','Globalview','Energy Market Data Solutions','2010-05-25 09:25:56','2010-05-25 09:25:56','http://www.gvsi.com/'),
(6,'Informatica Corporation','Informatica','Data Integration','2010-05-25 09:25:56','2010-05-25 09:25:56','http://www.informatica.com/'),
(7,'Information Builders','Information Builders','Business Data Analysis','2010-05-25 09:25:56','2010-05-25 09:25:56','http://www.informationbuilders.co.uk/'),
(8,'Open Text Corporation','Open Text','Content Management','2010-05-25 09:25:56','2010-05-25 09:25:56','http://www.opentext.com/'),
(9,'Primavera System Inc.','Primavera','Project Portfolio Management','2010-05-25 09:25:56','2010-05-25 09:25:56','http://www.oracle.com/primavera/'),
(10,'Quest Software','Quest','Smart Systems Management','2010-05-25 09:25:56','2010-05-25 09:25:56','http://www.quest.com/'),
(11,'Salesforce.com Inc.','Salesforce','Customer Relationship Management Software Cloud Computing','2010-05-25 09:25:56','2010-05-25 09:25:56','http://www.salesforce.com/'),
(12,'SAS Institute Inc.','SAS Institute','Business Analytics Software','2010-05-25 09:25:56','2010-05-25 09:25:56','http://www.sas.com/'),
(13,'Serverware Group Inc.','Serverware','Compliance Change and Configuration Management Solutions','2010-05-25 09:25:56','2010-05-25 09:25:56','http://www.serverware.com/'),
(14,'Silicon Graphics Inc.','Silicon Graphics','HPC Servers Storage Data Center Solutions Cloud Computing','2010-05-25 09:25:56','2010-05-25 09:25:56','http://www.sgi.com/'),
(15,'The Mathworks Limited','The Mathworks','Science and Engineering Software','2010-05-25 09:25:56','2010-05-25 09:25:56','http://www.mathworks.com/'),
(16,'Websense Inc.','Websense','Information Protection','2010-05-25 09:25:56','2010-05-25 09:25:56','http://www.websense.com');
(17,'Microsoft','Microsoft','Operating System and Office Software','2010-05-25 09:25:56','2010-05-25 09:25:56','http://www.microsoft.com');

DROP TABLE IF EXISTS `registers`;

CREATE TABLE `registers` (
	`id`	SMALLINT UNSIGNED NOT NULL AUTO_INCREMENT,
  `name` VARCHAR(24),
  `client_id` SMALLINT,
  `date` DATETIME,
  `frequency` VARCHAR(24),
  `regtype` VARCHAR(24),
  `accuracy` SMALLINT,
  `device_id` SMALLINT,
  `asset_id` SMALLINT,
  `created_at` DATETIME,
	`updated_at` DATETIME,
	PRIMARY KEY (`id`)
);

INSERT INTO `registers` VALUES
(1, "Walkaround Audit", 1, "2010-03-25 18:36:09","Annual","Catalog X",99, 1, 1,"2010-03-18 18:25:09","2010-03-18 18:25:09"),
(2, "Network Discovery", 1, "2010-03-25 18:36:09","Monthly","Catalog Y",89, 1, 1,"2010-03-18 18:25:09","2010-03-18 18:25:09"),
(3, "Fixed Asset Register", 1, "2010-03-25 18:36:09","Once","Catalog Z",72, 1, 1,"2010-03-18 18:25:09","2010-03-18 18:25:09"),
(4, "Purchase Record", 1, "2010-03-25 18:36:09","Once","Catalog AA",55, 1, 1,"2010-03-18 18:25:09","2010-03-18 18:25:09"),
(5, "Walkaround Audit", 2, "2010-03-25 18:36:09","Annual","Catalog X",99, 1, 1,"2010-03-18 18:25:09","2010-03-18 18:25:09"),
(6, "Network Discovery", 2, "2010-03-25 18:36:09","Monthly","Catalog Y",89, 1, 1,"2010-03-18 18:25:09","2010-03-18 18:25:09"),
(7, "Fixed Asset Register", 2, "2010-03-25 18:36:09","Once","Catalog Z",72, 1, 1,"2010-03-18 18:25:09","2010-03-18 18:25:09"),
(8, "Purchase Record", 2, "2010-03-25 18:36:09","Once","Catalog AA",55, 1, 1,"2010-03-18 18:25:09","2010-03-18 18:25:09");

DROP TABLE IF EXISTS `registers_servers`;

CREATE TABLE `registers_servers`(
	`register_id` SMALLINT UNSIGNED NOT NULL,
	`server_id` SMALLINT UNSIGNED NOT NULL,
  PRIMARY KEY (`register_id`,`server_id`)
);


DROP TABLE IF EXISTS `servers`;

CREATE TABLE `servers`( 
	`id` SMALLINT UNSIGNED NOT NULL AUTO_INCREMENT,
  `name` VARCHAR(128),
  `client_id` SMALLINT UNSIGNED,
  `alternative_name` VARCHAR(128),
  `licence_type` VARCHAR(128),
  `alt_reference` SMALLINT UNSIGNED,
  `comment` VARCHAR(512),
  `scope` ENUM("","RED","GREEN","AMBER"),
  `created_at` DATETIME,
  `updated_at` DATETIME,
  PRIMARY KEY (`id`)
); 

INSERT INTO `servers` VALUES
(1,'BLACKBERRY',2,'BLACKBERRY','TSM standard Tivoli licence (STL)',1,'','GREEN','2010-05-11 09:55:27','2010-05-11 09:55:27'),
(2,'',2,'BLACKBERRY_SQL','TSM standard Tivoli licence (STL)',2,'not a server','AMBER','2010-05-11 09:55:27','2010-05-11 09:55:27'),
(3,'BLACKBERRYDMZ',2,'BLACKBERRYDMZ','TSM standard Tivoli licence (STL)',3,'','GREEN','2010-05-11 09:55:27','2010-05-11 09:55:27'),
(4,'BUSINESSOBJECTS',2,'BUSINESSOBJECTS','TSM standard Tivoli licence (STL)',4,'','GREEN','2010-05-11 09:55:27','2010-05-11 09:55:27'),
(5,'CARPARKS',2,'CARPARKS','TSM standard Tivoli licence (STL)',5,'','GREEN','2010-05-11 09:55:27','2010-05-11 09:55:27'),
(6,'',2,'CARPARKS_SQL','TSM standard Tivoli licence (STL)',6,'not a server','AMBER','2010-05-11 09:55:27','2010-05-11 09:55:27'),
(7,'CFRMIS',2,'CFRMIS','TSM standard Tivoli licence (STL)',7,'','GREEN','2010-05-11 09:55:27','2010-05-11 09:55:27'),
(8,'',2,'CFRMIS_SQL','TSM standard Tivoli licence (STL)',8,'not a server','AMBER','2010-05-11 09:55:27','2010-05-11 09:55:27'),
(9,'CTISERVER',2,'CTISERVER','TSM standard Tivoli licence (STL)',9,'','GREEN','2010-05-11 09:55:27','2010-05-11 09:55:27'),
(10,'CTXFR001',2,'CTXFR001','TSM standard Tivoli licence (STL)',10,'','GREEN','2010-05-11 09:55:27','2010-05-11 09:55:27'),
(11,'CTXHW001',2,'CTXHW001','TSM standard Tivoli licence (STL)',11,'','GREEN','2010-05-11 09:55:27','2010-05-11 09:55:27'),
(12,'CTXHW002',2,'CTXHW002','TSM standard Tivoli licence (STL)',12,'','GREEN','2010-05-11 09:55:27','2010-05-11 09:55:27'),
(13,'',2,'DIP_GROUP','TSM standard Tivoli licence (STL)',13,'not a server','AMBER','2010-05-11 09:55:27','2010-05-11 09:55:27'),
(14,'',2,'DIP_SHARES','TSM standard Tivoli licence (STL)',14,'not a server','AMBER','2010-05-11 09:55:27','2010-05-11 09:55:27'),
(15,'DIP1',2,'DIP1','TSM standard Tivoli licence (STL)',15,'','GREEN','2010-05-11 09:55:27','2010-05-11 09:55:27'),
(16,'DIP2',2,'DIP2','TSM standard Tivoli licence (STL)',16,'','GREEN','2010-05-11 09:55:27','2010-05-11 09:55:27'),
(17,'',2,'DISNEY_GROUP','TSM standard Tivoli licence (STL)',17,'not a server','AMBER','2010-05-11 09:55:27','2010-05-11 09:55:27'),
(18,'',2,'DISNEY_SHARES','TSM standard Tivoli licence (STL)',18,'not a server','AMBER','2010-05-11 09:55:27','2010-05-11 09:55:27'),
(19,'DONALD',2,'DONALD','TSM standard Tivoli licence (STL)',19,'','GREEN','2010-05-11 09:55:27','2010-05-11 09:55:27'),
(20,'GOOFY',2,'GOOFY','TSM standard Tivoli licence (STL)',20,'','GREEN','2010-05-11 09:55:27','2010-05-11 09:55:27'),
(21,'MICKEY',2,'MICKEY','TSM standard Tivoli licence (STL)',21,'','GREEN','2010-05-11 09:55:27','2010-05-11 09:55:27'),
(22,'EDUNT-3',2,'EDUNT-3','TSM standard Tivoli licence (STL)',22,'','GREEN','2010-05-11 09:55:27','2010-05-11 09:55:27'),
(23,'EDUNT-FIZ',2,'EDUNT-FIZ','TSM standard Tivoli licence (STL)',23,'','GREEN','2010-05-11 09:55:27','2010-05-11 09:55:27'),
(24,'EPICENTRE',2,'EPICENTRE','TSM standard Tivoli licence (STL)',24,'','GREEN','2010-05-11 09:55:27','2010-05-11 09:55:27'),
(25,'CORVUREP',2,'CORVUREP','TSM standard Tivoli licence (STL)',25,'','GREEN','2010-05-11 09:55:27','2010-05-11 09:55:27'),
(26,'DEVLGOL',2,'DEVLGOL','TSM standard Tivoli licence (STL)',26,'','GREEN','2010-05-11 09:55:27','2010-05-11 09:55:27'),
(27,'FARM1TEST',2,'FARM1TEST','TSM standard Tivoli licence (STL)',27,'','GREEN','2010-05-11 09:55:27','2010-05-11 09:55:27'),
(28,'',2,'FARM1TEST_SQL','TSM standard Tivoli licence (STL)',28,'not a server','AMBER','2010-05-11 09:55:27','2010-05-11 09:55:27'),
(29,'FIRE',2,'FIRE','TSM standard Tivoli licence (STL)',29,'','GREEN','2010-05-11 09:55:27','2010-05-11 09:55:27'),
(30,'IWCEPO4',2,'IWCEPO4','TSM standard Tivoli licence (STL)',30,'','GREEN','2010-05-11 09:55:27','2010-05-11 09:55:27');

DROP TABLE IF EXISTS `sessions`;

CREATE TABLE `sessions`(
	`id` SMALLINT UNSIGNED NOT NULL AUTO_INCREMENT,
	`session_id` VARCHAR(256) NOT NULL,
	`data` TEXT,
  `created_at` DATETIME,
  `updated_at` DATETIME,
	PRIMARY KEY (`id`)
);

INSERT INTO `sessions` VALUES
(1,"","","",""),
(2,"","","",""),
(3,"","","","");

DROP TABLE IF EXISTS `users`;

CREATE TABLE `users` (
	`id`	SMALLINT UNSIGNED NOT NULL AUTO_INCREMENT,
	`name` VARCHAR(64) NOT NULL,
	`email` VARCHAR(128) NOT NULL,
	`role` VARCHAR(48) NOT NULL,
	`client_id`	SMALLINT,
	`crypted_password` VARCHAR(256),
	`password_salt` VARCHAR(256),
	`persistence_token` VARCHAR(256),
	`created_at` DATETIME,
	`updated_at` DATETIME,
	PRIMARY KEY (`id`)
);

INSERT INTO `users` VALUES(1,'duncan','duncan.smith@sameclat.com','admin',1,'a9eb68b19ca177bb9390484bcb18077b3a8c725d2cd9b91d9ed95bb3644b0aedeee9e7a176bc990b11cee2873c12adaf3f098e8668f93d1b8057c443931595b9','5a8wyjsIyKIztIGMjqRl',0,'2010-04-20 14:07:07','2010-04-20 14:07:07'),
(2,'john','john.springall@sameclat.com','admin',2,'2314bed3e92f00f9b0e2eac0c74f5fefc61fdbfdfc67fab3fd4f15f7bf0b642a7d204310b17b26416dc6f4a62e2721c3fa5f55b065fb7a931ec9d87c023e3508','4WAj-Subnz06HiU0ASwG',0,'2010-04-20 14:07:07','2010-04-20 14:07:07'),
(3,'fraz','fraz.hamid@sameclat.com','admin',2,'9bb51d932c527dc83cd5b3ea2ce96c166258d81f0dff146c689b9e2c46735f4376579245967ab1e03ca505e0a322c61a48bfde598caba4a1df50ca17e2741965','Acy2xGODHCEZh05bELpu',0,'2010-04-20 14:07:07','2010-04-20 14:07:07'),
(4,'tim','tim.collis@sameclat.com','admin',2,'95a72263b0affc65abb9a85b427cab17d552c975ff8f2a810d18e14225ec1805a01f944ab11b249234d3587559a213a149aef123707307bb1e2c7d02ab168f39','8leQruhRbGLxPB_EWMvD',0,'2010-04-20 14:07:07','2010-04-20 14:07:07'),
(5,'admin','admin@sameclat.com','admin',2,'4e17a991c62470639abc5f7a7e9f0eb99b2e8eb46e2520e68636afdf5f0c26060e1200eb5b3424a87157291575b674ad12a170df17a70beabe95ce1c4d5616b1','f1mvaOl0YOR_n0qoDRS8',0,'2010-04-20 14:07:07','2010-04-20 14:07:07'),
(6,'client','client@sameclat.com','client',2,'ba3ff0b7cb5e376a343f2e930f374934d0a80f4c2b74cddf91ab1b44f0cc6a696b230a80ed7509882812a93af0631be861796fc83fb48e7594b4c4f5ab106fe9','Rt6wZ07E_5zW-xyerPAB',0,'2010-04-20 14:07:07','2010-04-20 14:07:07'),
(7,'clientmaintainer','clientmaintainer@sameclat.com','clientmaintainer',2,'625057bcc44ea3710c2152ce87c81d1739d4faa768b978f72b044b03ac7e7c4eaef3f4c1871d780a342caf09fd3b5c7ce2896e28f3f97f7281509d178e0692a8','1lvy8He6F2QaemGnrzWW',0,'2010-04-20 14:07:07','2010-04-20 14:07:07');

DROP TABLE IF EXISTS `versions`;

CREATE TABLE `versions`(
	`id` SMALLINT UNSIGNED NOT NULL AUTO_INCREMENT,
	`name` VARCHAR(256),
	`fullname` VARCHAR(256),
	`product_id` SMALLINT,
	`serial` VARCHAR(256),
	`language` VARCHAR(256),
  `created_at` DATETIME,
  `updated_at` DATETIME,
	PRIMARY KEY (`id`)
);

INSERT INTO `versions` VALUES
(1,'Acrobat Reader','Acrobat Reader 9.0',1,982993839928,'EN','27/05/2010 11:25','27/05/2010 11:25'),
(2,'Acrobat Reader','Acrobat Reader Pro 8.2',1,982993839928,'EN','27/05/2010 11:25','27/05/2010 11:25'),
(3,'Acrobat Reader','Acrobat Reader Pro 9.0',1,982993839928,'EN','27/05/2010 11:25','27/05/2010 11:25'),
(4,'Photoshop','Photoshop CS3',2,982993839928,'EN','27/05/2010 11:25','27/05/2010 11:25'),
(5,'Photoshop','Photoshop CS4',2,982993839928,'EN','27/05/2010 11:25','27/05/2010 11:25'),
(6,'Photoshop','Photoshop Elements CS4',2,982993839928,'EN','27/05/2010 11:25','27/05/2010 11:25'),
(7,'Illustrator','CS2',3,982993839928,'EN','27/05/2010 11:26','27/05/2010 11:26'),
(8,'Illustrator','CS3',3,982993839928,'EN','27/05/2010 11:35','27/05/2010 12:08'),
(9,'Illustrator','CS4',3,982993839928,'EN','27/05/2010 11:35','27/05/2010 12:08'),
(10,'AutoCAD 3',3,4,982993839928,'EN','27/05/2010 11:35','27/05/2010 12:09'),
(11,'AutoCAD 3.2',3.2,4,982993839928,'EN','27/05/2010 11:35','27/05/2010 12:09'),
(12,'AutoCAD 4.0',4,4,982993839928,'EN','27/05/2010 11:35','27/05/2010 12:09'),
(13,'Maya',2,5,982993839928,'EN','27/05/2010 11:35','27/05/2010 12:09'),
(14,'Maya',3,5,982993839928,'EN','27/05/2010 11:35','27/05/2010 12:09'),
(15,'Maya',5,5,982993839928,'EN','27/05/2010 11:35','27/05/2010 12:09'),
(16,'Inventor',1.8,6,982993839928,'EN','27/05/2010 11:35','27/05/2010 12:09'),
(17,'Inventor',1.9,6,982993839928,'EN','27/05/2010 11:35','27/05/2010 12:09'),
(18,'Inventor',2.1,6,982993839928,'EN','27/05/2010 11:35','27/05/2010 12:09'),
(19,'TrapTester',2.3,7,982993839928,'EN','27/05/2010 11:35','27/05/2010 12:09'),
(20,'TrapTester',2.4,7,982993839928,'EN','27/05/2010 11:35','27/05/2010 12:09'),
(21,'TrapTester',2.6,7,982993839928,'EN','27/05/2010 11:35','27/05/2010 12:09'),
(22,'EarthGrid',5,8,982993839928,'EN','27/05/2010 11:35','27/05/2010 12:09'),
(23,'EarthGrid',5.1,8,982993839928,'EN','27/05/2010 11:35','27/05/2010 12:09'),
(24,'EarthGrid',5.5,8,982993839928,'EN','27/05/2010 11:35','27/05/2010 12:09'),
(25,'Triangle',7.87,9,982993839928,'EN','27/05/2010 11:35','27/05/2010 12:09'),
(26,'Triangle',7.9,9,982993839928,'EN','27/05/2010 11:35','27/05/2010 12:09'),
(27,'Triangle',8.1,9,982993839928,'EN','27/05/2010 11:35','27/05/2010 12:09'),
(28,'Audit Logger',2.1,10,982993839928,'EN','27/05/2010 11:35','27/05/2010 12:09'),
(29,'Audit Logger',2.3,10,982993839928,'EN','27/05/2010 11:35','27/05/2010 12:09'),
(30,'Audit Logger',3.1,10,982993839928,'EN','27/05/2010 11:35','27/05/2010 12:09'),
(31,'Apps Manager',3.1,11,982993839928,'EN','27/05/2010 11:35','27/05/2010 12:09'),
(32,'Apps Manager',3.4,11,982993839928,'EN','27/05/2010 11:35','27/05/2010 12:09'),
(33,'Apps Manager',4.2,11,982993839928,'EN','27/05/2010 11:35','27/05/2010 12:09'),
(34,'OTCTrader IM',4.7,12,982993839928,'EN','27/05/2010 11:35','27/05/2010 12:09'),
(35,'OTCTrader IM',4.9,12,982993839928,'EN','27/05/2010 11:35','27/05/2010 12:09'),
(36,'OTCTrader IM',5.2,12,982993839928,'EN','27/05/2010 11:35','27/05/2010 12:09'),
(37,'FO',2.1,13,982993839928,'EN','27/05/2010 11:35','27/05/2010 12:09'),
(38,'FO',2.2,13,982993839928,'EN','27/05/2010 11:35','27/05/2010 12:09'),
(39,'FO',2.3,13,982993839928,'EN','27/05/2010 11:35','27/05/2010 12:09'),
(40,'BackOffice',2.6,14,982993839928,'EN','27/05/2010 11:35','27/05/2010 12:09'),
(41,'BackOffice',2.8,14,982993839928,'EN','27/05/2010 11:35','27/05/2010 12:09'),
(42,'BackOffice',3.2,14,982993839928,'EN','27/05/2010 11:35','27/05/2010 12:09'),
(43,'Enterprise',7.7,15,982993839928,'EN','27/05/2010 11:35','27/05/2010 12:09'),
(44,'Enterprise',7.8,15,982993839928,'EN','27/05/2010 11:35','27/05/2010 12:09'),
(45,'Enterprise',8.1,15,982993839928,'EN','27/05/2010 11:35','27/05/2010 12:09'),
(46,'PowerCenter',5,16,982993839928,'EN','27/05/2010 11:35','27/05/2010 12:09'),
(47,'PowerCenter',6,16,982993839928,'EN','27/05/2010 11:35','27/05/2010 12:09'),
(48,'PowerCenter',7,16,982993839928,'EN','27/05/2010 11:35','27/05/2010 12:09'),
(49,'RulePoint',1,17,982993839928,'EN','27/05/2010 11:35','27/05/2010 12:09'),
(50,'RulePoint',2,17,982993839928,'EN','27/05/2010 11:35','27/05/2010 12:09'),
(51,'RulePoint',3,17,982993839928,'EN','27/05/2010 11:35','27/05/2010 12:09'),
(52,'Power Exchange',4,18,982993839928,'EN','27/05/2010 11:35','27/05/2010 12:09'),
(53,'Power Exchange',4.3,18,982993839928,'EN','27/05/2010 11:35','27/05/2010 12:09'),
(54,'Power Exchange',5,18,982993839928,'EN','27/05/2010 11:35','27/05/2010 12:09'),
(55,'WebFocus',6,19,982993839928,'EN','27/05/2010 11:35','27/05/2010 12:09'),
(56,'WebFocus',6.2,19,982993839928,'EN','27/05/2010 11:35','27/05/2010 12:09'),
(57,'WebFocus',7,19,982993839928,'EN','27/05/2010 11:35','27/05/2010 12:09'),
(58,'WebFocus PM',2,20,982993839928,'EN','27/05/2010 11:35','27/05/2010 12:09'),
(59,'WebFocus PM',2.1,20,982993839928,'EN','27/05/2010 11:35','27/05/2010 12:09'),
(60,'WebFocus PM',2.2,20,982993839928,'EN','27/05/2010 11:35','27/05/2010 12:09'),
(61,'WebFocus Magnify',3,21,982993839928,'EN','27/05/2010 11:35','27/05/2010 12:09'),
(62,'WebFocus Magnify',3.1,21,982993839928,'EN','27/05/2010 11:35','27/05/2010 12:09'),
(63,'WebFocus Magnify',3.2,21,982993839928,'EN','27/05/2010 11:35','27/05/2010 12:09'),
(64,'ECM',4,22,982993839928,'EN','27/05/2010 11:35','27/05/2010 12:09'),
(65,'ECM',4.1,22,982993839928,'EN','27/05/2010 11:35','27/05/2010 12:09'),
(66,'ECM',4.2,22,982993839928,'EN','27/05/2010 11:35','27/05/2010 12:09'),
(67,'ECM DM',5,23,982993839928,'EN','27/05/2010 11:35','27/05/2010 12:09'),
(68,'ECM DM',5.1,23,982993839928,'EN','27/05/2010 11:35','27/05/2010 12:09'),
(69,'ECM DM',5.2,23,982993839928,'EN','27/05/2010 11:35','27/05/2010 12:09'),
(70,'ECM Suite',3,24,982993839928,'EN','27/05/2010 11:35','27/05/2010 12:09'),
(71,'ECM Suite',3.1,24,982993839928,'EN','27/05/2010 11:35','27/05/2010 12:09'),
(72,'ECM Suite',3.2,24,982993839928,'EN','27/05/2010 11:35','27/05/2010 12:09'),
(73,'P6 Enterprise','P6 1.0',25,982993839928,'EN','27/05/2010 11:35','27/05/2010 12:09'),
(74,'P6 Enterprise','P6 1.2',25,982993839928,'EN','27/05/2010 11:35','27/05/2010 12:09'),
(75,'P6 Enterprise','P6 2.3',25,982993839928,'EN','27/05/2010 11:35','27/05/2010 12:09'),
(76,'P6 Pro PM','P6 Pro 5',26,982993839928,'EN','27/05/2010 11:35','27/05/2010 12:09'),
(77,'P6 Pro PM','P6 Pro 6',26,982993839928,'EN','27/05/2010 11:35','27/05/2010 12:09'),
(78,'P6 Pro PM','P6 Pro 6.5',26,982993839928,'EN','27/05/2010 11:35','27/05/2010 12:09'),
(79,'Contract Management','CM 2',27,982993839928,'EN','27/05/2010 11:35','27/05/2010 12:09'),
(80,'Contract Management','CM 3',27,982993839928,'EN','27/05/2010 11:35','27/05/2010 12:09'),
(81,'Contract Management','CM 4',27,982993839928,'EN','27/05/2010 11:35','27/05/2010 12:09'),
(82,'Toad for Oracle',4.3,28,982993839928,'EN','27/05/2010 11:35','27/05/2010 12:09'),
(83,'Toad for Oracle',4.4,28,982993839928,'EN','27/05/2010 11:35','27/05/2010 12:09'),
(84,'Toad for Oracle',5.1,28,982993839928,'EN','27/05/2010 11:35','27/05/2010 12:09'),
(85,'Toad for SQLServer',4.4,29,982993839928,'EN','27/05/2010 11:35','27/05/2010 12:09'),
(86,'Toad for SQLServer',5.2,29,982993839928,'EN','27/05/2010 11:35','27/05/2010 12:09'),
(87,'Toad for SQLServer',5.4,29,982993839928,'EN','27/05/2010 11:35','27/05/2010 12:09'),
(88,'Spotlight',6,30,982993839928,'EN','27/05/2010 11:35','27/05/2010 12:09'),
(89,'Spotlight',6.1,30,982993839928,'EN','27/05/2010 11:35','27/05/2010 12:09'),
(90,'Spotlight',7,30,982993839928,'EN','27/05/2010 11:35','27/05/2010 12:09'),
(91,'Sales Cloud 2',33,31,982993839928,'EN','27/05/2010 11:35','27/05/2010 12:09'),
(92,'Sales Cloud 2',35,31,982993839928,'EN','27/05/2010 11:35','27/05/2010 12:09'),
(93,'Sales Cloud 2',37,31,982993839928,'EN','27/05/2010 11:35','27/05/2010 12:09'),
(94,'Small Business',40,32,982993839928,'EN','27/05/2010 11:35','27/05/2010 12:09'),
(95,'Small Business',42,32,982993839928,'EN','27/05/2010 11:35','27/05/2010 12:09'),
(96,'Small Business',44,32,982993839928,'EN','27/05/2010 11:35','27/05/2010 12:09'),
(97,'Service Cloud 2',55,33,982993839928,'EN','27/05/2010 11:35','27/05/2010 12:09'),
(98,'Service Cloud 2',57,33,982993839928,'EN','27/05/2010 11:35','27/05/2010 12:09'),
(99,'Service Cloud 2',59,33,982993839928,'EN','27/05/2010 11:35','27/05/2010 12:09'),
(100,'SAS Base','SASB 3',34,982993839928,'EN','27/05/2010 11:35','27/05/2010 12:09'),
(101,'SAS Base','SASB 4',34,982993839928,'EN','27/05/2010 11:35','27/05/2010 12:09'),
(102,'SAS Base','SASB 6',34,982993839928,'EN','27/05/2010 11:35','27/05/2010 12:09'),
(103,'DataFlux','DF 1',35,982993839928,'EN','27/05/2010 11:35','27/05/2010 12:09'),
(104,'DataFlux','DF 2',35,982993839928,'EN','27/05/2010 11:35','27/05/2010 12:09'),
(105,'DataFlux','DF 4',35,982993839928,'EN','27/05/2010 11:35','27/05/2010 12:09'),
(106,'SAS/SECURE','SASS 5',36,982993839928,'EN','27/05/2010 11:35','27/05/2010 12:09'),
(107,'SAS/SECURE','SASS 5.5',36,982993839928,'EN','27/05/2010 11:35','27/05/2010 12:09'),
(108,'SAS/SECURE','SASS 6.0',36,982993839928,'EN','27/05/2010 11:35','27/05/2010 12:09'),
(109,'ECM SCM','SCM 2',37,982993839928,'EN','27/05/2010 11:35','27/05/2010 12:09'),
(110,'ECM SCM','SCM 2.3',37,982993839928,'EN','27/05/2010 11:35','27/05/2010 12:09'),
(111,'ECM SCM','SCM 2.5',37,982993839928,'EN','27/05/2010 11:35','27/05/2010 12:09'),
(112,'ECM NCM','NCM 4',38,982993839928,'EN','27/05/2010 11:35','27/05/2010 12:09'),
(113,'ECM NCM','NCM 4.4',38,982993839928,'EN','27/05/2010 11:35','27/05/2010 12:09'),
(114,'ECM NCM','NCM 5',38,982993839928,'EN','27/05/2010 11:35','27/05/2010 12:09'),
(115,'ECM CAM','CAM 1',39,982993839928,'EN','27/05/2010 11:35','27/05/2010 12:09'),
(116,'ECM CAM','CAM 1.5',39,982993839928,'EN','27/05/2010 11:35','27/05/2010 12:09'),
(117,'ECM CAM','CAM 1.8',39,982993839928,'EN','27/05/2010 11:35','27/05/2010 12:09'),
(118,'HPC Cloud','C 5',40,982993839928,'EN','27/05/2010 11:35','27/05/2010 12:09'),
(119,'HPC Cloud','C 6',40,982993839928,'EN','27/05/2010 11:35','27/05/2010 12:09'),
(120,'HPC Cloud','C 7',40,982993839928,'EN','27/05/2010 11:35','27/05/2010 12:09'),
(121,'Cyclone BIO','C BIO 1',41,982993839928,'EN','27/05/2010 11:35','27/05/2010 12:09'),
(122,'Cyclone BIO','C BIO 2',41,982993839928,'EN','27/05/2010 11:35','27/05/2010 12:09'),
(123,'Cyclone BIO','C BIO 3',41,982993839928,'EN','27/05/2010 11:35','27/05/2010 12:09'),
(124,'Cyclone CFD','C CFD 7',42,982993839928,'EN','27/05/2010 11:35','27/05/2010 12:09'),
(125,'Cyclone CFD','C CFD 8',42,982993839928,'EN','27/05/2010 11:35','27/05/2010 12:09'),
(126,'Cyclone CFD','C CFD 8.1',42,982993839928,'EN','27/05/2010 11:35','27/05/2010 12:09'),
(127,'MATLAB','MATLAB 5',43,982993839928,'EN','27/05/2010 11:35','27/05/2010 12:09'),
(128,'MATLAB','MATLAB 6',43,982993839928,'EN','27/05/2010 11:35','27/05/2010 12:09'),
(129,'MATLAB','MATLAB 7.10',43,982993839928,'EN','27/05/2010 11:35','27/05/2010 12:09'),
(130,'SimEvents','SE 4',44,982993839928,'EN','27/05/2010 11:35','27/05/2010 12:09'),
(131,'SimEvents','SE 5',44,982993839928,'EN','27/05/2010 11:35','27/05/2010 12:09'),
(132,'SimEvents','SE 6.3',44,982993839928,'EN','27/05/2010 11:35','27/05/2010 12:09'),
(133,'StateFlow','SF 2',45,982993839928,'EN','27/05/2010 11:35','27/05/2010 12:09'),
(134,'StateFlow','SF 3',45,982993839928,'EN','27/05/2010 11:35','27/05/2010 12:09'),
(135,'StateFlow','SF 4',45,982993839928,'EN','27/05/2010 11:35','27/05/2010 12:09'),
(136,'Triton','T 5',46,982993839928,'EN','27/05/2010 11:35','27/05/2010 12:09'),
(137,'Triton','T 6',46,982993839928,'EN','27/05/2010 11:35','27/05/2010 12:09'),
(138,'Triton','T 7',46,982993839928,'EN','27/05/2010 11:35','27/05/2010 12:09'),
(139,'DataSecurity Suite','DSS 3',47,982993839928,'EN','27/05/2010 11:35','27/05/2010 12:09'),
(140,'DataSecurity Suite','DSS 8',47,982993839928,'EN','27/05/2010 11:35','27/05/2010 12:09'),
(141,'DataSecurity Suite','DSS 9',47,982993839928,'EN','27/05/2010 11:35','27/05/2010 12:09'),
(142,'Data Discovery Suite','DDS 1',48,982993839928,'EN','27/05/2010 11:35','27/05/2010 12:09'),
(143,'Data Discovery Suite','DDS 2',48,982993839928,'EN','27/05/2010 11:35','27/05/2010 12:09'),
(144,'Data Discovery Suite','DDS 3',48,982993839928,'EN','27/05/2010 11:35','27/05/2010 12:09'),
(145,'Windows XP','SP 1',49,982993839928,'EN','27/05/2010 11:35','27/05/2010 12:09'),
(146,'Windows XP','SP 2',49,982993839928,'EN','27/05/2010 11:35','27/05/2010 12:09'),
(147,'Windows 7','W 1.6',49,982993839928,'EN','27/05/2010 11:35','27/05/2010 12:09'),
(148,'Office',2003,50,982993839928,'EN','27/05/2010 11:35','27/05/2010 12:09'),
(149,'Office',2007,50,982993839928,'EN','27/05/2010 11:35','27/05/2010 12:09'),
(150,'Office',2010,50,982993839928,'EN','27/05/2010 11:35','27/05/2010 12:09'),
(151,'Internet Explorer','IE 6',51,982993839928,'EN','27/05/2010 11:35','27/05/2010 12:09'),
(152,'Internet Explorer','IE 7',51,982993839928,'EN','27/05/2010 11:35','27/05/2010 12:09'),
(153,'Internet Explorer','IE 8',51,982993839928,'EN','27/05/2010 11:35','27/05/2010 12:09');


