DROP TABLE IF EXISTS `assets`;

CREATE TABLE `assets`(
	`id` SMALLINT UNSIGNED NOT NULL AUTO_INCREMENT,
	`name` VARCHAR(256) NOT NULL,
  `serial` VARCHAR(256) ,
  `assetnumber` VARCHAR(256),
  `deploymentstatus` VARCHAR(256),
  `asset_label` VARCHAR(256),
  `created_at` DATETIME,
  `updated_at` DATETIME,
  PRIMARY KEY (`id`)
);

INSERT INTO `assets` VALUES
(1, "CI-55577","YBER087308","241728","Current","","",""),
(2, "Pocket_PC","P2CK5030QMS","240796","","","",""),
(3, "DI-39984","UYSO982735","566372","Current","","",""),
(4, "Pocket_PC","HDJSK738272","302993","","","",""),
(5, "FY-37483","TYSU839920","576446","Current","","",""),
(6, "Pocket_PC","TSID263782S","444306","","","",""),
(7, "WS-99283","WSPO983300","548839","Current","","",""),
(8, "Pocket_PC","QDXR748392Y","332441","","","",""),
(9, "CI-55577","WWPO011139","664430","Current","","",""),
(10, "Pocket_PC","EEOI112334X","233220","","","","");

DROP TABLE IF EXISTS `assets_devices`;

CREATE TABLE `assets_devices`(
	`asset_id` SMALLINT UNSIGNED NOT NULL,
	`device_id` SMALLINT UNSIGNED NOT NULL
);

DROP TABLE IF EXISTS `clients`;

CREATE TABLE `clients` (
	`id`	SMALLINT UNSIGNED NOT NULL AUTO_INCREMENT,
  `name` VARCHAR(256),
  `created_at` DATETIME,
  `updated_at` DATETIME,
  PRIMARY KEY (`id`)
);

INSERT INTO `clients` VALUES
(1,'Global Oil Inc.','2010-05-25 09:25:55','2010-05-25 09:25:55'),
(2,'Walford Council','2010-05-25 09:25:55','2010-05-25 09:25:55'),
(3,'Redbrick University','2010-05-25 09:25:55','2010-05-25 09:25:55'),
(4,'Satellite Ltd','2010-05-25 09:25:55','2010-05-25 09:25:55'),
(5,'General Hydroelectric','2010-05-25 09:25:55','2010-05-25 09:25:55');


DROP TABLE IF EXISTS `compliances`;

CREATE TABLE `compliances` (
	`id`	SMALLINT UNSIGNED NOT NULL AUTO_INCREMENT,
	`product` VARCHAR(256) NOT NULL,
	`edition` VARCHAR(256),
	`entitlement_qty` TEXT,
	`installs` SMALLINT,
	`value` FLOAT,
	`unit_cost` FLOAT,
	`entitlement_status` ENUM("RED","AMBER","GREEN"), 
	`compliance` SMALLINT,
	`compliance_value` FLOAT,
	`compliance_status` ENUM("RED","AMBER","GREEN"),
	`created_at` DATETIME,
	`updated_at` DATETIME,
	PRIMARY KEY (`id`)
);

INSERT INTO `compliances` VALUES
(1, "3dsmax ancillary install", "1",                "0",     1, 0.0, 0.0,          "GREEN", -1, 0.0, "RED", "2010-03-16 12:41:13", "2010-03-22 15:54:12"),
(2, "ACTRIX TECHNICAL",         "1",                "0",     0, 303.0, 303.0,      "AMBER",  1, 303.0, "GREEN", "2010-03-16 12:41:13", "2010-03-22 15:54:12"),
(3, "ANIMATOR STUDIO",          "V1.1",             "1.1",   1, 476.0, 476.0,      "AMBER",  1, 476.0, "GREEN", "2010-03-16 12:41:13", "2010-03-22 15:54:12"),
(4, "AOLP AutoCAD",             "LT 2002 MP LVL-B", "2002",  35,17185.0, 491.0,    "AMBER", 35, 17185.0, "GREEN", "2010-03-16 12:41:13", "2010-03-22 15:54:12"),
(5, "AutoCAD",                  "15.0",             "0",     30,0.0, 0.0,          "RED",   -30, 0.0, "RED", "2010-03-16 12:41:13", "2010-03-22 15:54:12"),
(6, "AutoCAD",                  "2000",             "2000",  59, 0.0, 0.0,      "GREEN", -59, 0.0, "RED", "2010-03-16 12:41:13", "2010-03-22 15:54:12"),
(7, "AutoCAD",                  "2000i",            "2000i", 66, 0.0, 0.0,      "AMBER", -66, 0.0, "RED", "2010-03-16 12:41:13", "2010-03-22 15:54:12");


DROP TABLE IF EXISTS `countries`;
CREATE TABLE `countries` (
	`id`	SMALLINT UNSIGNED NOT NULL AUTO_INCREMENT,
  `country` VARCHAR(256),
	`iso_code` VARCHAR(3),
	PRIMARY KEY (`id`)
);
INSERT INTO `countries` VALUES
(1,'Afghanistan','AF'),
(2,'Åland Islands','AX'),
(3,'Albania','AL'),
(4,'Algeria','DZ'),
(5,'American Samoa','AS'),
(6,'Andorra','AD'),
(7,'Angola','AO'),
(8,'Anguilla','AI'),
(9,'Antarctica','AQ'),
(10,'Antigua and Barbuda','AG'),
(11,'Argentina','AR'),
(12,'Armenia','AM'),
(13,'Aruba','AW'),
(14,'Australia','AU'),
(15,'Austria','AT'),
(16,'Azerbaijan','AZ'),
(17,'Bahamas','BS'),
(18,'Bahrain','BH'),
(19,'Bangladesh','BD'),
(20,'Barbados','BB'),
(21,'Belarus','BY'),
(22,'Belgium','BE'),
(23,'Belize','BZ'),
(24,'Benin','BJ'),
(25,'Bermuda','BM'),
(26,'Bhutan','BT'),
(27,'Bolivia','BO'),
(28,'Bosnia and Herzegovina','BA'),
(29,'Botswana','BW'),
(30,'Bouvet Island','BV'),
(31,'Brazil','BR'),
(32,'British Indian Ocean Territory','IO'),
(33,'Brunei Darussalam','BN'),
(34,'Bulgaria','BG'),
(35,'Burkina Faso','BF'),
(36,'Burundi','BI'),
(37,'Cambodia','KH'),
(38,'Cameroon','CM'),
(39,'Canada','CA'),
(40,'Cape Verde','CV'),
(41,'Cayman Islands','KY'),
(42,'Central African Republic','CF'),
(43,'Chad','TD'),
(44,'Chile','CL'),
(45,'China','CN'),
(46,'Christmas Island','CX'),
(47,'Cocos (Keeling) Islands','CC'),
(48,'Colombia','CO'),
(49,'Comoros','KM'),
(50,'Congo','CG'),
(51,'Congo The Democratic Republic of The','CD'),
(52,'Cook Islands','CK'),
(53,'Costa Rica','CR'),
(54,'Cote D''Ivoire','CI'),
(55,'Croatia','HR'),
(56,'Cuba','CU'),
(57,'Cyprus','CY'),
(58,'Czech Republic','CZ'),
(59,'Denmark','DK'),
(60,'Djibouti','DJ'),
(61,'Dominica','DM'),
(62,'Dominican Republic','DO'),
(63,'Ecuador','EC'),
(64,'Egypt','EG'),
(65,'El Salvador','SV'),
(66,'Equatorial Guinea','GQ'),
(67,'Eritrea','ER'),
(68,'Estonia','EE'),
(69,'Ethiopia','ET'),
(70,'Falkland Islands (Malvinas)','FK'),
(71,'Faroe Islands','FO'),
(72,'Fiji','FJ'),
(73,'Finland','FI'),
(74,'France','FR'),
(75,'French Guiana','GF'),
(76,'French Polynesia','PF'),
(77,'French Southern Territories','TF'),
(78,'Gabon','GA'),
(79,'Gambia','GM'),
(80,'Georgia','GE'),
(81,'Germany','DE'),
(82,'Ghana','GH'),
(83,'Gibraltar','GI'),
(84,'Greece','GR'),
(85,'Greenland','GL'),
(86,'Grenada','GD'),
(87,'Guadeloupe','GP'),
(88,'Guam','GU'),
(89,'Guatemala','GT'),
(90,'Guernsey','GG'),
(91,'Guinea','GN'),
(92,'Guinea-bissau','GW'),
(93,'Guyana','GY'),
(94,'Haiti','HT'),
(95,'Heard Island and Mcdonald Islands','HM'),
(96,'Holy See (Vatican City State)','VA'),
(97,'Honduras','HN'),
(98,'Hong Kong','HK'),
(99,'Hungary','HU'),
(100,'Iceland','IS'),
(101,'India','IN'),
(102,'Indonesia','ID'),
(103,'Iran (Islamic Republic of)','IR'),
(104,'Iraq','IQ'),
(105,'Ireland','IE'),
(106,'Isle of Man','IM'),
(107,'Israel','IL'),
(108,'Italy','IT'),
(109,'Jamaica','JM'),
(110,'Japan','JP'),
(111,'Jersey','JE'),
(112,'Jordan','JO'),
(113,'Kazakhstan','KZ'),
(114,'Kenya','KE'),
(115,'Kiribati','KI'),
(116,'Korea (Democratic People''s Republic of)','KP'),
(117,'Korea (Republic of)','KR'),
(118,'Kuwait','KW'),
(119,'Kyrgyzstan','KG'),
(120,'Lao People''s Democratic Republic','LA'),
(121,'Latvia','LV'),
(122,'Lebanon','LB'),
(123,'Lesotho','LS'),
(124,'Liberia','LR'),
(125,'Libyan Arab Jamahiriya','LY'),
(126,'Liechtenstein','LI'),
(127,'Lithuania','LT'),
(128,'Luxembourg','LU'),
(129,'Macao','MO'),
(130,'Macedonia The Former Yugoslav Republic of','MK'),
(131,'Madagascar','MG'),
(132,'Malawi','MW'),
(133,'Malaysia','MY'),
(134,'Maldives','MV'),
(135,'Mali','ML'),
(136,'Malta','MT'),
(137,'Marshall Islands','MH'),
(138,'Martinique','MQ'),
(139,'Mauritania','MR'),
(140,'Mauritius','MU'),
(141,'Mayotte','YT'),
(142,'Mexico','MX'),
(143,'Micronesia Federated States of','FM'),
(144,'Moldova Republic of','MD'),
(145,'Monaco','MC'),
(146,'Mongolia','MN'),
(147,'Montenegro','ME'),
(148,'Montserrat','MS'),
(149,'Morocco','MA'),
(150,'Mozambique','MZ'),
(151,'Myanmar','MM'),
(152,'Namibia','NA'),
(153,'Nauru','NR'),
(154,'Nepal','NP'),
(155,'Netherlands','NL'),
(156,'Netherlands Antilles','AN'),
(157,'New Caledonia','NC'),
(158,'New Zealand','NZ'),
(159,'Nicaragua','NI'),
(160,'Niger','NE'),
(161,'Nigeria','NG'),
(162,'Niue','NU'),
(163,'Norfolk Island','NF'),
(164,'Northern Mariana Islands','MP'),
(165,'Norway','NO'),
(166,'Oman','OM'),
(167,'Pakistan','PK'),
(168,'Palau','PW'),
(169,'Palestinian Territory Occupied','PS'),
(170,'Panama','PA'),
(171,'Papua New Guinea','PG'),
(172,'Paraguay','PY'),
(173,'Peru','PE'),
(174,'Philippines','PH'),
(175,'Pitcairn','PN'),
(176,'Poland','PL'),
(177,'Portugal','PT'),
(178,'Puerto Rico','PR'),
(179,'Qatar','QA'),
(180,'Reunion','RE'),
(181,'Romania','RO'),
(182,'Russian Federation','RU'),
(183,'Rwanda','RW'),
(184,'Saint Helena','SH'),
(185,'Saint Kitts and Nevis','KN'),
(186,'Saint Lucia','LC'),
(187,'Saint Pierre and Miquelon','PM'),
(188,'Saint Vincent and The Grenadines','VC'),
(189,'Samoa','WS'),
(190,'San Marino','SM'),
(191,'Sao Tome and Principe','ST'),
(192,'Saudi Arabia','SA'),
(193,'Senegal','SN'),
(194,'Serbia','RS'),
(195,'Seychelles','SC'),
(196,'Sierra Leone','SL'),
(197,'Singapore','SG'),
(198,'Slovakia','SK'),
(199,'Slovenia','SI'),
(200,'Solomon Islands','SB'),
(201,'Somalia','SO'),
(202,'South Africa','ZA'),
(203,'South Georgia and The South Sandwich Islands','GS'),
(204,'Spain','ES'),
(205,'Sri Lanka','LK'),
(206,'Sudan','SD'),
(207,'Suriname','SR'),
(208,'Svalbard and Jan Mayen','SJ'),
(209,'Swaziland','SZ'),
(210,'Sweden','SE'),
(211,'Switzerland','CH'),
(212,'Syrian Arab Republic','SY'),
(213,'Taiwan Province of China','TW'),
(214,'Tajikistan','TJ'),
(215,'Tanzania United Republic of','TZ'),
(216,'Thailand','TH'),
(217,'Timor-leste','TL'),
(218,'Togo','TG'),
(219,'Tokelau','TK'),
(220,'Tonga','TO'),
(221,'Trinidad and Tobago','TT'),
(222,'Tunisia','TN'),
(223,'Turkey','TR'),
(224,'Turkmenistan','TM'),
(225,'Turks and Caicos Islands','TC'),
(226,'Tuvalu','TV'),
(227,'Uganda','UG'),
(228,'Ukraine','UA'),
(229,'United Arab Emirates','AE'),
(230,'United Kingdom','GB'),
(231,'United States','US'),
(232,'United States Minor Outlying Islands','UM'),
(233,'Uruguay','UY'),
(234,'Uzbekistan','UZ'),
(235,'Vanuatu','VU'),
(236,'Venezuela','VE'),
(237,'Viet Nam','VN'),
(238,'Virgin Islands British','VG'),
(239,'Virgin Islands U.S.','VI'),
(240,'Wallis and Futuna','WF'),
(241,'Western Sahara','EH'),
(242,'Yemen','YE'),
(243,'Zambia','ZM'),
(244,'Zimbabwe','ZW');



DROP TABLE IF EXISTS `devices`;

CREATE TABLE `devices`(
	`id` SMALLINT UNSIGNED NOT NULL AUTO_INCREMENT,
	`asset_id` SMALLINT NOT NULL,
  `make` VARCHAR(64) ,
  `model` VARCHAR(64),
  `serial` VARCHAR(64) ,
  `network_user_name` VARCHAR(64),
  `node` VARCHAR(64),
  `os` VARCHAR(64),
  `os_service_level` VARCHAR(64),
  `chassis` VARCHAR(64),
	`domain` VARCHAR(64) NOT NULL,
  `ip` VARCHAR(24) ,
  `processor_count` TINYINT,
  `processor_type` VARCHAR(256),
  `processor_speed` TINYINT,
  `ram` SMALLINT,
  `bios_date` DATE,
  `created_at` DATETIME,
  `updated_at` DATETIME,
  `mac_address` VARCHAR(64) ,
  `location_id` SMALLINT ,
  `client_id` SMALLINT ,
  PRIMARY KEY (`id`)
)


INSERT INTO `devices` VALUES
(1,'WXPZ 00000','Dell','Latitude D410','ABCD 123400','User 00000','DCAL08320','Windows XP',2,'Network Portable','Aramis','170.22.33.87',1,'x64 Family 6 Model 15 Stepping 6 Intel Core 2',1733,1024,'14/05/2004','08/06/2010 17:13','08/06/2010 17:13',1,1,1),
(2,'WXPZ 00001','Dell','Latitude D510','ABCD 123401','User 00001','DCAL08321','Windows XP',2,'Network Portable','Aramis','170.22.33.89',1,'x64 Family 6 Model 15 Stepping Intel Core 2',2366,4096,'24/09/2009','08/06/2010 17:13','08/06/2010 17:13',1,1,1),
(3,'WXPZ 00002','Dell','Latitude D510','ABCD 123402','User 00002','ER0034A91','Windows XP',2,'Network Portable','Aramis','170.22.33.62',4,'x64 Family 6 Model 15 Stepping Intel Core 2',1733,2048,'11/07/2008','08/06/2010 17:13','08/06/2010 17:13',1,4,1),
(4,'WXPZ 00003','Dell','Latitude D660','ABCD 123403','User 00003','DCAL08320','Windows 7 Pro',0,'Network Portable','Aramis','170.22.33.37',2,'x64 Family 6 Model 15 Stepping 6 Intel Core 2',2900,4096,'14/02/2010','08/06/2010 17:13','08/06/2010 17:13',2,2,1),
(5,'WXPZ 00004','Dell','Latitude D510','ABCD 123404','User 00004','DCAL08321','Windows XP',2,'Network Portable','Aramis','170.22.33.89',1,'x64 Family 6 Model 15 Stepping Intel Core 2',2366,4096,'24/09/2009','08/06/2010 17:13','08/06/2010 17:13',1,1,1),
(6,'WXPZ 00005','Dell','Latitude D510','ABCD 123405','User 00005','ER0034A91','Windows XP',2,'Network Portable','Aramis','170.22.33.62',4,'x64 Family 6 Model 15 Stepping Intel Core 2',1733,2048,'11/07/2008','08/06/2010 17:13','08/06/2010 17:13',1,4,1),
(7,'WXPZ 00006','Dell','Latitude D410','ABCD 123406','User 00006','DCAL08320','Windows XP',2,'Network Portable','Aramis','170.22.33.87',1,'x64 Family 6 Model 15 Stepping 6 Intel Core 2',1733,1024,'14/05/2004','08/06/2010 17:13','08/06/2010 17:13',1,1,1),
(8,'WXPZ 00007','Dell','Latitude D510','ABCD 123407','User 00007','DCAL08321','Windows XP',2,'Network Portable','Aramis','170.22.33.89',1,'x64 Family 6 Model 15 Stepping Intel Core 2',2366,4096,'24/09/2009','08/06/2010 17:13','08/06/2010 17:13',1,1,1),
(9,'WXPZ 00008','Dell','Latitude D510','ABCD 123408','User 00008','ER0034A91','Windows XP',2,'Network Portable','Aramis','170.22.33.62',4,'x64 Family 6 Model 15 Stepping Intel Core 2',1733,2048,'11/07/2008','08/06/2010 17:13','08/06/2010 17:13',1,4,1),
(10,'WXPZ 00009','Dell','Latitude D410','ABCD 123409','User 00009','DCAL08320','Windows XP',2,'Network Portable','Aramis','170.22.33.87',1,'x64 Family 6 Model 15 Stepping 6 Intel Core 2',1733,1024,'14/05/2004','08/06/2010 17:13','08/06/2010 17:13',1,1,1),
(11,'WXPZ 00010','Dell','Latitude D510','ABCD 123410','User 00010','DCAL08321','Windows XP',2,'Network Portable','Aramis','170.22.33.89',1,'x64 Family 6 Model 15 Stepping Intel Core 2',2366,4096,'24/09/2009','08/06/2010 17:13','08/06/2010 17:13',1,1,1),
(12,'WXPZ 00011','Dell','Latitude D510','ABCD 123411','User 00011','ER0034A91','Windows XP',2,'Network Portable','Aramis','170.22.33.62',4,'x64 Family 6 Model 15 Stepping Intel Core 2',1733,2048,'11/07/2008','08/06/2010 17:13','08/06/2010 17:13',1,4,1),
(13,'WXPZ 00012','Dell','Latitude D660','ABCD 123412','User 00012','DCAL08320','Windows 7 Pro',0,'Network Portable','Aramis','170.22.33.37',2,'x64 Family 6 Model 15 Stepping 6 Intel Core 2',2900,4096,'14/02/2010','08/06/2010 17:13','08/06/2010 17:13',2,2,1),
(14,'WXPZ 00013','Dell','Latitude D510','ABCD 123413','User 00013','DCAL08321','Windows XP',2,'Network Portable','Aramis','170.22.33.89',1,'x64 Family 6 Model 15 Stepping Intel Core 2',2366,4096,'24/09/2009','08/06/2010 17:13','08/06/2010 17:13',1,1,1),
(15,'WXPZ 00014','Dell','Latitude D510','ABCD 123414','User 00014','ER0034A91','Windows XP',2,'Network Portable','Aramis','170.22.33.62',4,'x64 Family 6 Model 15 Stepping Intel Core 2',1733,2048,'11/07/2008','08/06/2010 17:13','08/06/2010 17:13',1,4,1),
(16,'WXPZ 00015','Dell','Latitude D410','ABCD 123415','User 00015','DCAL08320','Windows XP',2,'Network Portable','Aramis','170.22.33.87',1,'x64 Family 6 Model 15 Stepping 6 Intel Core 2',1733,1024,'14/05/2004','08/06/2010 17:13','08/06/2010 17:13',1,1,1),
(17,'WXPZ 00016','Dell','Latitude D510','ABCD 123416','User 00016','DCAL08321','Windows XP',2,'Network Portable','Aramis','170.22.33.89',1,'x64 Family 6 Model 15 Stepping Intel Core 2',2366,4096,'24/09/2009','08/06/2010 17:13','08/06/2010 17:13',1,1,1),
(18,'WXPZ 00017','Dell','Latitude D510','ABCD 123417','User 00017','ER0034A91','Windows XP',2,'Network Portable','Aramis','170.22.33.62',4,'x64 Family 6 Model 15 Stepping Intel Core 2',1733,2048,'11/07/2008','08/06/2010 17:13','08/06/2010 17:13',1,4,1),
(19,'WXPZ 00018','Dell','Latitude D410','ABCD 123418','User 00018','DCAL08320','Windows XP',2,'Network Portable','Aramis','170.22.33.87',1,'x64 Family 6 Model 15 Stepping 6 Intel Core 2',1733,1024,'14/05/2004','08/06/2010 17:13','08/06/2010 17:13',1,1,1),
(20,'WXPZ 00019','Dell','Latitude D510','ABCD 123419','User 00019','DCAL08321','Windows XP',2,'Network Portable','Aramis','170.22.33.89',1,'x64 Family 6 Model 15 Stepping Intel Core 2',2366,4096,'24/09/2009','08/06/2010 17:13','08/06/2010 17:13',1,1,1),
(21,'WXPZ 00020','Dell','Latitude D510','ABCD 123420','User 00020','ER0034A91','Windows XP',2,'Network Portable','Aramis','170.22.33.62',4,'x64 Family 6 Model 15 Stepping Intel Core 2',1733,2048,'11/07/2008','08/06/2010 17:13','08/06/2010 17:13',1,4,1),
(22,'WXPZ 00021','Dell','Latitude D660','ABCD 123421','User 00021','DCAL08320','Windows 7 Pro',0,'Network Portable','Aramis','170.22.33.37',2,'x64 Family 6 Model 15 Stepping 6 Intel Core 2',2900,4096,'14/02/2010','08/06/2010 17:13','08/06/2010 17:13',2,2,1),
(23,'WXPZ 00022','Dell','Latitude D510','ABCD 123422','User 00022','DCAL08321','Windows XP',2,'Network Portable','Aramis','170.22.33.89',1,'x64 Family 6 Model 15 Stepping Intel Core 2',2366,4096,'24/09/2009','08/06/2010 17:13','08/06/2010 17:13',1,1,1),
(24,'WXPZ 00023','Dell','Latitude D510','ABCD 123423','User 00023','ER0034A91','Windows XP',2,'Network Portable','Aramis','170.22.33.62',4,'x64 Family 6 Model 15 Stepping Intel Core 2',1733,2048,'11/07/2008','08/06/2010 17:13','08/06/2010 17:13',1,4,1),
(25,'WXPZ 00024','Dell','Latitude D410','ABCD 123424','User 00024','DCAL08320','Windows XP',2,'Network Portable','Aramis','170.22.33.87',1,'x64 Family 6 Model 15 Stepping 6 Intel Core 2',1733,1024,'14/05/2004','08/06/2010 17:13','08/06/2010 17:13',1,1,1),
(26,'WXPZ 00025','Dell','Latitude D510','ABCD 123425','User 00025','DCAL08321','Windows XP',2,'Network Portable','Aramis','170.22.33.89',1,'x64 Family 6 Model 15 Stepping Intel Core 2',2366,4096,'24/09/2009','08/06/2010 17:13','08/06/2010 17:13',1,1,1),
(27,'WXPZ 00026','Dell','Latitude D510','ABCD 123426','User 00026','ER0034A91','Windows XP',2,'Network Portable','Aramis','170.22.33.62',4,'x64 Family 6 Model 15 Stepping Intel Core 2',1733,2048,'11/07/2008','08/06/2010 17:13','08/06/2010 17:13',1,4,1),
(28,'WXPZ 00027','Linux','HP 7632','ABCD 123427','User 00027','ER0034A91','Ubuntu 10.4',10,'Network Fixed','Vector','175.12.32.69',4,'x64 Family 4 Model 24 Intel Core 4',2533,4096,'11/09/2010','08/06/2010 17:13','08/06/2010 17:13',1,4,1),
(29,'WXPZ 00028','Linux','HP 7633','ABCD 123428','User 00028','ER0034A92','Ubuntu 10.4',10,'Network Fixed','Vector','185.12.31.01',4,'x64 Family 4 Model 24 Intel Core 5',2533,4096,'12/09/2010','08/06/2010 17:13','08/06/2010 17:13',1,5,2),
(30,'WXPZ 00029','Linux','HP 7634','ABCD 123429','User 00029','ER0034A93','Ubuntu 10.4',10,'Network Fixed','Vector','185.12.31.02',4,'x64 Family 4 Model 24 Intel Core 6',2533,4096,'13/09/2010','08/06/2010 17:13','08/06/2010 17:13',1,6,2),
(31,'WXPZ 00030','Linux','HP 7635','ABCD 123430','User 00030','ER0034A94','Ubuntu 10.4',10,'Network Fixed','Vector','185.12.31.03',4,'x64 Family 4 Model 24 Intel Core 7',2533,4096,'14/09/2010','08/06/2010 17:13','08/06/2010 17:13',1,6,2),
(32,'WXPZ 00031','Linux','HP 7636','ABCD 123431','User 00031','ER0034A95','Ubuntu 10.4',10,'Network Fixed','Vector','185.12.31.04',4,'x64 Family 4 Model 24 Intel Core 8',2533,4096,'15/09/2010','08/06/2010 17:13','08/06/2010 17:13',1,4,2),
(33,'WXPZ 00032','Linux','HP 7637','ABCD 123432','User 00032','ER0034A96','Ubuntu 10.4',10,'Network Fixed','Vector','185.12.31.05',4,'x64 Family 4 Model 24 Intel Core 9',2533,4096,'16/09/2010','08/06/2010 17:13','08/06/2010 17:13',1,3,2),
(34,'WXPZ 00033','Linux','HP 7638','ABCD 123433','User 00033','ER0034A97','Ubuntu 10.4',10,'Network Fixed','Vector','185.12.31.06',4,'x64 Family 4 Model 24 Intel Core 10',2533,4096,'2010-06-10','08/06/2010 17:13','2010-06-10 14:40:17',1,2,2),
(35,'WXPZ 00034','Linux','HP 7639','ABCD 123434','User 00034','ER0034A98','Ubuntu 10.4',10,'Network Fixed','Vector','185.12.31.07',4,'x64 Family 4 Model 24 Intel Core 11',2533,4096,'18/09/2010','08/06/2010 17:13','08/06/2010 17:13',1,1,2),
(36,'WXPZ 00035','Linux','HP 7640','ABCD 123435','User 00035','ER0034A99','Ubuntu 10.4',10,'Network Fixed','Vector','185.12.31.08',4,'x64 Family 4 Model 24 Intel Core 12',2533,4096,'19/09/2010','08/06/2010 17:13','08/06/2010 17:13',1,2,2),
(37,'WXPZ 00036','Linux','HP 7641','ABCD 123436','User 00036','ER0034A100','Ubuntu 10.4',10,'Network Fixed','Vector','185.12.31.09',4,'x64 Family 4 Model 24 Intel Core 13',2533,4096,'20/09/2010','08/06/2010 17:13','08/06/2010 17:13',1,3,2),
(38,'WXPZ 00037','Linux','HP 7642','ABCD 123437','User 00037','ER0034A101','Ubuntu 10.4',10,'Network Fixed','Vector','185.12.31.10',4,'x64 Family 4 Model 24 Intel Core 14',2533,4096,'21/09/2010','08/06/2010 17:13','08/06/2010 17:13',1,4,2),
(39,'WXPZ 00038','Linux','HP 7643','ABCD 123438','User 00038','ER0034A102','Ubuntu 10.5',11,'Network Fixed','Vector','185.12.31.11',4,'x64 Family 4 Model 24 Intel Core 15',2533,4096,'21/09/2010','08/06/2010 17:13','08/06/2010 17:13',1,5,2),
(40,'WXPZ 00039','Linux','HP 7644','ABCD 123439','User 00039','ER0034A103','Ubuntu 10.6',12,'Network Fixed','Vector','185.12.31.12',4,'x64 Family 4 Model 24 Intel Core 16',2533,4096,'21/09/2010','08/06/2010 17:13','08/06/2010 17:13',1,4,2),
(41,'WXPZ 00040','Linux','HP 7645','ABCD 123440','User 00040','ER0034A104','Ubuntu 10.7',13,'Network Fixed','Vector','185.12.31.13',4,'x64 Family 4 Model 24 Intel Core 17',2533,4096,'21/09/2010','08/06/2010 17:13','08/06/2010 17:13',1,3,2),
(42,'WXPZ 00041','Linux','HP 7646','ABCD 123441','User 00041','ER0034A105','Ubuntu 10.8',14,'Network Fixed','Vector','185.12.31.14',4,'x64 Family 4 Model 24 Intel Core 18',2533,4096,'21/09/2010','08/06/2010 17:13','08/06/2010 17:13',1,2,2),
(43,'WXPZ 00042','Linux','HP 7647','ABCD 123442','User 00042','ER0034A106','Ubuntu 10.9',15,'Network Fixed','Vector','185.12.31.15',4,'x64 Family 4 Model 24 Intel Core 19',2533,4096,'21/09/2010','08/06/2010 17:13','08/06/2010 17:13',1,2,2),
(44,'WXPZ 00043','Linux','HP 7648','ABCD 123443','User 00043','ER0034A107','Ubuntu 10.10',16,'Network Fixed','Vector','185.12.31.16',4,'x64 Family 4 Model 24 Intel Core 20',2533,4096,'21/09/2010','08/06/2010 17:13','08/06/2010 17:13',1,2,2),
(45,'WXPZ 00044','Linux','HP 7649','ABCD 123444','User 00044','ER0034A108','Ubuntu 10.11',17,'Network Fixed','Vector','185.12.31.17',4,'x64 Family 4 Model 24 Intel Core 21',2533,4096,'21/09/2010','08/06/2010 17:13','08/06/2010 17:13',1,2,2),
(46,'WXPZ 00045','Linux','HP 7650','ABCD 123445','User 00045','ER0034A109','Ubuntu 10.12',18,'Network Fixed','Vector','185.12.31.18',4,'x64 Family 4 Model 24 Intel Core 22',2533,4096,'21/09/2010','08/06/2010 17:13','08/06/2010 17:13',1,2,2),
(47,'WXPZ 00046','Linux','HP 7651','ABCD 123446','User 00046','ER0034A110','Ubuntu 10.13',19,'Network Fixed','Vector','185.12.31.19',4,'x64 Family 4 Model 24 Intel Core 23',2533,4096,'21/09/2010','08/06/2010 17:13','08/06/2010 17:13',1,2,2),
(48,'WXPZ 00047','Linux','HP 7652','ABCD 123447','User 00047','ER0034A111','Ubuntu 10.14',20,'Network Fixed','Vector','185.12.31.20',4,'x64 Family 4 Model 24 Intel Core 24',2533,4096,'21/09/2010','08/06/2010 17:13','08/06/2010 17:13',1,2,2),
(49,'WXPZ 00048','Linux','HP 7653','ABCD 123448','User 00048','ER0034A112','Ubuntu 10.15',21,'Network Fixed','Vector','185.12.31.21',4,'x64 Family 4 Model 24 Intel Core 25',2533,4096,'21/09/2010','08/06/2010 17:13','08/06/2010 17:13',1,2,2),
(50,'WXPZ 00049','Linux','HP 7654','ABCD 123449','User 00049','ER0034A113','Ubuntu 10.16',22,'Network Fixed','Vector','185.12.31.22',4,'x64 Family 4 Model 24 Intel Core 26',2533,4096,'21/09/2010','08/06/2010 17:13','08/06/2010 17:13',1,2,2),
(51,'WXPZ 00050','Linux','HP 7655','ABCD 123450','User 00050','ER0034A114','Ubuntu 10.17',23,'Network Fixed','Vector','185.12.31.23',4,'x64 Family 4 Model 24 Intel Core 27',2533,4096,'21/09/2010','08/06/2010 17:13','08/06/2010 17:13',1,2,2),
(52,'WXPZ 00051','Linux','HP 7656','ABCD 123451','User 00051','ER0034A115','Ubuntu 10.18',24,'Network Fixed','Vector','185.12.31.24',4,'x64 Family 4 Model 24 Intel Core 28',2533,4096,'21/09/2010','08/06/2010 17:13','08/06/2010 17:13',1,2,2),
(53,'WXPZ 00052','Linux','HP 7657','ABCD 123452','User 00052','ER0034A116','Ubuntu 10.19',25,'Network Fixed','Vector','185.12.31.25',4,'x64 Family 4 Model 24 Intel Core 29',2533,4096,'21/09/2010','08/06/2010 17:13','08/06/2010 17:13',1,3,2),
(54,'WXPZ 00053','Linux','HP 7658','ABCD 123453','User 00053','ER0034A117','Ubuntu 10.20',26,'Network Fixed','Vector','185.12.31.26',4,'x64 Family 4 Model 24 Intel Core 30',2533,4096,'21/09/2010','08/06/2010 17:13','08/06/2010 17:13',1,3,2),
(55,'WXPZ 00054','Linux','HP 7659','ABCD 123454','User 00054','ER0034A118','Ubuntu 10.21',27,'Network Fixed','Vector','185.12.31.27',4,'x64 Family 4 Model 24 Intel Core 31',2533,4096,'21/09/2010','08/06/2010 17:13','08/06/2010 17:13',1,3,2),
(56,'WXPZ 00055','Linux','HP 7660','ABCD 123455','User 00055','ER0034A119','Ubuntu 10.22',28,'Network Fixed','Vector','185.12.31.28',4,'x64 Family 4 Model 24 Intel Core 32',2533,4096,'21/09/2010','08/06/2010 17:13','08/06/2010 17:13',1,3,2),
(57,'WXPZ 00056','Linux','HP 7661','ABCD 123456','User 00056','ER0034A120','Ubuntu 10.23',29,'Network Fixed','Vector','185.12.31.29',4,'x64 Family 4 Model 24 Intel Core 33',2533,4096,'21/09/2010','08/06/2010 17:13','08/06/2010 17:13',1,3,2),
(58,'WXPZ 00057','Linux','HP 7662','ABCD 123457','User 00057','ER0034A121','Ubuntu 10.24',30,'Network Fixed','Vector','185.12.31.30',4,'x64 Family 4 Model 24 Intel Core 34',2533,4096,'21/09/2010','08/06/2010 17:13','08/06/2010 17:13',1,4,2),
(59,'WXPZ 00058','Linux','HP 7663','ABCD 123458','User 00058','ER0034A122','Ubuntu 10.25',31,'Network Fixed','Vector','185.12.31.31',4,'x64 Family 4 Model 24 Intel Core 35',2533,4096,'21/09/2010','08/06/2010 17:13','08/06/2010 17:13',1,4,2),
(60,'WXPZ 00059','Linux','HP 7664','ABCD 123459','User 00059','ER0034A123','Ubuntu 10.26',32,'Network Fixed','Vector','185.12.31.32',4,'x64 Family 4 Model 24 Intel Core 36',2533,4096,'21/09/2010','08/06/2010 17:13','08/06/2010 17:13',1,4,2),
(61,'WXPZ 00060','Linux','HP 7665','ABCD 123460','User 00060','ER0034A124','Ubuntu 10.27',33,'Network Fixed','Vector','185.12.31.33',4,'x64 Family 4 Model 24 Intel Core 37',2533,4096,'21/09/2010','08/06/2010 17:13','08/06/2010 17:13',1,4,2),
(62,'WXPZ 00061','Linux','HP 7666','ABCD 123461','User 00061','ER0034A125','Ubuntu 10.28',34,'Network Fixed','Vector','185.12.31.34',4,'x64 Family 4 Model 24 Intel Core 38',2533,4096,'21/09/2010','08/06/2010 17:13','08/06/2010 17:13',1,4,2),
(63,'WXPZ 00062','Linux','HP 7667','ABCD 123462','User 00062','ER0034A126','Ubuntu 10.29',35,'Network Fixed','Vector','185.12.31.35',4,'x64 Family 4 Model 24 Intel Core 39',2533,4096,'21/09/2010','08/06/2010 17:13','08/06/2010 17:13',1,4,2),
(64,'WXPZ 00063','Linux','HP 7668','ABCD 123463','User 00063','ER0034A127','Ubuntu 10.30',36,'Network Fixed','Vector','185.12.31.36',4,'x64 Family 4 Model 24 Intel Core 40',2533,4096,'21/09/2010','08/06/2010 17:13','08/06/2010 17:13',1,4,2),
(65,'WXPZ 00064','Linux','HP 7669','ABCD 123464','User 00064','ER0034A128','Ubuntu 10.31',37,'Network Fixed','Vector','185.12.31.37',4,'x64 Family 4 Model 24 Intel Core 41',2533,4096,'21/09/2010','08/06/2010 17:13','08/06/2010 17:13',1,4,2),
(66,'WXPZ 00065','Linux','HP 7670','ABCD 123465','User 00065','ER0034A129','Ubuntu 10.32',38,'Network Fixed','Vector','185.12.31.38',4,'x64 Family 4 Model 24 Intel Core 42',2533,4096,'21/09/2010','08/06/2010 17:13','08/06/2010 17:13',1,4,2),
(67,'WXPZ 00066','Linux','HP 7671','ABCD 123466','User 00066','ER0034A130','Ubuntu 10.33',39,'Network Fixed','Vector','185.12.31.39',4,'x64 Family 4 Model 24 Intel Core 43',2533,4096,'21/09/2010','08/06/2010 17:13','08/06/2010 17:13',1,5,2),
(68,'WXPZ 00067','Linux','HP 7672','ABCD 123467','User 00067','ER0034A131','Ubuntu 10.34',40,'Network Fixed','Vector','185.12.31.40',4,'x64 Family 4 Model 24 Intel Core 44',2533,4096,'21/09/2010','08/06/2010 17:13','08/06/2010 17:13',1,5,2),
(69,'WXPZ 00068','Linux','HP 7673','ABCD 123468','User 00068','ER0034A132','Ubuntu 10.35',41,'Network Fixed','Vector','185.12.31.41',4,'x64 Family 4 Model 24 Intel Core 45',2533,4096,'21/09/2010','08/06/2010 17:13','08/06/2010 17:13',1,5,2),
(70,'WXPZ 00069','Linux','HP 7674','ABCD 123469','User 00069','ER0034A133','Ubuntu 10.36',42,'Network Fixed','Vector','185.12.31.42',4,'x64 Family 4 Model 24 Intel Core 46',2533,4096,'21/09/2010','08/06/2010 17:13','08/06/2010 17:13',1,5,2),
(71,'WXPZ 00070','Linux','HP 7675','ABCD 123470','User 00070','ER0034A134','Ubuntu 10.37',43,'Network Fixed','Vector','185.12.31.43',4,'x64 Family 4 Model 24 Intel Core 47',2533,4096,'21/09/2010','08/06/2010 17:13','08/06/2010 17:13',1,5,2),
(72,'WXPZ 00071','Linux','HP 7676','ABCD 123471','User 00071','ER0034A135','Ubuntu 10.38',44,'Network Fixed','Vector','185.12.31.44',4,'x64 Family 4 Model 24 Intel Core 48',2533,4096,'21/09/2010','08/06/2010 17:13','08/06/2010 17:13',1,5,2),
(73,'WXPZ 00072','Linux','HP 7677','ABCD 123472','User 00072','ER0034A136','Ubuntu 10.39',45,'Network Fixed','Vector','185.12.31.45',4,'x64 Family 4 Model 24 Intel Core 49',2533,4096,'21/09/2010','08/06/2010 17:13','08/06/2010 17:13',1,5,2),
(74,'WXPZ 00073','Linux','HP 7678','ABCD 123473','User 00073','ER0034A137','Ubuntu 10.40',46,'Network Fixed','Vector','185.12.31.46',4,'x64 Family 4 Model 24 Intel Core 50',2533,4096,'21/09/2010','08/06/2010 17:13','08/06/2010 17:13',1,5,2),
(75,'WXPZ 00074','Linux','HP 7679','ABCD 123474','User 00074','ER0034A138','Ubuntu 10.41',47,'Network Fixed','Vector','185.12.31.47',4,'x64 Family 4 Model 24 Intel Core 51',2533,4096,'21/09/2010','08/06/2010 17:13','08/06/2010 17:13',1,5,2),
(76,'WXPZ 00075','Linux','HP 7680','ABCD 123475','User 00075','ER0034A139','Ubuntu 10.42',48,'Network Fixed','Vector','185.12.31.48',4,'x64 Family 4 Model 24 Intel Core 52',2533,4096,'21/09/2010','08/06/2010 17:13','08/06/2010 17:13',1,5,2),
(77,'WXPZ 00076','Linux','HP 7681','ABCD 123476','User 00076','ER0034A140','Ubuntu 10.43',49,'Network Fixed','Vector','185.12.31.49',4,'x64 Family 4 Model 24 Intel Core 53',2533,4096,'21/09/2010','08/06/2010 17:13','08/06/2010 17:13',1,5,2),
(78,'WXPZ 00077','Linux','HP 7682','ABCD 123477','User 00077','ER0034A141','Ubuntu 10.44',50,'Network Fixed','Vector','185.12.31.50',4,'x64 Family 4 Model 24 Intel Core 54',2533,4096,'21/09/2010','08/06/2010 17:13','08/06/2010 17:13',1,5,2),
(79,'WXPZ 00078','Linux','HP 7683','ABCD 123478','User 00078','ER0034A142','Ubuntu 10.45',51,'Network Fixed','Vector','185.12.31.51',4,'x64 Family 4 Model 24 Intel Core 55',2533,4096,'21/09/2010','08/06/2010 17:13','08/06/2010 17:13',1,6,2),
(80,'WXPZ 00079','Linux','HP 7684','ABCD 123479','User 00079','ER0034A143','Ubuntu 10.46',52,'Network Fixed','Vector','185.12.31.52',4,'x64 Family 4 Model 24 Intel Core 56',2533,4096,'21/09/2010','08/06/2010 17:13','08/06/2010 17:13',1,6,2),
(81,'WXPZ 00080','Linux','HP 7685','ABCD 123480','User 00080','ER0034A144','Ubuntu 10.47',53,'Network Fixed','Vector','185.12.31.53',4,'x64 Family 4 Model 24 Intel Core 57',2533,4096,'21/09/2010','08/06/2010 17:13','08/06/2010 17:13',1,6,2),
(82,'WXPZ 00081','Linux','HP 7686','ABCD 123481','User 00081','ER0034A145','Ubuntu 10.48',54,'Network Fixed','Vector','185.12.31.54',4,'x64 Family 4 Model 24 Intel Core 58',2533,4096,'21/09/2010','08/06/2010 17:13','08/06/2010 17:13',1,6,2),
(83,'WXPZ 00082','Linux','HP 7687','ABCD 123482','User 00082','ER0034A146','Ubuntu 10.49',55,'Network Fixed','Vector','185.12.31.55',4,'x64 Family 4 Model 24 Intel Core 59',2533,4096,'21/09/2010','08/06/2010 17:13','08/06/2010 17:13',1,6,2),
(84,'WXPZ 00083','Linux','HP 7688','ABCD 123483','User 00083','ER0034A147','Ubuntu 10.50',56,'Network Fixed','Vector','185.12.31.56',4,'x64 Family 4 Model 24 Intel Core 60',2533,4096,'21/09/2010','08/06/2010 17:13','08/06/2010 17:13',1,6,2),
(85,'WXPZ 00084','Linux','HP 7689','ABCD 123484','User 00084','ER0034A148','Ubuntu 10.51',57,'Network Fixed','Vector','185.12.31.57',4,'x64 Family 4 Model 24 Intel Core 61',2533,4096,'21/09/2010','08/06/2010 17:13','08/06/2010 17:13',1,6,2),
(86,'WXPZ 00085','Linux','HP 7690','ABCD 123485','User 00085','ER0034A149','Ubuntu 10.52',58,'Network Fixed','Vector','185.12.31.58',4,'x64 Family 4 Model 24 Intel Core 62',2533,4096,'21/09/2010','08/06/2010 17:13','08/06/2010 17:13',1,6,2),
(87,'WXPZ 00086','Linux','HP 7691','ABCD 123486','User 00086','ER0034A150','Ubuntu 10.53',59,'Network Fixed','Vector','185.12.31.59',4,'x64 Family 4 Model 24 Intel Core 63',2533,4096,'21/09/2010','08/06/2010 17:13','08/06/2010 17:13',1,6,2),
(88,'WXPZ 00087','Linux','HP 7692','ABCD 123487','User 00087','ER0034A151','Ubuntu 10.54',60,'Network Fixed','Vector','185.12.31.60',4,'x64 Family 4 Model 24 Intel Core 64',2533,4096,'21/09/2010','08/06/2010 17:13','08/06/2010 17:13',1,6,2),
(89,'WXPZ 00088','Linux','HP 7693','ABCD 123488','User 00088','ER0034A152','Ubuntu 10.55',61,'Network Fixed','Vector','185.12.31.61',4,'x64 Family 4 Model 24 Intel Core 65',2533,4096,'21/09/2010','08/06/2010 17:13','08/06/2010 17:13',1,6,2),
(90,'WXPZ 00089','Linux','HP 7694','ABCD 123489','User 00089','ER0034A153','Ubuntu 10.56',62,'Network Fixed','Vector','185.12.31.62',4,'x64 Family 4 Model 24 Intel Core 66',2533,4096,'21/09/2010','08/06/2010 17:13','08/06/2010 17:13',1,6,2),
(91,'WXPZ 00090','Linux','HP 7695','ABCD 123490','User 00090','ER0034A154','Ubuntu 10.57',63,'Network Fixed','Vector','185.12.31.63',4,'x64 Family 4 Model 24 Intel Core 67',2533,4096,'21/09/2010','08/06/2010 17:13','08/06/2010 17:13',1,7,2),
(92,'WXPZ 00091','Linux','HP 7696','ABCD 123491','User 00091','ER0034A155','Ubuntu 10.58',64,'Network Fixed','Vector','185.12.31.64',4,'x64 Family 4 Model 24 Intel Core 68',2533,4096,'21/09/2010','08/06/2010 17:13','08/06/2010 17:13',1,7,2),
(93,'WXPZ 00092','Linux','HP 7697','ABCD 123492','User 00092','ER0034A156','Ubuntu 10.59',65,'Network Fixed','Vector','185.12.31.65',4,'x64 Family 4 Model 24 Intel Core 69',2533,4096,'21/09/2010','08/06/2010 17:13','08/06/2010 17:13',1,7,2),
(94,'WXPZ 00093','Linux','HP 7698','ABCD 123493','User 00093','ER0034A157','Ubuntu 10.60',66,'Network Fixed','Vector','185.12.31.66',4,'x64 Family 4 Model 24 Intel Core 70',2533,4096,'21/09/2010','08/06/2010 17:13','08/06/2010 17:13',1,7,2),
(95,'WXPZ 00094','Linux','HP 7699','ABCD 123494','User 00094','ER0034A158','Ubuntu 10.61',67,'Network Fixed','Vector','185.12.31.67',4,'x64 Family 4 Model 24 Intel Core 71',2533,4096,'21/09/2010','08/06/2010 17:13','08/06/2010 17:13',1,7,2),
(96,'WXPZ 00095','Linux','HP 7700','ABCD 123495','User 00095','ER0034A159','Ubuntu 10.62',68,'Network Fixed','Vector','185.12.31.68',4,'x64 Family 4 Model 24 Intel Core 72',2533,4096,'21/09/2010','08/06/2010 17:13','08/06/2010 17:13',1,7,2),
(97,'WXPZ 00096','Linux','HP 7701','ABCD 123496','User 00096','ER0034A160','Ubuntu 10.63',69,'Network Fixed','Vector','185.12.31.69',4,'x64 Family 4 Model 24 Intel Core 73',2533,4096,'21/09/2010','08/06/2010 17:13','08/06/2010 17:13',1,7,2),
(98,'WXPZ 00097','Linux','HP 7702','ABCD 123497','User 00097','ER0034A161','Ubuntu 10.64',70,'Network Fixed','Vector','185.12.31.70',4,'x64 Family 4 Model 24 Intel Core 74',2533,4096,'21/09/2010','08/06/2010 17:13','08/06/2010 17:13',1,7,2),
(99,'WXPZ 00098','Linux','HP 7703','ABCD 123498','User 00098','ER0034A162','Ubuntu 10.65',71,'Network Fixed','Vector','185.12.31.71',4,'x64 Family 4 Model 24 Intel Core 75',2533,4096,'21/09/2010','08/06/2010 17:13','08/06/2010 17:13',1,7,2),
(100,'WXPZ 00099','Linux','HP 7704','ABCD 123499','User 00099','ER0034A163','Ubuntu 10.66',72,'Network Fixed','Vector','185.12.31.72',4,'x64 Family 4 Model 24 Intel Core 76',2533,4096,'21/09/2010','08/06/2010 17:13','08/06/2010 17:13',1,7,2),
(101,'WXPZ 00100','Linux','HP 7705','ABCD 123500','User 00100','ER0034A164','Ubuntu 10.67',73,'Network Fixed','Vector','185.12.31.73',4,'x64 Family 4 Model 24 Intel Core 77',2533,4096,'21/09/2010','08/06/2010 17:13','08/06/2010 17:13',1,7,2),
(102,'WXPZ 00101','Linux','HP 7706','ABCD 123501','User 00101','ER0034A165','Ubuntu 10.68',74,'Network Fixed','Vector','185.12.31.74',4,'x64 Family 4 Model 24 Intel Core 78',2533,4096,'21/09/2010','08/06/2010 17:13','08/06/2010 17:13',1,6,2),
(103,'WXPZ 00102','Linux','HP 7707','ABCD 123502','User 00102','ER0034A166','Ubuntu 10.69',75,'Network Fixed','Vector','185.12.31.75',4,'x64 Family 4 Model 24 Intel Core 79',2533,4096,'21/09/2010','08/06/2010 17:13','08/06/2010 17:13',1,6,2),
(104,'WXPZ 00103','Linux','HP 7708','ABCD 123503','User 00103','ER0034A167','Ubuntu 10.70',76,'Network Fixed','Vector','185.12.31.76',4,'x64 Family 4 Model 24 Intel Core 80',2533,4096,'21/09/2010','08/06/2010 17:13','08/06/2010 17:13',1,6,2),
(105,'WXPZ 00104','Linux','HP 7709','ABCD 123504','User 00104','ER0034A168','Ubuntu 10.71',77,'Network Fixed','Vector','185.12.31.77',4,'x64 Family 4 Model 24 Intel Core 81',2533,4096,'21/09/2010','08/06/2010 17:13','08/06/2010 17:13',1,6,2),
(106,'WXPZ 00105','Linux','HP 7710','ABCD 123505','User 00105','ER0034A169','Ubuntu 10.72',78,'Network Fixed','Vector','185.12.31.78',4,'x64 Family 4 Model 24 Intel Core 82',2533,4096,'21/09/2010','08/06/2010 17:13','08/06/2010 17:13',1,6,2),
(107,'WXPZ 00106','Linux','HP 7711','ABCD 123506','User 00106','ER0034A170','Ubuntu 10.73',79,'Network Fixed','Vector','185.12.31.79',4,'x64 Family 4 Model 24 Intel Core 83',2533,4096,'21/09/2010','08/06/2010 17:13','08/06/2010 17:13',1,6,2),
(108,'WXPZ 00107','Linux','HP 7712','ABCD 123507','User 00107','ER0034A171','Ubuntu 10.74',80,'Network Fixed','Vector','185.12.31.80',4,'x64 Family 4 Model 24 Intel Core 84',2533,4096,'21/09/2010','08/06/2010 17:13','08/06/2010 17:13',1,6,2),
(109,'WXPZ 00108','Linux','HP 7713','ABCD 123508','User 00108','ER0034A172','Ubuntu 10.75',81,'Network Fixed','Vector','185.12.31.81',4,'x64 Family 4 Model 24 Intel Core 85',2533,4096,'21/09/2010','08/06/2010 17:13','08/06/2010 17:13',1,6,2),
(110,'WXPZ 00109','Linux','HP 7714','ABCD 123509','User 00109','ER0034A173','Ubuntu 10.76',82,'Network Fixed','Vector','185.12.31.82',4,'x64 Family 4 Model 24 Intel Core 86',2533,4096,'21/09/2010','08/06/2010 17:13','08/06/2010 17:13',1,6,2),
(111,'WXPZ 00110','Linux','HP 7715','ABCD 123510','User 00110','ER0034A174','Ubuntu 10.77',83,'Network Fixed','Vector','185.12.31.83',4,'x64 Family 4 Model 24 Intel Core 87',2533,4096,'21/09/2010','08/06/2010 17:13','08/06/2010 17:13',1,6,2),
(112,'WXPZ 00111','Linux','HP 7716','ABCD 123511','User 00111','ER0034A175','Ubuntu 10.78',84,'Network Fixed','Vector','185.12.31.84',4,'x64 Family 4 Model 24 Intel Core 88',2533,4096,'21/09/2010','08/06/2010 17:13','08/06/2010 17:13',1,6,2),
(113,'WXPZ 00112','Linux','HP 7717','ABCD 123512','User 00112','ER0034A176','Ubuntu 10.79',85,'Network Fixed','Vector','185.12.31.85',4,'x64 Family 4 Model 24 Intel Core 89',2533,4096,'21/09/2010','08/06/2010 17:13','08/06/2010 17:13',1,6,2),
(114,'WXPZ 00113','Linux','HP 7718','ABCD 123513','User 00113','ER0034A177','Ubuntu 10.80',86,'Network Fixed','Vector','185.12.31.86',4,'x64 Family 4 Model 24 Intel Core 90',2533,4096,'21/09/2010','08/06/2010 17:13','08/06/2010 17:13',1,5,2),
(115,'WXPZ 00114','Linux','HP 7719','ABCD 123514','User 00114','ER0034A178','Ubuntu 10.81',87,'Network Fixed','Vector','185.12.31.87',4,'x64 Family 4 Model 24 Intel Core 91',2533,4096,'21/09/2010','08/06/2010 17:13','08/06/2010 17:13',1,5,2),
(116,'WXPZ 00115','Linux','HP 7720','ABCD 123515','User 00115','ER0034A179','Ubuntu 10.82',88,'Network Fixed','Vector','185.12.31.88',4,'x64 Family 4 Model 24 Intel Core 92',2533,4096,'21/09/2010','08/06/2010 17:13','08/06/2010 17:13',1,1,2),
(117,'WXPZ 00116','Linux','HP 7721','ABCD 123516','User 00116','ER0034A180','Ubuntu 10.83',89,'Network Fixed','Vector','185.12.31.89',4,'x64 Family 4 Model 24 Intel Core 93',2533,4096,'21/09/2010','08/06/2010 17:13','08/06/2010 17:13',1,1,2),
(118,'WXPZ 00117','Linux','HP 7722','ABCD 123517','User 00117','ER0034A181','Ubuntu 10.84',90,'Network Fixed','Vector','185.12.31.90',4,'x64 Family 4 Model 24 Intel Core 94',2533,4096,'21/09/2010','08/06/2010 17:13','08/06/2010 17:13',1,5,2),
(119,'WXPZ 00118','Linux','HP 7723','ABCD 123518','User 00118','ER0034A182','Ubuntu 10.85',91,'Network Fixed','Vector','185.12.31.91',4,'x64 Family 4 Model 24 Intel Core 95',2533,4096,'21/09/2010','08/06/2010 17:13','08/06/2010 17:13',1,5,2),
(120,'WXPZ 00119','Linux','HP 7724','ABCD 123519','User 00119','ER0034A183','Ubuntu 10.86',92,'Network Fixed','Vector','185.12.31.92',4,'x64 Family 4 Model 24 Intel Core 96',2533,4096,'21/09/2010','08/06/2010 17:13','08/06/2010 17:13',1,5,2),
(121,'WXPZ 00120','Linux','HP 7725','ABCD 123520','User 00120','ER0034A184','Ubuntu 10.87',93,'Network Fixed','Vector','185.12.31.93',4,'x64 Family 4 Model 24 Intel Core 97',2533,4096,'21/09/2010','08/06/2010 17:13','08/06/2010 17:13',1,2,2),
(122,'WXPZ 00121','Linux','HP 7726','ABCD 123521','User 00121','ER0034A185','Ubuntu 10.88',94,'Network Fixed','Vector','185.12.31.94',4,'x64 Family 4 Model 24 Intel Core 98',2533,4096,'21/09/2010','08/06/2010 17:13','08/06/2010 17:13',1,2,2),
(123,'WXPZ 00122','Linux','HP 7727','ABCD 123522','User 00122','ER0034A186','Ubuntu 10.89',95,'Network Fixed','Vector','185.12.31.95',4,'x64 Family 4 Model 24 Intel Core 99',2533,4096,'21/09/2010','08/06/2010 17:13','08/06/2010 17:13',1,2,2),
(124,'WXPZ 00123','Linux','HP 7728','ABCD 123523','User 00123','ER0034A187','Ubuntu 10.90',96,'Network Fixed','Vector','185.12.31.96',4,'x64 Family 4 Model 24 Intel Core 100',2533,4096,'21/09/2010','08/06/2010 17:13','08/06/2010 17:13',1,2,2),
(125,'WXPZ 00124','Linux','HP 7729','ABCD 123524','User 00124','ER0034A188','Ubuntu 10.91',97,'Network Fixed','Vector','185.12.31.97',4,'x64 Family 4 Model 24 Intel Core 101',2533,4096,'21/09/2010','08/06/2010 17:13','08/06/2010 17:13',1,2,2),
(126,'WXPZ 00125','Linux','HP 7730','ABCD 123525','User 00125','ER0034A189','Ubuntu 10.92',98,'Network Fixed','Vector','185.12.31.98',4,'x64 Family 4 Model 24 Intel Core 102',2533,4096,'21/09/2010','08/06/2010 17:13','08/06/2010 17:13',1,2,2),
(127,'WXPZ 00126','Linux','HP 7731','ABCD 123526','User 00126','ER0034A190','Ubuntu 10.93',99,'Network Fixed','Vector','185.12.31.99',4,'x64 Family 4 Model 24 Intel Core 103',2533,4096,'21/09/2010','08/06/2010 17:13','08/06/2010 17:13',1,2,2),
(128,'WXPZ 00127','Linux','HP 7732','ABCD 123527','User 00127','ER0034A191','Ubuntu 10.94',100,'Network Fixed','Vector','185.12.31.100',4,'x64 Family 4 Model 24 Intel Core 104',2533,4096,'21/09/2010','08/06/2010 17:13','08/06/2010 17:13',1,2,2),
(129,'WXPZ 00128','Linux','HP 7733','ABCD 123528','User 00128','ER0034A192','Ubuntu 10.95',101,'Network Fixed','Vector','185.12.31.101',4,'x64 Family 4 Model 24 Intel Core 105',2533,4096,'21/09/2010','08/06/2010 17:13','08/06/2010 17:13',1,2,2),
(130,'WXPZ 00129','Linux','HP 7734','ABCD 123529','User 00129','ER0034A193','Ubuntu 10.96',102,'Network Fixed','Vector','185.12.31.102',4,'x64 Family 4 Model 24 Intel Core 106',2533,4096,'21/09/2010','08/06/2010 17:13','08/06/2010 17:13',1,2,2),
(131,'WXPZ 00130','Linux','HP 7735','ABCD 123530','User 00130','ER0034A194','Ubuntu 10.97',103,'Network Fixed','Vector','185.12.31.103',4,'x64 Family 4 Model 24 Intel Core 107',2533,4096,'21/09/2010','08/06/2010 17:13','08/06/2010 17:13',1,2,2),
(132,'WXPZ 00131','Linux','HP 7736','ABCD 123531','User 00131','ER0034A195','Ubuntu 10.98',104,'Network Fixed','Vector','185.12.31.104',4,'x64 Family 4 Model 24 Intel Core 108',2533,4096,'21/09/2010','08/06/2010 17:13','08/06/2010 17:13',1,2,2),
(133,'WXPZ 00132','Linux','HP 7737','ABCD 123532','User 00132','ER0034A196','Ubuntu 10.99',105,'Network Fixed','Vector','185.12.31.105',4,'x64 Family 4 Model 24 Intel Core 109',2533,4096,'21/09/2010','08/06/2010 17:13','08/06/2010 17:13',1,2,2),
(134,'WXPZ 00133','Linux','HP 7738','ABCD 123533','User 00133','ER0034A197','Ubuntu 10.100',106,'Network Fixed','Vector','185.12.31.106',4,'x64 Family 4 Model 24 Intel Core 110',2533,4096,'21/09/2010','08/06/2010 17:13','08/06/2010 17:13',1,3,2),
(135,'WXPZ 00134','Linux','HP 7739','ABCD 123534','User 00134','ER0034A198','Ubuntu 10.101',107,'Network Fixed','Vector','185.12.31.107',4,'x64 Family 4 Model 24 Intel Core 111',2533,4096,'21/09/2010','08/06/2010 17:13','08/06/2010 17:13',1,3,2),
(136,'WXPZ 00135','Linux','HP 7740','ABCD 123535','User 00135','ER0034A199','Ubuntu 10.102',108,'Network Fixed','Vector','185.12.31.108',4,'x64 Family 4 Model 24 Intel Core 112',2533,4096,'21/09/2010','08/06/2010 17:13','08/06/2010 17:13',1,3,2),
(137,'WXPZ 00136','Linux','HP 7741','ABCD 123536','User 00136','ER0034A200','Ubuntu 10.103',109,'Network Fixed','Vector','185.12.31.109',4,'x64 Family 4 Model 24 Intel Core 113',2533,4096,'21/09/2010','08/06/2010 17:13','08/06/2010 17:13',1,3,2),
(138,'WXPZ 00137','Linux','HP 7742','ABCD 123537','User 00137','ER0034A201','Ubuntu 10.104',110,'Network Fixed','Vector','185.12.31.110',4,'x64 Family 4 Model 24 Intel Core 114',2533,4096,'21/09/2010','08/06/2010 17:13','08/06/2010 17:13',1,3,2),
(139,'WXPZ 00138','Linux','HP 7743','ABCD 123538','User 00138','ER0034A202','Ubuntu 10.105',111,'Network Fixed','Vector','185.12.31.111',4,'x64 Family 4 Model 24 Intel Core 115',2533,4096,'21/09/2010','08/06/2010 17:13','08/06/2010 17:13',1,3,2),
(140,'WXPZ 00139','Linux','HP 7744','ABCD 123539','User 00139','ER0034A203','Ubuntu 10.106',112,'Network Fixed','Vector','185.12.31.112',4,'x64 Family 4 Model 24 Intel Core 116',2533,4096,'21/09/2010','08/06/2010 17:13','08/06/2010 17:13',1,3,2),
(141,'WXPZ 00140','Linux','HP 7745','ABCD 123540','User 00140','ER0034A204','Ubuntu 10.107',113,'Network Fixed','Vector','185.12.31.113',4,'x64 Family 4 Model 24 Intel Core 117',2533,4096,'21/09/2010','08/06/2010 17:13','08/06/2010 17:13',1,3,2),
(142,'WXPZ 00141','Linux','HP 7746','ABCD 123541','User 00141','ER0034A205','Ubuntu 10.108',114,'Network Fixed','Vector','185.12.31.114',4,'x64 Family 4 Model 24 Intel Core 118',2533,4096,'21/09/2010','08/06/2010 17:13','08/06/2010 17:13',1,3,2),
(143,'WXPZ 00142','Linux','HP 7747','ABCD 123542','User 00142','ER0034A206','Ubuntu 10.109',115,'Network Fixed','Vector','185.12.31.115',4,'x64 Family 4 Model 24 Intel Core 119',2533,4096,'21/09/2010','08/06/2010 17:13','08/06/2010 17:13',1,3,2),
(144,'WXPZ 00143','Linux','HP 7748','ABCD 123543','User 00143','ER0034A207','Ubuntu 10.110',116,'Network Fixed','Vector','185.12.31.116',4,'x64 Family 4 Model 24 Intel Core 120',2533,4096,'21/09/2010','08/06/2010 17:13','08/06/2010 17:13',1,3,2),
(145,'WXPZ 00144','Linux','HP 7749','ABCD 123544','User 00144','ER0034A208','Ubuntu 10.111',117,'Network Fixed','Vector','185.12.31.117',4,'x64 Family 4 Model 24 Intel Core 121',2533,4096,'21/09/2010','08/06/2010 17:13','08/06/2010 17:13',1,4,2),
(146,'WXPZ 00145','Linux','HP 7750','ABCD 123545','User 00145','ER0034A209','Ubuntu 10.112',118,'Network Fixed','Vector','185.12.31.118',4,'x64 Family 4 Model 24 Intel Core 122',2533,4096,'21/09/2010','08/06/2010 17:13','08/06/2010 17:13',1,4,2),
(147,'WXPZ 00146','Linux','HP 7751','ABCD 123546','User 00146','ER0034A210','Ubuntu 10.113',119,'Network Fixed','Vector','185.12.31.119',4,'x64 Family 4 Model 24 Intel Core 123',2533,4096,'21/09/2010','08/06/2010 17:13','08/06/2010 17:13',1,4,2),
(148,'WXPZ 00147','Linux','HP 7752','ABCD 123547','User 00147','ER0034A211','Ubuntu 10.114',120,'Network Fixed','Vector','185.12.31.120',4,'x64 Family 4 Model 24 Intel Core 124',2533,4096,'21/09/2010','08/06/2010 17:13','08/06/2010 17:13',1,4,2),
(149,'WXPZ 00148','Linux','HP 7753','ABCD 123548','User 00148','ER0034A212','Ubuntu 10.115',121,'Network Fixed','Vector','185.12.31.121',4,'x64 Family 4 Model 24 Intel Core 125',2533,4096,'21/09/2010','08/06/2010 17:13','08/06/2010 17:13',1,4,2),
(150,'WXPZ 00149','Linux','HP 7754','ABCD 123549','User 00149','ER0034A213','Ubuntu 10.116',122,'Network Fixed','Vector','185.12.31.122',4,'x64 Family 4 Model 24 Intel Core 126',2533,4096,'21/09/2010','08/06/2010 17:13','08/06/2010 17:13',1,4,2),
(151,'WXPZ 00150','Linux','HP 7755','ABCD 123550','User 00150','ER0034A214','Ubuntu 10.117',123,'Network Fixed','Vector','185.12.31.123',4,'x64 Family 4 Model 24 Intel Core 127',2533,4096,'21/09/2010','08/06/2010 17:13','08/06/2010 17:13',1,4,2),
(152,'WXPZ 00151','Linux','HP 7756','ABCD 123551','User 00151','ER0034A215','Ubuntu 10.118',124,'Network Fixed','Vector','185.12.31.124',4,'x64 Family 4 Model 24 Intel Core 128',2533,4096,'21/09/2010','08/06/2010 17:13','08/06/2010 17:13',1,4,2),
(153,'WXPZ 00152','Linux','HP 7757','ABCD 123552','User 00152','ER0034A216','Ubuntu 10.119',125,'Network Fixed','Vector','185.12.31.125',4,'x64 Family 4 Model 24 Intel Core 129',2533,4096,'21/09/2010','08/06/2010 17:13','08/06/2010 17:13',1,4,2),
(154,'WXPZ 00153','Linux','HP 7758','ABCD 123553','User 00153','ER0034A217','Ubuntu 10.120',126,'Network Fixed','Vector','185.12.31.126',4,'x64 Family 4 Model 24 Intel Core 130',2533,4096,'21/09/2010','08/06/2010 17:13','08/06/2010 17:13',1,4,2),
(155,'WXPZ 00154','Linux','HP 7759','ABCD 123554','User 00154','ER0034A218','Ubuntu 10.121',127,'Network Fixed','Vector','185.12.31.127',4,'x64 Family 4 Model 24 Intel Core 131',2533,4096,'21/09/2010','08/06/2010 17:13','08/06/2010 17:13',1,4,2),
(156,'WXPZ 00155','Linux','HP 7760','ABCD 123555','User 00155','ER0034A219','Ubuntu 10.122',128,'Network Fixed','Vector','185.12.31.128',4,'x64 Family 4 Model 24 Intel Core 132',2533,4096,'21/09/2010','08/06/2010 17:13','08/06/2010 17:13',1,4,2),
(157,'WXPZ 00156','Linux','HP 7761','ABCD 123556','User 00156','ER0034A220','Ubuntu 10.123',129,'Network Fixed','Vector','185.12.31.129',4,'x64 Family 4 Model 24 Intel Core 133',2533,4096,'21/09/2010','08/06/2010 17:13','08/06/2010 17:13',1,4,2),
(158,'WXPZ 00157','Linux','HP 7762','ABCD 123557','User 00157','ER0034A221','Ubuntu 10.124',130,'Network Fixed','Vector','185.12.31.130',4,'x64 Family 4 Model 24 Intel Core 134',2533,4096,'21/09/2010','08/06/2010 17:13','08/06/2010 17:13',1,5,2),
(159,'WXPZ 00158','Linux','HP 7763','ABCD 123558','User 00158','ER0034A222','Ubuntu 10.125',131,'Network Fixed','Vector','185.12.31.131',4,'x64 Family 4 Model 24 Intel Core 135',2533,4096,'21/09/2010','08/06/2010 17:13','08/06/2010 17:13',1,5,2),
(160,'WXPZ 00159','Linux','HP 7764','ABCD 123559','User 00159','ER0034A223','Ubuntu 10.126',132,'Network Fixed','Vector','185.12.31.132',4,'x64 Family 4 Model 24 Intel Core 136',2533,4096,'21/09/2010','08/06/2010 17:13','08/06/2010 17:13',1,5,2),
(161,'WXPZ 00160','Linux','HP 7765','ABCD 123560','User 00160','ER0034A224','Ubuntu 10.127',133,'Network Fixed','Vector','185.12.31.133',4,'x64 Family 4 Model 24 Intel Core 137',2533,4096,'21/09/2010','08/06/2010 17:13','08/06/2010 17:13',1,5,2),
(162,'WXPZ 00161','Linux','HP 7766','ABCD 123561','User 00161','ER0034A225','Ubuntu 10.128',134,'Network Fixed','Vector','185.12.31.134',4,'x64 Family 4 Model 24 Intel Core 138',2533,4096,'21/09/2010','08/06/2010 17:13','08/06/2010 17:13',1,5,2),
(163,'WXPZ 00162','Linux','HP 7767','ABCD 123562','User 00162','ER0034A226','Ubuntu 10.129',135,'Network Fixed','Vector','185.12.31.135',4,'x64 Family 4 Model 24 Intel Core 139',2533,4096,'21/09/2010','08/06/2010 17:13','08/06/2010 17:13',1,5,2),
(164,'WXPZ 00163','Linux','HP 7768','ABCD 123563','User 00163','ER0034A227','Ubuntu 10.130',136,'Network Fixed','Vector','185.12.31.136',4,'x64 Family 4 Model 24 Intel Core 140',2533,4096,'21/09/2010','08/06/2010 17:13','08/06/2010 17:13',1,5,2),
(165,'WXPZ 00164','Linux','HP 7769','ABCD 123564','User 00164','ER0034A228','Ubuntu 10.131',137,'Network Fixed','Vector','185.12.31.137',4,'x64 Family 4 Model 24 Intel Core 141',2533,4096,'21/09/2010','08/06/2010 17:13','08/06/2010 17:13',1,5,2),
(166,'WXPZ 00165','Linux','HP 7770','ABCD 123565','User 00165','ER0034A229','Ubuntu 10.132',138,'Network Fixed','Vector','185.12.31.138',4,'x64 Family 4 Model 24 Intel Core 142',2533,4096,'21/09/2010','08/06/2010 17:13','08/06/2010 17:13',1,5,2),
(167,'WXPZ 00166','Linux','HP 7771','ABCD 123566','User 00166','ER0034A230','Ubuntu 10.133',139,'Network Fixed','Vector','185.12.31.139',4,'x64 Family 4 Model 24 Intel Core 143',2533,4096,'21/09/2010','08/06/2010 17:13','08/06/2010 17:13',1,5,2),
(168,'WXPZ 00167','Linux','HP 7772','ABCD 123567','User 00167','ER0034A231','Ubuntu 10.134',140,'Network Fixed','Vector','185.12.31.140',4,'x64 Family 4 Model 24 Intel Core 144',2533,4096,'21/09/2010','08/06/2010 17:13','08/06/2010 17:13',1,5,2),
(169,'WXPZ 00168','Linux','HP 7773','ABCD 123568','User 00168','ER0034A232','Ubuntu 10.135',141,'Network Fixed','Vector','185.12.31.141',4,'x64 Family 4 Model 24 Intel Core 145',2533,4096,'21/09/2010','08/06/2010 17:13','08/06/2010 17:13',1,6,2),
(170,'WXPZ 00169','Linux','HP 7774','ABCD 123569','User 00169','ER0034A233','Ubuntu 10.136',142,'Network Fixed','Vector','185.12.31.142',4,'x64 Family 4 Model 24 Intel Core 146',2533,4096,'21/09/2010','08/06/2010 17:13','08/06/2010 17:13',1,6,2),
(171,'WXPZ 00170','Linux','HP 7775','ABCD 123570','User 00170','ER0034A234','Ubuntu 10.137',143,'Network Fixed','Vector','185.12.31.143',4,'x64 Family 4 Model 24 Intel Core 147',2533,4096,'21/09/2010','08/06/2010 17:13','08/06/2010 17:13',1,6,2),
(172,'WXPZ 00171','Linux','HP 7776','ABCD 123571','User 00171','ER0034A235','Ubuntu 10.138',144,'Network Fixed','Vector','185.12.31.144',4,'x64 Family 4 Model 24 Intel Core 148',2533,4096,'21/09/2010','08/06/2010 17:13','08/06/2010 17:13',1,6,2),
(173,'WXPZ 00172','Linux','HP 7777','ABCD 123572','User 00172','ER0034A236','Ubuntu 10.139',145,'Network Fixed','Vector','185.12.31.145',4,'x64 Family 4 Model 24 Intel Core 149',2533,4096,'21/09/2010','08/06/2010 17:13','08/06/2010 17:13',1,6,2),
(174,'WXPZ 00173','Linux','HP 7778','ABCD 123573','User 00173','ER0034A237','Ubuntu 10.140',146,'Network Fixed','Vector','185.12.31.146',4,'x64 Family 4 Model 24 Intel Core 150',2533,4096,'21/09/2010','08/06/2010 17:13','08/06/2010 17:13',1,6,2),
(175,'WXPZ 00174','Linux','HP 7779','ABCD 123574','User 00174','ER0034A238','Ubuntu 10.141',147,'Network Fixed','Vector','185.12.31.147',4,'x64 Family 4 Model 24 Intel Core 151',2533,4096,'21/09/2010','08/06/2010 17:13','08/06/2010 17:13',1,6,2),
(176,'WXPZ 00175','Linux','HP 7780','ABCD 123575','User 00175','ER0034A239','Ubuntu 10.142',148,'Network Fixed','Vector','185.12.31.148',4,'x64 Family 4 Model 24 Intel Core 152',2533,4096,'21/09/2010','08/06/2010 17:13','08/06/2010 17:13',1,6,2),
(177,'WXPZ 00176','Linux','HP 7781','ABCD 123576','User 00176','ER0034A240','Ubuntu 10.143',149,'Network Fixed','Vector','185.12.31.149',4,'x64 Family 4 Model 24 Intel Core 153',2533,4096,'21/09/2010','08/06/2010 17:13','08/06/2010 17:13',1,6,2),
(178,'WXPZ 00177','Linux','HP 7782','ABCD 123577','User 00177','ER0034A241','Ubuntu 10.144',150,'Network Fixed','Vector','185.12.31.150',4,'x64 Family 4 Model 24 Intel Core 154',2533,4096,'21/09/2010','08/06/2010 17:13','08/06/2010 17:13',1,6,2),
(179,'WXPZ 00178','Linux','HP 7783','ABCD 123578','User 00178','ER0034A242','Ubuntu 10.145',151,'Network Fixed','Vector','185.12.31.151',4,'x64 Family 4 Model 24 Intel Core 155',2533,4096,'21/09/2010','08/06/2010 17:13','08/06/2010 17:13',1,6,2),
(180,'WXPZ 00179','Linux','HP 7784','ABCD 123579','User 00179','ER0034A243','Ubuntu 10.146',152,'Network Fixed','Vector','185.12.31.152',4,'x64 Family 4 Model 24 Intel Core 156',2533,4096,'21/09/2010','08/06/2010 17:13','08/06/2010 17:13',1,6,2),
(181,'WXPZ 00180','Linux','HP 7785','ABCD 123580','User 00180','ER0034A244','Ubuntu 10.147',153,'Network Fixed','Vector','185.12.31.153',4,'x64 Family 4 Model 24 Intel Core 157',2533,4096,'21/09/2010','08/06/2010 17:13','08/06/2010 17:13',1,5,2),
(182,'WXPZ 00181','Linux','HP 7786','ABCD 123581','User 00181','ER0034A245','Ubuntu 10.148',154,'Network Fixed','Vector','185.12.31.154',4,'x64 Family 4 Model 24 Intel Core 158',2533,4096,'21/09/2010','08/06/2010 17:13','08/06/2010 17:13',1,5,2),
(183,'WXPZ 00182','Linux','HP 7787','ABCD 123582','User 00182','ER0034A246','Ubuntu 10.149',155,'Network Fixed','Vector','185.12.31.155',4,'x64 Family 4 Model 24 Intel Core 159',2533,4096,'21/09/2010','08/06/2010 17:13','08/06/2010 17:13',1,5,2),
(184,'WXPZ 00183','Linux','HP 7788','ABCD 123583','User 00183','ER0034A247','Ubuntu 10.150',156,'Network Fixed','Vector','185.12.31.156',4,'x64 Family 4 Model 24 Intel Core 160',2533,4096,'21/09/2010','08/06/2010 17:13','08/06/2010 17:13',1,5,2),
(185,'WXPZ 00184','Linux','HP 7789','ABCD 123584','User 00184','ER0034A248','Ubuntu 10.151',157,'Network Fixed','Vector','185.12.31.157',4,'x64 Family 4 Model 24 Intel Core 161',2533,4096,'21/09/2010','08/06/2010 17:13','08/06/2010 17:13',1,5,2),
(186,'WXPZ 00185','Linux','HP 7790','ABCD 123585','User 00185','ER0034A249','Ubuntu 10.152',158,'Network Fixed','Vector','185.12.31.158',4,'x64 Family 4 Model 24 Intel Core 162',2533,4096,'21/09/2010','08/06/2010 17:13','08/06/2010 17:13',1,5,2),
(187,'WXPZ 00186','Linux','HP 7791','ABCD 123586','User 00186','ER0034A250','Ubuntu 10.153',159,'Network Fixed','Vector','185.12.31.159',4,'x64 Family 4 Model 24 Intel Core 163',2533,4096,'21/09/2010','08/06/2010 17:13','08/06/2010 17:13',1,7,2),
(188,'WXPZ 00187','Linux','HP 7792','ABCD 123587','User 00187','ER0034A251','Ubuntu 10.154',160,'Network Fixed','Vector','185.12.31.160',4,'x64 Family 4 Model 24 Intel Core 164',2533,4096,'21/09/2010','08/06/2010 17:13','08/06/2010 17:13',1,7,2),
(189,'WXPZ 00188','Linux','HP 7793','ABCD 123588','User 00188','ER0034A252','Ubuntu 10.155',161,'Network Fixed','Vector','185.12.31.161',4,'x64 Family 4 Model 24 Intel Core 165',2533,4096,'21/09/2010','08/06/2010 17:13','08/06/2010 17:13',1,7,2),
(190,'WXPZ 00189','Linux','HP 7794','ABCD 123589','User 00189','ER0034A253','Ubuntu 10.156',162,'Network Fixed','Vector','185.12.31.162',4,'x64 Family 4 Model 24 Intel Core 166',2533,4096,'21/09/2010','08/06/2010 17:13','08/06/2010 17:13',1,7,2),
(191,'WXPZ 00190','Linux','HP 7795','ABCD 123590','User 00190','ER0034A254','Ubuntu 10.157',163,'Network Fixed','Vector','185.12.31.163',4,'x64 Family 4 Model 24 Intel Core 167',2533,4096,'21/09/2010','08/06/2010 17:13','08/06/2010 17:13',1,7,2),
(192,'WXPZ 00191','Linux','HP 7796','ABCD 123591','User 00191','ER0034A255','Ubuntu 10.158',164,'Network Fixed','Vector','185.12.31.164',4,'x64 Family 4 Model 24 Intel Core 168',2533,4096,'21/09/2010','08/06/2010 17:13','08/06/2010 17:13',1,7,2),
(193,'WXPZ 00192','Linux','HP 7797','ABCD 123592','User 00192','ER0034A256','Ubuntu 10.159',165,'Network Fixed','Vector','185.12.31.165',4,'x64 Family 4 Model 24 Intel Core 169',2533,4096,'21/09/2010','08/06/2010 17:13','08/06/2010 17:13',1,4,2),
(194,'WXPZ 00193','Linux','HP 7798','ABCD 123593','User 00193','ER0034A257','Ubuntu 10.160',166,'Network Fixed','Vector','185.12.31.166',4,'x64 Family 4 Model 24 Intel Core 170',2533,4096,'21/09/2010','08/06/2010 17:13','08/06/2010 17:13',1,4,2),
(195,'WXPZ 00194','Linux','HP 7799','ABCD 123594','User 00194','ER0034A258','Ubuntu 10.161',167,'Network Fixed','Vector','185.12.31.167',4,'x64 Family 4 Model 24 Intel Core 171',2533,4096,'21/09/2010','08/06/2010 17:13','08/06/2010 17:13',1,4,2),
(196,'WXPZ 00195','Linux','HP 7800','ABCD 123595','User 00195','ER0034A259','Ubuntu 10.162',168,'Network Fixed','Vector','185.12.31.168',4,'x64 Family 4 Model 24 Intel Core 172',2533,4096,'21/09/2010','08/06/2010 17:13','08/06/2010 17:13',1,4,2),
(197,'WXPZ 00196','Linux','HP 7801','ABCD 123596','User 00196','ER0034A260','Ubuntu 10.163',169,'Network Fixed','Vector','185.12.31.169',4,'x64 Family 4 Model 24 Intel Core 173',2533,4096,'21/09/2010','08/06/2010 17:13','08/06/2010 17:13',1,4,2),
(198,'WXPZ 00197','Linux','HP 7802','ABCD 123597','User 00197','ER0034A261','Ubuntu 10.164',170,'Network Fixed','Vector','185.12.31.170',4,'x64 Family 4 Model 24 Intel Core 174',2533,4096,'21/09/2010','08/06/2010 17:13','08/06/2010 17:13',1,3,2),
(199,'WXPZ 00198','Linux','HP 7803','ABCD 123598','User 00198','ER0034A262','Ubuntu 10.165',171,'Network Fixed','Vector','185.12.31.171',4,'x64 Family 4 Model 24 Intel Core 175',2533,4096,'21/09/2010','08/06/2010 17:13','08/06/2010 17:13',1,3,2),
(200,'WXPZ 00199','Linux','HP 7804','ABCD 123599','User 00199','ER0034A263','Ubuntu 10.166',172,'Network Fixed','Vector','185.12.31.172',4,'x64 Family 4 Model 24 Intel Core 176',2533,4096,'21/09/2010','08/06/2010 17:13','08/06/2010 17:13',1,3,2),
(201,'WXPZ 00200','Linux','HP 7805','ABCD 123600','User 00200','ER0034A264','Ubuntu 10.167',173,'Network Fixed','Vector','185.12.31.173',4,'x64 Family 4 Model 24 Intel Core 177',2533,4096,'21/09/2010','08/06/2010 17:13','08/06/2010 17:13',1,3,2),
(202,'WXPZ 00201','Linux','HP 7806','ABCD 123601','User 00201','ER0034A265','Ubuntu 10.168',174,'Network Fixed','Vector','185.12.31.174',4,'x64 Family 4 Model 24 Intel Core 178',2533,4096,'21/09/2010','08/06/2010 17:13','08/06/2010 17:13',1,3,2),
(203,'WXPZ 00202','Linux','HP 7807','ABCD 123602','User 00202','ER0034A266','Ubuntu 10.169',175,'Network Fixed','Vector','185.12.31.175',4,'x64 Family 4 Model 24 Intel Core 179',2533,4096,'21/09/2010','08/06/2010 17:13','08/06/2010 17:13',1,3,2),
(204,'WXPZ 00203','Linux','HP 7808','ABCD 123603','User 00203','ER0034A267','Ubuntu 10.170',176,'Network Fixed','Vector','185.12.31.176',4,'x64 Family 4 Model 24 Intel Core 180',2533,4096,'21/09/2010','08/06/2010 17:13','08/06/2010 17:13',1,2,2),
(205,'WXPZ 00204','Linux','HP 7809','ABCD 123604','User 00204','ER0034A268','Ubuntu 10.171',177,'Network Fixed','Vector','185.12.31.177',4,'x64 Family 4 Model 24 Intel Core 181',2533,4096,'21/09/2010','08/06/2010 17:13','08/06/2010 17:13',1,2,2),
(206,'WXPZ 00205','Linux','HP 7810','ABCD 123605','User 00205','ER0034A269','Ubuntu 10.172',178,'Network Fixed','Vector','185.12.31.178',4,'x64 Family 4 Model 24 Intel Core 182',2533,4096,'21/09/2010','08/06/2010 17:13','08/06/2010 17:13',1,2,2),
(207,'WXPZ 00206','Linux','HP 7811','ABCD 123606','User 00206','ER0034A270','Ubuntu 10.173',179,'Network Fixed','Vector','185.12.31.179',4,'x64 Family 4 Model 24 Intel Core 183',2533,4096,'21/09/2010','08/06/2010 17:13','08/06/2010 17:13',1,2,2),
(208,'WXPZ 00207','Linux','HP 7812','ABCD 123607','User 00207','ER0034A271','Ubuntu 10.174',180,'Network Fixed','Vector','185.12.31.180',4,'x64 Family 4 Model 24 Intel Core 184',2533,4096,'21/09/2010','08/06/2010 17:13','08/06/2010 17:13',1,2,2),
(209,'WXPZ 00208','Linux','HP 7813','ABCD 123608','User 00208','ER0034A272','Ubuntu 10.175',181,'Network Fixed','Vector','185.12.31.181',4,'x64 Family 4 Model 24 Intel Core 185',2533,4096,'21/09/2010','08/06/2010 17:13','08/06/2010 17:13',1,2,2),
(210,'WXPZ 00209','Linux','HP 7814','ABCD 123609','User 00209','ER0034A273','Ubuntu 10.176',182,'Network Fixed','Vector','185.12.31.182',4,'x64 Family 4 Model 24 Intel Core 186',2533,4096,'21/09/2010','08/06/2010 17:13','08/06/2010 17:13',1,1,2),
(211,'WXPZ 00210','Linux','HP 7815','ABCD 123610','User 00210','ER0034A274','Ubuntu 10.177',183,'Network Fixed','Vector','185.12.31.183',4,'x64 Family 4 Model 24 Intel Core 187',2533,4096,'21/09/2010','08/06/2010 17:13','08/06/2010 17:13',1,1,2),
(212,'WXPZ 00211','Linux','HP 7816','ABCD 123611','User 00211','ER0034A275','Ubuntu 10.178',184,'Network Fixed','Vector','185.12.31.184',4,'x64 Family 4 Model 24 Intel Core 188',2533,4096,'21/09/2010','08/06/2010 17:13','08/06/2010 17:13',1,1,2),
(213,'WXPZ 00212','Linux','HP 7817','ABCD 123612','User 00212','ER0034A276','Ubuntu 10.179',185,'Network Fixed','Vector','185.12.31.185',4,'x64 Family 4 Model 24 Intel Core 189',2533,4096,'21/09/2010','08/06/2010 17:13','08/06/2010 17:13',1,1,2),
(214,'WXPZ 00213','Linux','HP 7818','ABCD 123613','User 00213','ER0034A277','Ubuntu 10.180',186,'Network Fixed','Vector','185.12.31.186',4,'x64 Family 4 Model 24 Intel Core 190',2533,4096,'21/09/2010','08/06/2010 17:13','08/06/2010 17:13',1,1,2),
(215,'WXPZ 00214','Linux','HP 7819','ABCD 123614','User 00214','ER0034A278','Ubuntu 10.181',187,'Network Fixed','Vector','185.12.31.187',4,'x64 Family 4 Model 24 Intel Core 191',2533,4096,'21/09/2010','08/06/2010 17:13','08/06/2010 17:13',1,1,2),
(216,'WXPZ 00215','Linux','HP 7820','ABCD 123615','User 00215','ER0034A279','Ubuntu 10.182',188,'Network Fixed','Vector','185.12.31.188',4,'x64 Family 4 Model 24 Intel Core 192',2533,4096,'21/09/2010','08/06/2010 17:13','08/06/2010 17:13',1,1,2),
(217,'WXPZ 00216','Linux','HP 7821','ABCD 123616','User 00216','ER0034A280','Ubuntu 10.183',189,'Network Fixed','Vector','185.12.31.189',4,'x64 Family 4 Model 24 Intel Core 193',2533,4096,'21/09/2010','08/06/2010 17:13','08/06/2010 17:13',1,4,2),
(218,'WXPZ 00217','Linux','HP 7822','ABCD 123617','User 00217','ER0034A281','Ubuntu 10.184',190,'Network Fixed','Vector','185.12.31.190',4,'x64 Family 4 Model 24 Intel Core 194',2533,4096,'21/09/2010','08/06/2010 17:13','08/06/2010 17:13',1,4,2),
(219,'WXPZ 00218','Linux','HP 7823','ABCD 123618','User 00218','ER0034A282','Ubuntu 10.185',191,'Network Fixed','Vector','185.12.31.191',4,'x64 Family 4 Model 24 Intel Core 195',2533,4096,'21/09/2010','08/06/2010 17:13','08/06/2010 17:13',1,5,2),
(220,'WXPZ 00219','Linux','HP 7824','ABCD 123619','User 00219','ER0034A283','Ubuntu 10.186',192,'Network Fixed','Vector','185.12.31.192',4,'x64 Family 4 Model 24 Intel Core 196',2533,4096,'21/09/2010','08/06/2010 17:13','08/06/2010 17:13',1,6,2),
(221,'WXPZ 00220','Linux','HP 7825','ABCD 123620','User 00220','ER0034A284','Ubuntu 10.187',193,'Network Fixed','Vector','185.12.31.193',4,'x64 Family 4 Model 24 Intel Core 197',2533,4096,'21/09/2010','08/06/2010 17:13','08/06/2010 17:13',1,6,2),
(222,'WXPZ 00221','Linux','HP 7826','ABCD 123621','User 00221','ER0034A285','Ubuntu 10.188',194,'Network Fixed','Vector','185.12.31.194',4,'x64 Family 4 Model 24 Intel Core 198',2533,4096,'21/09/2010','08/06/2010 17:13','08/06/2010 17:13',1,4,2),
(223,'WXPZ 00222','Linux','HP 7827','ABCD 123622','User 00222','ER0034A286','Ubuntu 10.189',195,'Network Fixed','Vector','185.12.31.195',4,'x64 Family 4 Model 24 Intel Core 199',2533,4096,'21/09/2010','08/06/2010 17:13','08/06/2010 17:13',1,3,2),
(224,'WXPZ 00223','Linux','HP 7828','ABCD 123623','User 00223','ER0034A287','Ubuntu 10.190',196,'Network Fixed','Vector','185.12.31.196',4,'x64 Family 4 Model 24 Intel Core 200',2533,4096,'21/09/2010','08/06/2010 17:13','08/06/2010 17:13',1,2,2),
(225,'WXPZ 00224','Linux','HP 7829','ABCD 123624','User 00224','ER0034A288','Ubuntu 10.191',197,'Network Fixed','Vector','185.12.31.197',4,'x64 Family 4 Model 24 Intel Core 201',2533,4096,'21/09/2010','08/06/2010 17:13','08/06/2010 17:13',1,1,2),
(226,'WXPZ 00225','Linux','HP 7830','ABCD 123625','User 00225','ER0034A289','Ubuntu 10.192',198,'Network Fixed','Vector','185.12.31.198',4,'x64 Family 4 Model 24 Intel Core 202',2533,4096,'21/09/2010','08/06/2010 17:13','08/06/2010 17:13',1,2,2),
(227,'WXPZ 00226','Linux','HP 7831','ABCD 123626','User 00226','ER0034A290','Ubuntu 10.193',199,'Network Fixed','Vector','185.12.31.199',4,'x64 Family 4 Model 24 Intel Core 203',2533,4096,'21/09/2010','08/06/2010 17:13','08/06/2010 17:13',1,3,2),
(228,'WXPZ 00227','Linux','HP 7832','ABCD 123627','User 00227','ER0034A291','Ubuntu 10.194',200,'Network Fixed','Vector','185.12.31.200',4,'x64 Family 4 Model 24 Intel Core 204',2533,4096,'21/09/2010','08/06/2010 17:13','08/06/2010 17:13',1,4,2),
(229,'WXPZ 00228','Linux','HP 7833','ABCD 123628','User 00228','ER0034A292','Ubuntu 10.195',201,'Network Fixed','Vector','185.12.31.201',4,'x64 Family 4 Model 24 Intel Core 205',2533,4096,'21/09/2010','08/06/2010 17:13','08/06/2010 17:13',1,5,2),
(230,'WXPZ 00229','Linux','HP 7834','ABCD 123629','User 00229','ER0034A293','Ubuntu 10.196',202,'Network Fixed','Vector','185.12.31.202',4,'x64 Family 4 Model 24 Intel Core 206',2533,4096,'21/09/2010','08/06/2010 17:13','08/06/2010 17:13',1,4,2),
(231,'WXPZ 00230','Linux','HP 7835','ABCD 123630','User 00230','ER0034A294','Ubuntu 10.197',203,'Network Fixed','Vector','185.12.31.203',4,'x64 Family 4 Model 24 Intel Core 207',2533,4096,'21/09/2010','08/06/2010 17:13','08/06/2010 17:13',1,3,2),
(232,'WXPZ 00231','Linux','HP 7836','ABCD 123631','User 00231','ER0034A295','Ubuntu 10.198',204,'Network Fixed','Vector','185.12.31.204',4,'x64 Family 4 Model 24 Intel Core 208',2533,4096,'21/09/2010','08/06/2010 17:13','08/06/2010 17:13',1,2,2),
(233,'WXPZ 00232','Linux','HP 7837','ABCD 123632','User 00232','ER0034A296','Ubuntu 10.199',205,'Network Fixed','Vector','185.12.31.205',4,'x64 Family 4 Model 24 Intel Core 209',2533,4096,'21/09/2010','08/06/2010 17:13','08/06/2010 17:13',1,2,2),
(234,'WXPZ 00233','Linux','HP 7838','ABCD 123633','User 00233','ER0034A297','Ubuntu 10.200',206,'Network Fixed','Vector','185.12.31.206',4,'x64 Family 4 Model 24 Intel Core 210',2533,4096,'21/09/2010','08/06/2010 17:13','08/06/2010 17:13',1,2,2),
(235,'WXPZ 00234','Linux','HP 7839','ABCD 123634','User 00234','ER0034A298','Ubuntu 10.201',207,'Network Fixed','Vector','185.12.31.207',4,'x64 Family 4 Model 24 Intel Core 211',2533,4096,'21/09/2010','08/06/2010 17:13','08/06/2010 17:13',1,2,2),
(236,'WXPZ 00235','Linux','HP 7840','ABCD 123635','User 00235','ER0034A299','Ubuntu 10.202',208,'Network Fixed','Vector','185.12.31.208',4,'x64 Family 4 Model 24 Intel Core 212',2533,4096,'21/09/2010','08/06/2010 17:13','08/06/2010 17:13',1,2,2),
(237,'WXPZ 00236','Linux','HP 7841','ABCD 123636','User 00236','ER0034A300','Ubuntu 10.203',209,'Network Fixed','Vector','185.12.31.209',4,'x64 Family 4 Model 24 Intel Core 213',2533,4096,'21/09/2010','08/06/2010 17:13','08/06/2010 17:13',1,2,2),
(238,'WXPZ 00237','Linux','HP 7842','ABCD 123637','User 00237','ER0034A301','Ubuntu 10.204',210,'Network Fixed','Vector','185.12.31.210',4,'x64 Family 4 Model 24 Intel Core 214',2533,4096,'21/09/2010','08/06/2010 17:13','08/06/2010 17:13',1,2,2),
(239,'WXPZ 00238','Linux','HP 7843','ABCD 123638','User 00238','ER0034A302','Ubuntu 10.205',211,'Network Fixed','Vector','185.12.31.211',4,'x64 Family 4 Model 24 Intel Core 215',2533,4096,'21/09/2010','08/06/2010 17:13','08/06/2010 17:13',1,2,2),
(240,'WXPZ 00239','Linux','HP 7844','ABCD 123639','User 00239','ER0034A303','Ubuntu 10.206',212,'Network Fixed','Vector','185.12.31.212',4,'x64 Family 4 Model 24 Intel Core 216',2533,4096,'21/09/2010','08/06/2010 17:13','08/06/2010 17:13',1,2,2),
(241,'WXPZ 00240','Linux','HP 7845','ABCD 123640','User 00240','ER0034A304','Ubuntu 10.207',213,'Network Fixed','Vector','185.12.31.213',4,'x64 Family 4 Model 24 Intel Core 217',2533,4096,'21/09/2010','08/06/2010 17:13','08/06/2010 17:13',1,2,2),
(242,'WXPZ 00241','Linux','HP 7846','ABCD 123641','User 00241','ER0034A305','Ubuntu 10.208',214,'Network Fixed','Vector','185.12.31.214',4,'x64 Family 4 Model 24 Intel Core 218',2533,4096,'21/09/2010','08/06/2010 17:13','08/06/2010 17:13',1,2,2),
(243,'WXPZ 00242','Linux','HP 7847','ABCD 123642','User 00242','ER0034A306','Ubuntu 10.209',215,'Network Fixed','Vector','185.12.31.215',4,'x64 Family 4 Model 24 Intel Core 219',2533,4096,'21/09/2010','08/06/2010 17:13','08/06/2010 17:13',1,3,2),
(244,'WXPZ 00243','Linux','HP 7848','ABCD 123643','User 00243','ER0034A307','Ubuntu 10.210',216,'Network Fixed','Vector','185.12.31.216',4,'x64 Family 4 Model 24 Intel Core 220',2533,4096,'21/09/2010','08/06/2010 17:13','08/06/2010 17:13',1,3,2),
(245,'WXPZ 00244','Linux','HP 7849','ABCD 123644','User 00244','ER0034A308','Ubuntu 10.211',217,'Network Fixed','Vector','185.12.31.217',4,'x64 Family 4 Model 24 Intel Core 221',2533,4096,'21/09/2010','08/06/2010 17:13','08/06/2010 17:13',1,3,2),
(246,'WXPZ 00245','Linux','HP 7850','ABCD 123645','User 00245','ER0034A309','Ubuntu 10.212',218,'Network Fixed','Vector','185.12.31.218',4,'x64 Family 4 Model 24 Intel Core 222',2533,4096,'21/09/2010','08/06/2010 17:13','08/06/2010 17:13',1,3,2),
(247,'WXPZ 00246','Linux','HP 7851','ABCD 123646','User 00246','ER0034A310','Ubuntu 10.213',219,'Network Fixed','Vector','185.12.31.219',4,'x64 Family 4 Model 24 Intel Core 223',2533,4096,'21/09/2010','08/06/2010 17:13','08/06/2010 17:13',1,3,2),
(248,'WXPZ 00247','Linux','HP 7852','ABCD 123647','User 00247','ER0034A311','Ubuntu 10.214',220,'Network Fixed','Vector','185.12.31.220',4,'x64 Family 4 Model 24 Intel Core 224',2533,4096,'21/09/2010','08/06/2010 17:13','08/06/2010 17:13',1,4,2),
(249,'WXPZ 00248','Linux','HP 7853','ABCD 123648','User 00248','ER0034A312','Ubuntu 10.215',221,'Network Fixed','Vector','185.12.31.221',4,'x64 Family 4 Model 24 Intel Core 225',2533,4096,'21/09/2010','08/06/2010 17:13','08/06/2010 17:13',1,4,2),
(250,'WXPZ 00249','Linux','HP 7854','ABCD 123649','User 00249','ER0034A313','Ubuntu 10.216',222,'Network Fixed','Vector','185.12.31.222',4,'x64 Family 4 Model 24 Intel Core 226',2533,4096,'21/09/2010','08/06/2010 17:13','08/06/2010 17:13',1,4,2),
(251,'WXPZ 00250','Linux','HP 7855','ABCD 123650','User 00250','ER0034A314','Ubuntu 10.217',223,'Network Fixed','Vector','185.12.31.223',4,'x64 Family 4 Model 24 Intel Core 227',2533,4096,'21/09/2010','08/06/2010 17:13','08/06/2010 17:13',1,4,2),
(252,'WXPZ 00251','Linux','HP 7856','ABCD 123651','User 00251','ER0034A315','Ubuntu 10.218',224,'Network Fixed','Vector','185.12.31.224',4,'x64 Family 4 Model 24 Intel Core 228',2533,4096,'21/09/2010','08/06/2010 17:13','08/06/2010 17:13',1,4,2),
(253,'WXPZ 00252','Linux','HP 7857','ABCD 123652','User 00252','ER0034A316','Ubuntu 10.219',225,'Network Fixed','Vector','185.12.31.225',4,'x64 Family 4 Model 24 Intel Core 229',2533,4096,'21/09/2010','08/06/2010 17:13','08/06/2010 17:13',1,4,2),
(254,'WXPZ 00253','Linux','HP 7858','ABCD 123653','User 00253','ER0034A317','Ubuntu 10.220',226,'Network Fixed','Vector','185.12.31.226',4,'x64 Family 4 Model 24 Intel Core 230',2533,4096,'21/09/2010','08/06/2010 17:13','08/06/2010 17:13',1,4,2),
(255,'WXPZ 00254','Linux','HP 7859','ABCD 123654','User 00254','ER0034A318','Ubuntu 10.221',227,'Network Fixed','Vector','185.12.31.227',4,'x64 Family 4 Model 24 Intel Core 231',2533,4096,'21/09/2010','08/06/2010 17:13','08/06/2010 17:13',1,4,2),
(256,'WXPZ 00255','Linux','HP 7860','ABCD 123655','User 00255','ER0034A319','Ubuntu 10.222',228,'Network Fixed','Vector','185.12.31.228',4,'x64 Family 4 Model 24 Intel Core 232',2533,4096,'21/09/2010','08/06/2010 17:13','08/06/2010 17:13',1,4,2),
(257,'WXPZ 00256','Linux','HP 7861','ABCD 123656','User 00256','ER0034A320','Ubuntu 10.223',229,'Network Fixed','Vector','185.12.31.229',4,'x64 Family 4 Model 24 Intel Core 233',2533,4096,'21/09/2010','08/06/2010 17:13','08/06/2010 17:13',1,5,2),
(258,'WXPZ 00257','Linux','HP 7862','ABCD 123657','User 00257','ER0034A321','Ubuntu 10.224',230,'Network Fixed','Vector','185.12.31.230',4,'x64 Family 4 Model 24 Intel Core 234',2533,4096,'21/09/2010','08/06/2010 17:13','08/06/2010 17:13',1,5,2),
(259,'WXPZ 00258','Linux','HP 7863','ABCD 123658','User 00258','ER0034A322','Ubuntu 10.225',231,'Network Fixed','Vector','185.12.31.231',4,'x64 Family 4 Model 24 Intel Core 235',2533,4096,'21/09/2010','08/06/2010 17:13','08/06/2010 17:13',1,5,2),
(260,'WXPZ 00259','Linux','HP 7864','ABCD 123659','User 00259','ER0034A323','Ubuntu 10.226',232,'Network Fixed','Vector','185.12.31.232',4,'x64 Family 4 Model 24 Intel Core 236',2533,4096,'21/09/2010','08/06/2010 17:13','08/06/2010 17:13',1,5,2),
(261,'WXPZ 00260','Linux','HP 7865','ABCD 123660','User 00260','ER0034A324','Ubuntu 10.227',233,'Network Fixed','Vector','185.12.31.233',4,'x64 Family 4 Model 24 Intel Core 237',2533,4096,'21/09/2010','08/06/2010 17:13','08/06/2010 17:13',1,5,2),
(262,'WXPZ 00261','Linux','HP 7866','ABCD 123661','User 00261','ER0034A325','Ubuntu 10.228',234,'Network Fixed','Vector','185.12.31.234',4,'x64 Family 4 Model 24 Intel Core 238',2533,4096,'21/09/2010','08/06/2010 17:13','08/06/2010 17:13',1,5,2),
(263,'WXPZ 00262','Linux','HP 7867','ABCD 123662','User 00262','ER0034A326','Ubuntu 10.229',235,'Network Fixed','Vector','185.12.31.235',4,'x64 Family 4 Model 24 Intel Core 239',2533,4096,'21/09/2010','08/06/2010 17:13','08/06/2010 17:13',1,5,2),
(264,'WXPZ 00263','Linux','HP 7868','ABCD 123663','User 00263','ER0034A327','Ubuntu 10.230',236,'Network Fixed','Vector','185.12.31.236',4,'x64 Family 4 Model 24 Intel Core 240',2533,4096,'21/09/2010','08/06/2010 17:13','08/06/2010 17:13',1,5,2),
(265,'WXPZ 00264','Linux','HP 7869','ABCD 123664','User 00264','ER0034A328','Ubuntu 10.231',237,'Network Fixed','Vector','185.12.31.237',4,'x64 Family 4 Model 24 Intel Core 241',2533,4096,'21/09/2010','08/06/2010 17:13','08/06/2010 17:13',1,5,2),
(266,'WXPZ 00265','Linux','HP 7870','ABCD 123665','User 00265','ER0034A329','Ubuntu 10.232',238,'Network Fixed','Vector','185.12.31.238',4,'x64 Family 4 Model 24 Intel Core 242',2533,4096,'21/09/2010','08/06/2010 17:13','08/06/2010 17:13',1,5,2),
(267,'WXPZ 00266','Linux','HP 7871','ABCD 123666','User 00266','ER0034A330','Ubuntu 10.233',239,'Network Fixed','Vector','185.12.31.239',4,'x64 Family 4 Model 24 Intel Core 243',2533,4096,'21/09/2010','08/06/2010 17:13','08/06/2010 17:13',1,5,2),
(268,'WXPZ 00267','Linux','HP 7872','ABCD 123667','User 00267','ER0034A331','Ubuntu 10.234',240,'Network Fixed','Vector','185.12.31.240',4,'x64 Family 4 Model 24 Intel Core 244',2533,4096,'21/09/2010','08/06/2010 17:13','08/06/2010 17:13',1,5,2),
(269,'WXPZ 00268','Linux','HP 7873','ABCD 123668','User 00268','ER0034A332','Ubuntu 10.235',241,'Network Fixed','Vector','185.12.31.241',4,'x64 Family 4 Model 24 Intel Core 245',2533,4096,'21/09/2010','08/06/2010 17:13','08/06/2010 17:13',1,6,2),
(270,'WXPZ 00269','Linux','HP 7874','ABCD 123669','User 00269','ER0034A333','Ubuntu 10.236',242,'Network Fixed','Vector','185.12.31.242',4,'x64 Family 4 Model 24 Intel Core 246',2533,4096,'21/09/2010','08/06/2010 17:13','08/06/2010 17:13',1,6,2),
(271,'WXPZ 00270','Linux','HP 7875','ABCD 123670','User 00270','ER0034A334','Ubuntu 10.237',243,'Network Fixed','Vector','185.12.31.243',4,'x64 Family 4 Model 24 Intel Core 247',2533,4096,'21/09/2010','08/06/2010 17:13','08/06/2010 17:13',1,6,2),
(272,'WXPZ 00271','Linux','HP 7876','ABCD 123671','User 00271','ER0034A335','Ubuntu 10.238',244,'Network Fixed','Vector','185.12.31.244',4,'x64 Family 4 Model 24 Intel Core 248',2533,4096,'21/09/2010','08/06/2010 17:13','08/06/2010 17:13',1,6,2),
(273,'WXPZ 00272','Linux','HP 7877','ABCD 123672','User 00272','ER0034A336','Ubuntu 10.239',245,'Network Fixed','Vector','185.12.31.245',4,'x64 Family 4 Model 24 Intel Core 249',2533,4096,'21/09/2010','08/06/2010 17:13','08/06/2010 17:13',1,6,2),
(274,'WXPZ 00273','Linux','HP 7878','ABCD 123673','User 00273','ER0034A337','Ubuntu 10.240',246,'Network Fixed','Vector','185.12.31.246',4,'x64 Family 4 Model 24 Intel Core 250',2533,4096,'21/09/2010','08/06/2010 17:13','08/06/2010 17:13',1,6,2),
(275,'WXPZ 00274','Linux','HP 7879','ABCD 123674','User 00274','ER0034A338','Ubuntu 10.241',247,'Network Fixed','Vector','185.12.31.247',4,'x64 Family 4 Model 24 Intel Core 251',2533,4096,'21/09/2010','08/06/2010 17:13','08/06/2010 17:13',1,6,2),
(276,'WXPZ 00275','Linux','HP 7880','ABCD 123675','User 00275','ER0034A339','Ubuntu 10.242',248,'Network Fixed','Vector','185.12.31.248',4,'x64 Family 4 Model 24 Intel Core 252',2533,4096,'21/09/2010','08/06/2010 17:13','08/06/2010 17:13',1,6,2),
(277,'WXPZ 00276','Linux','HP 7881','ABCD 123676','User 00276','ER0034A340','Ubuntu 10.243',249,'Network Fixed','Vector','185.12.31.249',4,'x64 Family 4 Model 24 Intel Core 253',2533,4096,'21/09/2010','08/06/2010 17:13','08/06/2010 17:13',1,6,2),
(278,'WXPZ 00277','Linux','HP 7882','ABCD 123677','User 00277','ER0034A341','Ubuntu 10.244',250,'Network Fixed','Vector','185.12.31.250',4,'x64 Family 4 Model 24 Intel Core 254',2533,4096,'21/09/2010','08/06/2010 17:13','08/06/2010 17:13',1,6,2),
(279,'WXPZ 00278','Linux','HP 7883','ABCD 123678','User 00278','ER0034A342','Ubuntu 10.245',251,'Network Fixed','Vector','185.12.31.251',4,'x64 Family 4 Model 24 Intel Core 255',2533,4096,'21/09/2010','08/06/2010 17:13','08/06/2010 17:13',1,6,2),
(280,'WXPZ 00279','Linux','HP 7884','ABCD 123679','User 00279','ER0034A343','Ubuntu 10.246',252,'Network Fixed','Vector','185.12.31.252',4,'x64 Family 4 Model 24 Intel Core 256',2533,4096,'21/09/2010','08/06/2010 17:13','08/06/2010 17:13',1,6,2),
(281,'WXPZ 00280','Linux','HP 7885','ABCD 123680','User 00280','ER0034A344','Ubuntu 10.247',253,'Network Fixed','Vector','185.12.31.253',4,'x64 Family 4 Model 24 Intel Core 257',2533,4096,'21/09/2010','08/06/2010 17:13','08/06/2010 17:13',1,7,2),
(282,'WXPZ 00281','Linux','HP 7886','ABCD 123681','User 00281','ER0034A345','Ubuntu 10.248',254,'Network Fixed','Vector','185.12.31.254',4,'x64 Family 4 Model 24 Intel Core 258',2533,4096,'21/09/2010','08/06/2010 17:13','08/06/2010 17:13',1,7,2),
(283,'WXPZ 00282','Linux','HP 7887','ABCD 123682','User 00282','ER0034A346','Ubuntu 10.249',255,'Network Fixed','Vector','185.12.31.255',4,'x64 Family 4 Model 24 Intel Core 259',2533,4096,'21/09/2010','08/06/2010 17:13','08/06/2010 17:13',1,7,2),
(284,'WXPZ 00283','Linux','HP 7888','ABCD 123683','User 00283','ER0034A347','Ubuntu 10.250',256,'Network Fixed','Vector','185.12.31.256',4,'x64 Family 4 Model 24 Intel Core 260',2533,4096,'21/09/2010','08/06/2010 17:13','08/06/2010 17:13',1,7,2),
(285,'WXPZ 00284','Linux','HP 7889','ABCD 123684','User 00284','ER0034A348','Ubuntu 10.251',257,'Network Fixed','Vector','185.12.31.257',4,'x64 Family 4 Model 24 Intel Core 261',2533,4096,'21/09/2010','08/06/2010 17:13','08/06/2010 17:13',1,7,2),
(286,'WXPZ 00285','Linux','HP 7890','ABCD 123685','User 00285','ER0034A349','Ubuntu 10.252',258,'Network Fixed','Vector','185.12.31.258',4,'x64 Family 4 Model 24 Intel Core 262',2533,4096,'21/09/2010','08/06/2010 17:13','08/06/2010 17:13',1,7,2),
(287,'WXPZ 00286','Linux','HP 7891','ABCD 123686','User 00286','ER0034A350','Ubuntu 10.253',259,'Network Fixed','Vector','185.12.31.259',4,'x64 Family 4 Model 24 Intel Core 263',2533,4096,'21/09/2010','08/06/2010 17:13','08/06/2010 17:13',1,7,2),
(288,'WXPZ 00287','Linux','HP 7892','ABCD 123687','User 00287','ER0034A351','Ubuntu 10.254',260,'Network Fixed','Vector','185.12.31.260',4,'x64 Family 4 Model 24 Intel Core 264',2533,4096,'21/09/2010','08/06/2010 17:13','08/06/2010 17:13',1,7,2),
(289,'WXPZ 00288','Linux','HP 7893','ABCD 123688','User 00288','ER0034A352','Ubuntu 10.255',261,'Network Fixed','Vector','185.12.31.261',4,'x64 Family 4 Model 24 Intel Core 265',2533,4096,'21/09/2010','08/06/2010 17:13','08/06/2010 17:13',1,7,2),
(290,'WXPZ 00289','Linux','HP 7894','ABCD 123689','User 00289','ER0034A353','Ubuntu 10.256',262,'Network Fixed','Vector','185.12.31.262',4,'x64 Family 4 Model 24 Intel Core 266',2533,4096,'21/09/2010','08/06/2010 17:13','08/06/2010 17:13',1,7,2),
(291,'WXPZ 00290','Linux','HP 7895','ABCD 123690','User 00290','ER0034A354','Ubuntu 10.257',263,'Network Fixed','Vector','185.12.31.263',4,'x64 Family 4 Model 24 Intel Core 267',2533,4096,'21/09/2010','08/06/2010 17:13','08/06/2010 17:13',1,7,2),
(292,'WXPZ 00291','Linux','HP 7896','ABCD 123691','User 00291','ER0034A355','Ubuntu 10.258',264,'Network Fixed','Vector','185.12.31.264',4,'x64 Family 4 Model 24 Intel Core 268',2533,4096,'21/09/2010','08/06/2010 17:13','08/06/2010 17:13',1,6,2),
(293,'WXPZ 00292','Linux','HP 7897','ABCD 123692','User 00292','ER0034A356','Ubuntu 10.259',265,'Network Fixed','Vector','185.12.31.265',4,'x64 Family 4 Model 24 Intel Core 269',2533,4096,'21/09/2010','08/06/2010 17:13','08/06/2010 17:13',1,6,2),
(294,'WXPZ 00293','Linux','HP 7898','ABCD 123693','User 00293','ER0034A357','Ubuntu 10.260',266,'Network Fixed','Vector','185.12.31.266',4,'x64 Family 4 Model 24 Intel Core 270',2533,4096,'21/09/2010','08/06/2010 17:13','08/06/2010 17:13',1,6,2),
(295,'WXPZ 00294','Linux','HP 7899','ABCD 123694','User 00294','ER0034A358','Ubuntu 10.261',267,'Network Fixed','Vector','185.12.31.267',4,'x64 Family 4 Model 24 Intel Core 271',2533,4096,'21/09/2010','08/06/2010 17:13','08/06/2010 17:13',1,6,2),
(296,'WXPZ 00295','Linux','HP 7900','ABCD 123695','User 00295','ER0034A359','Ubuntu 10.262',268,'Network Fixed','Vector','185.12.31.268',4,'x64 Family 4 Model 24 Intel Core 272',2533,4096,'21/09/2010','08/06/2010 17:13','08/06/2010 17:13',1,6,2),
(297,'WXPZ 00296','Linux','HP 7901','ABCD 123696','User 00296','ER0034A360','Ubuntu 10.263',269,'Network Fixed','Vector','185.12.31.269',4,'x64 Family 4 Model 24 Intel Core 273',2533,4096,'21/09/2010','08/06/2010 17:13','08/06/2010 17:13',1,6,2),
(298,'WXPZ 00297','Linux','HP 7902','ABCD 123697','User 00297','ER0034A361','Ubuntu 10.264',270,'Network Fixed','Vector','185.12.31.270',4,'x64 Family 4 Model 24 Intel Core 274',2533,4096,'21/09/2010','08/06/2010 17:13','08/06/2010 17:13',1,6,2),
(299,'WXPZ 00298','Linux','HP 7903','ABCD 123698','User 00298','ER0034A362','Ubuntu 10.265',271,'Network Fixed','Vector','185.12.31.271',4,'x64 Family 4 Model 24 Intel Core 275',2533,4096,'21/09/2010','08/06/2010 17:13','08/06/2010 17:13',1,6,2),
(300,'WXPZ 00299','Linux','HP 7904','ABCD 123699','User 00299','ER0034A363','Ubuntu 10.266',272,'Network Fixed','Vector','185.12.31.272',4,'x64 Family 4 Model 24 Intel Core 276',2533,4096,'21/09/2010','08/06/2010 17:13','08/06/2010 17:13',1,6,2),
(301,'WXPZ 00300','Linux','HP 7905','ABCD 123700','User 00300','ER0034A364','Ubuntu 10.267',273,'Network Fixed','Vector','185.12.31.273',4,'x64 Family 4 Model 24 Intel Core 277',2533,4096,'21/09/2010','08/06/2010 17:13','08/06/2010 17:13',1,6,2),
(302,'WXPZ 00301','Linux','HP 7906','ABCD 123701','User 00301','ER0034A365','Ubuntu 10.268',274,'Network Fixed','Vector','185.12.31.274',4,'x64 Family 4 Model 24 Intel Core 278',2533,4096,'21/09/2010','08/06/2010 17:13','08/06/2010 17:13',1,6,2),
(303,'WXPZ 00302','Linux','HP 7907','ABCD 123702','User 00302','ER0034A366','Ubuntu 10.269',275,'Network Fixed','Vector','185.12.31.275',4,'x64 Family 4 Model 24 Intel Core 279',2533,4096,'21/09/2010','08/06/2010 17:13','08/06/2010 17:13',1,6,2),
(304,'WXPZ 00303','Linux','HP 7908','ABCD 123703','User 00303','ER0034A367','Ubuntu 10.270',276,'Network Fixed','Vector','185.12.31.276',4,'x64 Family 4 Model 24 Intel Core 280',2533,4096,'21/09/2010','08/06/2010 17:13','08/06/2010 17:13',1,5,2),
(305,'WXPZ 00304','Linux','HP 7909','ABCD 123704','User 00304','ER0034A368','Ubuntu 10.271',277,'Network Fixed','Vector','185.12.31.277',4,'x64 Family 4 Model 24 Intel Core 281',2533,4096,'21/09/2010','08/06/2010 17:13','08/06/2010 17:13',1,5,2),
(306,'WXPZ 00305','Linux','HP 7910','ABCD 123705','User 00305','ER0034A369','Ubuntu 10.272',278,'Network Fixed','Vector','185.12.31.278',4,'x64 Family 4 Model 24 Intel Core 282',2533,4096,'21/09/2010','08/06/2010 17:13','08/06/2010 17:13',1,1,2),
(307,'WXPZ 00306','Linux','HP 7911','ABCD 123706','User 00306','ER0034A370','Ubuntu 10.273',279,'Network Fixed','Vector','185.12.31.279',4,'x64 Family 4 Model 24 Intel Core 283',2533,4096,'21/09/2010','08/06/2010 17:13','08/06/2010 17:13',1,1,2),
(308,'WXPZ 00307','Linux','HP 7912','ABCD 123707','User 00307','ER0034A371','Ubuntu 10.274',280,'Network Fixed','Vector','185.12.31.280',4,'x64 Family 4 Model 24 Intel Core 284',2533,4096,'21/09/2010','08/06/2010 17:13','08/06/2010 17:13',1,5,2),
(309,'WXPZ 00308','Linux','HP 7913','ABCD 123708','User 00308','ER0034A372','Ubuntu 10.275',281,'Network Fixed','Vector','185.12.31.281',4,'x64 Family 4 Model 24 Intel Core 285',2533,4096,'21/09/2010','08/06/2010 17:13','08/06/2010 17:13',1,5,2),
(310,'WXPZ 00309','Linux','HP 7914','ABCD 123709','User 00309','ER0034A373','Ubuntu 10.276',282,'Network Fixed','Vector','185.12.31.282',4,'x64 Family 4 Model 24 Intel Core 286',2533,4096,'21/09/2010','08/06/2010 17:13','08/06/2010 17:13',1,5,2),
(311,'WXPZ 00310','Linux','HP 7915','ABCD 123710','User 00310','ER0034A374','Ubuntu 10.277',283,'Network Fixed','Vector','185.12.31.283',4,'x64 Family 4 Model 24 Intel Core 287',2533,4096,'21/09/2010','08/06/2010 17:13','08/06/2010 17:13',1,2,2),
(312,'WXPZ 00311','Linux','HP 7916','ABCD 123711','User 00311','ER0034A375','Ubuntu 10.278',284,'Network Fixed','Vector','185.12.31.284',4,'x64 Family 4 Model 24 Intel Core 288',2533,4096,'21/09/2010','08/06/2010 17:13','08/06/2010 17:13',1,2,2),
(313,'WXPZ 00312','Linux','HP 7917','ABCD 123712','User 00312','ER0034A376','Ubuntu 10.279',285,'Network Fixed','Vector','185.12.31.285',4,'x64 Family 4 Model 24 Intel Core 289',2533,4096,'21/09/2010','08/06/2010 17:13','08/06/2010 17:13',1,2,2),
(314,'WXPZ 00313','Linux','HP 7918','ABCD 123713','User 00313','ER0034A377','Ubuntu 10.280',286,'Network Fixed','Vector','185.12.31.286',4,'x64 Family 4 Model 24 Intel Core 290',2533,4096,'21/09/2010','08/06/2010 17:13','08/06/2010 17:13',1,2,2),
(315,'WXPZ 00314','Linux','HP 7919','ABCD 123714','User 00314','ER0034A378','Ubuntu 10.281',287,'Network Fixed','Vector','185.12.31.287',4,'x64 Family 4 Model 24 Intel Core 291',2533,4096,'21/09/2010','08/06/2010 17:13','08/06/2010 17:13',1,2,2),
(316,'WXPZ 00315','Linux','HP 7920','ABCD 123715','User 00315','ER0034A379','Ubuntu 10.282',288,'Network Fixed','Vector','185.12.31.288',4,'x64 Family 4 Model 24 Intel Core 292',2533,4096,'21/09/2010','08/06/2010 17:13','08/06/2010 17:13',1,2,2),
(317,'WXPZ 00316','Linux','HP 7921','ABCD 123716','User 00316','ER0034A380','Ubuntu 10.283',289,'Network Fixed','Vector','185.12.31.289',4,'x64 Family 4 Model 24 Intel Core 293',2533,4096,'21/09/2010','08/06/2010 17:13','08/06/2010 17:13',1,2,2),
(318,'WXPZ 00317','Linux','HP 7922','ABCD 123717','User 00317','ER0034A381','Ubuntu 10.284',290,'Network Fixed','Vector','185.12.31.290',4,'x64 Family 4 Model 24 Intel Core 294',2533,4096,'21/09/2010','08/06/2010 17:13','08/06/2010 17:13',1,2,2),
(319,'WXPZ 00318','Linux','HP 7923','ABCD 123718','User 00318','ER0034A382','Ubuntu 10.285',291,'Network Fixed','Vector','185.12.31.291',4,'x64 Family 4 Model 24 Intel Core 295',2533,4096,'21/09/2010','08/06/2010 17:13','08/06/2010 17:13',1,2,2),
(320,'WXPZ 00319','Linux','HP 7924','ABCD 123719','User 00319','ER0034A383','Ubuntu 10.286',292,'Network Fixed','Vector','185.12.31.292',4,'x64 Family 4 Model 24 Intel Core 296',2533,4096,'21/09/2010','08/06/2010 17:13','08/06/2010 17:13',1,2,2),
(321,'WXPZ 00320','Linux','HP 7925','ABCD 123720','User 00320','ER0034A384','Ubuntu 10.287',293,'Network Fixed','Vector','185.12.31.293',4,'x64 Family 4 Model 24 Intel Core 297',2533,4096,'21/09/2010','08/06/2010 17:13','08/06/2010 17:13',1,2,2),
(322,'WXPZ 00321','Linux','HP 7926','ABCD 123721','User 00321','ER0034A385','Ubuntu 10.288',294,'Network Fixed','Vector','185.12.31.294',4,'x64 Family 4 Model 24 Intel Core 298',2533,4096,'21/09/2010','08/06/2010 17:13','08/06/2010 17:13',1,2,2),
(323,'WXPZ 00322','Linux','HP 7927','ABCD 123722','User 00322','ER0034A386','Ubuntu 10.289',295,'Network Fixed','Vector','185.12.31.295',4,'x64 Family 4 Model 24 Intel Core 299',2533,4096,'21/09/2010','08/06/2010 17:13','08/06/2010 17:13',1,2,2),
(324,'WXPZ 00323','Linux','HP 7928','ABCD 123723','User 00323','ER0034A387','Ubuntu 10.290',296,'Network Fixed','Vector','185.12.31.296',4,'x64 Family 4 Model 24 Intel Core 300',2533,4096,'21/09/2010','08/06/2010 17:13','08/06/2010 17:13',1,3,2),
(325,'WXPZ 00324','Linux','HP 7929','ABCD 123724','User 00324','ER0034A388','Ubuntu 10.291',297,'Network Fixed','Vector','185.12.31.297',4,'x64 Family 4 Model 24 Intel Core 301',2533,4096,'21/09/2010','08/06/2010 17:13','08/06/2010 17:13',1,3,2),
(326,'WXPZ 00325','Linux','HP 7930','ABCD 123725','User 00325','ER0034A389','Ubuntu 10.292',298,'Network Fixed','Vector','185.12.31.298',4,'x64 Family 4 Model 24 Intel Core 302',2533,4096,'21/09/2010','08/06/2010 17:13','08/06/2010 17:13',1,3,2),
(327,'WXPZ 00326','Linux','HP 7931','ABCD 123726','User 00326','ER0034A390','Ubuntu 10.293',299,'Network Fixed','Vector','185.12.31.299',4,'x64 Family 4 Model 24 Intel Core 303',2533,4096,'21/09/2010','08/06/2010 17:13','08/06/2010 17:13',1,3,2),
(328,'WXPZ 00327','Linux','HP 7932','ABCD 123727','User 00327','ER0034A391','Ubuntu 10.294',300,'Network Fixed','Vector','185.12.31.300',4,'x64 Family 4 Model 24 Intel Core 304',2533,4096,'21/09/2010','08/06/2010 17:13','08/06/2010 17:13',1,3,2),
(329,'WXPZ 00328','Linux','HP 7933','ABCD 123728','User 00328','ER0034A392','Ubuntu 10.295',301,'Network Fixed','Vector','185.12.31.301',4,'x64 Family 4 Model 24 Intel Core 305',2533,4096,'21/09/2010','08/06/2010 17:13','08/06/2010 17:13',1,3,2),
(330,'WXPZ 00329','Linux','HP 7934','ABCD 123729','User 00329','ER0034A393','Ubuntu 10.296',302,'Network Fixed','Vector','185.12.31.302',4,'x64 Family 4 Model 24 Intel Core 306',2533,4096,'21/09/2010','08/06/2010 17:13','08/06/2010 17:13',1,3,2),
(331,'WXPZ 00330','Linux','HP 7935','ABCD 123730','User 00330','ER0034A394','Ubuntu 10.297',303,'Network Fixed','Vector','185.12.31.303',4,'x64 Family 4 Model 24 Intel Core 307',2533,4096,'21/09/2010','08/06/2010 17:13','08/06/2010 17:13',1,3,2),
(332,'WXPZ 00331','Linux','HP 7936','ABCD 123731','User 00331','ER0034A395','Ubuntu 10.298',304,'Network Fixed','Vector','185.12.31.304',4,'x64 Family 4 Model 24 Intel Core 308',2533,4096,'21/09/2010','08/06/2010 17:13','08/06/2010 17:13',1,3,2),
(333,'WXPZ 00332','Linux','HP 7937','ABCD 123732','User 00332','ER0034A396','Ubuntu 10.299',305,'Network Fixed','Vector','185.12.31.305',4,'x64 Family 4 Model 24 Intel Core 309',2533,4096,'21/09/2010','08/06/2010 17:13','08/06/2010 17:13',1,3,2),
(334,'WXPZ 00333','Linux','HP 7938','ABCD 123733','User 00333','ER0034A397','Ubuntu 10.300',306,'Network Fixed','Vector','185.12.31.306',4,'x64 Family 4 Model 24 Intel Core 310',2533,4096,'21/09/2010','08/06/2010 17:13','08/06/2010 17:13',1,3,2),
(335,'WXPZ 00334','Linux','HP 7939','ABCD 123734','User 00334','ER0034A398','Ubuntu 10.301',307,'Network Fixed','Vector','185.12.31.307',4,'x64 Family 4 Model 24 Intel Core 311',2533,4096,'21/09/2010','08/06/2010 17:13','08/06/2010 17:13',1,4,2),
(336,'WXPZ 00335','Linux','HP 7940','ABCD 123735','User 00335','ER0034A399','Ubuntu 10.302',308,'Network Fixed','Vector','185.12.31.308',4,'x64 Family 4 Model 24 Intel Core 312',2533,4096,'21/09/2010','08/06/2010 17:13','08/06/2010 17:13',1,4,2),
(337,'WXPZ 00336','Linux','HP 7941','ABCD 123736','User 00336','ER0034A400','Ubuntu 10.303',309,'Network Fixed','Vector','185.12.31.309',4,'x64 Family 4 Model 24 Intel Core 313',2533,4096,'21/09/2010','08/06/2010 17:13','08/06/2010 17:13',1,4,2),
(338,'WXPZ 00337','Linux','HP 7942','ABCD 123737','User 00337','ER0034A401','Ubuntu 10.304',310,'Network Fixed','Vector','185.12.31.310',4,'x64 Family 4 Model 24 Intel Core 314',2533,4096,'21/09/2010','08/06/2010 17:13','08/06/2010 17:13',1,4,2),
(339,'WXPZ 00338','Linux','HP 7943','ABCD 123738','User 00338','ER0034A402','Ubuntu 10.305',311,'Network Fixed','Vector','185.12.31.311',4,'x64 Family 4 Model 24 Intel Core 315',2533,4096,'21/09/2010','08/06/2010 17:13','08/06/2010 17:13',1,4,2),
(340,'WXPZ 00339','Linux','HP 7944','ABCD 123739','User 00339','ER0034A403','Ubuntu 10.306',312,'Network Fixed','Vector','185.12.31.312',4,'x64 Family 4 Model 24 Intel Core 316',2533,4096,'21/09/2010','08/06/2010 17:13','08/06/2010 17:13',1,4,2),
(341,'WXPZ 00340','Linux','HP 7945','ABCD 123740','User 00340','ER0034A404','Ubuntu 10.307',313,'Network Fixed','Vector','185.12.31.313',4,'x64 Family 4 Model 24 Intel Core 317',2533,4096,'21/09/2010','08/06/2010 17:13','08/06/2010 17:13',1,4,2),
(342,'WXPZ 00341','Linux','HP 7946','ABCD 123741','User 00341','ER0034A405','Ubuntu 10.308',314,'Network Fixed','Vector','185.12.31.314',4,'x64 Family 4 Model 24 Intel Core 318',2533,4096,'21/09/2010','08/06/2010 17:13','08/06/2010 17:13',1,4,2),
(343,'WXPZ 00342','Linux','HP 7947','ABCD 123742','User 00342','ER0034A406','Ubuntu 10.309',315,'Network Fixed','Vector','185.12.31.315',4,'x64 Family 4 Model 24 Intel Core 319',2533,4096,'21/09/2010','08/06/2010 17:13','08/06/2010 17:13',1,4,2),
(344,'WXPZ 00343','Linux','HP 7948','ABCD 123743','User 00343','ER0034A407','Ubuntu 10.310',316,'Network Fixed','Vector','185.12.31.316',4,'x64 Family 4 Model 24 Intel Core 320',2533,4096,'21/09/2010','08/06/2010 17:13','08/06/2010 17:13',1,4,2),
(345,'WXPZ 00344','Linux','HP 7949','ABCD 123744','User 00344','ER0034A408','Ubuntu 10.311',317,'Network Fixed','Vector','185.12.31.317',4,'x64 Family 4 Model 24 Intel Core 321',2533,4096,'21/09/2010','08/06/2010 17:13','08/06/2010 17:13',1,4,2),
(346,'WXPZ 00345','Linux','HP 7950','ABCD 123745','User 00345','ER0034A409','Ubuntu 10.312',318,'Network Fixed','Vector','185.12.31.318',4,'x64 Family 4 Model 24 Intel Core 322',2533,4096,'21/09/2010','08/06/2010 17:13','08/06/2010 17:13',1,4,2),
(347,'WXPZ 00346','Linux','HP 7951','ABCD 123746','User 00346','ER0034A410','Ubuntu 10.313',319,'Network Fixed','Vector','185.12.31.319',4,'x64 Family 4 Model 24 Intel Core 323',2533,4096,'21/09/2010','08/06/2010 17:13','08/06/2010 17:13',1,4,2),
(348,'WXPZ 00347','Linux','HP 7952','ABCD 123747','User 00347','ER0034A411','Ubuntu 10.314',320,'Network Fixed','Vector','185.12.31.320',4,'x64 Family 4 Model 24 Intel Core 324',2533,4096,'21/09/2010','08/06/2010 17:13','08/06/2010 17:13',1,5,2),
(349,'WXPZ 00348','Linux','HP 7953','ABCD 123748','User 00348','ER0034A412','Ubuntu 10.315',321,'Network Fixed','Vector','185.12.31.321',4,'x64 Family 4 Model 24 Intel Core 325',2533,4096,'21/09/2010','08/06/2010 17:13','08/06/2010 17:13',1,5,2),
(350,'WXPZ 00349','Linux','HP 7954','ABCD 123749','User 00349','ER0034A413','Ubuntu 10.316',322,'Network Fixed','Vector','185.12.31.322',4,'x64 Family 4 Model 24 Intel Core 326',2533,4096,'21/09/2010','08/06/2010 17:13','08/06/2010 17:13',1,5,2),
(351,'WXPZ 00350','Linux','HP 7955','ABCD 123750','User 00350','ER0034A414','Ubuntu 10.317',323,'Network Fixed','Vector','185.12.31.323',4,'x64 Family 4 Model 24 Intel Core 327',2533,4096,'21/09/2010','08/06/2010 17:13','08/06/2010 17:13',1,5,2),
(352,'WXPZ 00351','Linux','HP 7956','ABCD 123751','User 00351','ER0034A415','Ubuntu 10.318',324,'Network Fixed','Vector','185.12.31.324',4,'x64 Family 4 Model 24 Intel Core 328',2533,4096,'21/09/2010','08/06/2010 17:13','08/06/2010 17:13',1,5,2),
(353,'WXPZ 00352','Linux','HP 7957','ABCD 123752','User 00352','ER0034A416','Ubuntu 10.319',325,'Network Fixed','Vector','185.12.31.325',4,'x64 Family 4 Model 24 Intel Core 329',2533,4096,'21/09/2010','08/06/2010 17:13','08/06/2010 17:13',1,5,2),
(354,'WXPZ 00353','Linux','HP 7958','ABCD 123753','User 00353','ER0034A417','Ubuntu 10.320',326,'Network Fixed','Vector','185.12.31.326',4,'x64 Family 4 Model 24 Intel Core 330',2533,4096,'21/09/2010','08/06/2010 17:13','08/06/2010 17:13',1,5,2),
(355,'WXPZ 00354','Linux','HP 7959','ABCD 123754','User 00354','ER0034A418','Ubuntu 10.321',327,'Network Fixed','Vector','185.12.31.327',4,'x64 Family 4 Model 24 Intel Core 331',2533,4096,'21/09/2010','08/06/2010 17:13','08/06/2010 17:13',1,5,2),
(356,'WXPZ 00355','Linux','HP 7960','ABCD 123755','User 00355','ER0034A419','Ubuntu 10.322',328,'Network Fixed','Vector','185.12.31.328',4,'x64 Family 4 Model 24 Intel Core 332',2533,4096,'21/09/2010','08/06/2010 17:13','08/06/2010 17:13',1,5,2),
(357,'WXPZ 00356','Linux','HP 7961','ABCD 123756','User 00356','ER0034A420','Ubuntu 10.323',329,'Network Fixed','Vector','185.12.31.329',4,'x64 Family 4 Model 24 Intel Core 333',2533,4096,'21/09/2010','08/06/2010 17:13','08/06/2010 17:13',1,5,2),
(358,'WXPZ 00357','Linux','HP 7962','ABCD 123757','User 00357','ER0034A421','Ubuntu 10.324',330,'Network Fixed','Vector','185.12.31.330',4,'x64 Family 4 Model 24 Intel Core 334',2533,4096,'21/09/2010','08/06/2010 17:13','08/06/2010 17:13',1,5,2),
(359,'WXPZ 00358','Linux','HP 7963','ABCD 123758','User 00358','ER0034A422','Ubuntu 10.325',331,'Network Fixed','Vector','185.12.31.331',4,'x64 Family 4 Model 24 Intel Core 335',2533,4096,'21/09/2010','08/06/2010 17:13','08/06/2010 17:13',1,6,2),
(360,'WXPZ 00359','Linux','HP 7964','ABCD 123759','User 00359','ER0034A423','Ubuntu 10.326',332,'Network Fixed','Vector','185.12.31.332',4,'x64 Family 4 Model 24 Intel Core 336',2533,4096,'21/09/2010','08/06/2010 17:13','08/06/2010 17:13',1,6,2),
(361,'WXPZ 00360','Linux','HP 7965','ABCD 123760','User 00360','ER0034A424','Ubuntu 10.327',333,'Network Fixed','Vector','185.12.31.333',4,'x64 Family 4 Model 24 Intel Core 337',2533,4096,'21/09/2010','08/06/2010 17:13','08/06/2010 17:13',1,6,2),
(362,'WXPZ 00361','Linux','HP 7966','ABCD 123761','User 00361','ER0034A425','Ubuntu 10.328',334,'Network Fixed','Vector','185.12.31.334',4,'x64 Family 4 Model 24 Intel Core 338',2533,4096,'21/09/2010','08/06/2010 17:13','08/06/2010 17:13',1,6,2),
(363,'WXPZ 00362','Linux','HP 7967','ABCD 123762','User 00362','ER0034A426','Ubuntu 10.329',335,'Network Fixed','Vector','185.12.31.335',4,'x64 Family 4 Model 24 Intel Core 339',2533,4096,'21/09/2010','08/06/2010 17:13','08/06/2010 17:13',1,6,2),
(364,'WXPZ 00363','Linux','HP 7968','ABCD 123763','User 00363','ER0034A427','Ubuntu 10.330',336,'Network Fixed','Vector','185.12.31.336',4,'x64 Family 4 Model 24 Intel Core 340',2533,4096,'21/09/2010','08/06/2010 17:13','08/06/2010 17:13',1,6,2),
(365,'WXPZ 00364','Linux','HP 7969','ABCD 123764','User 00364','ER0034A428','Ubuntu 10.331',337,'Network Fixed','Vector','185.12.31.337',4,'x64 Family 4 Model 24 Intel Core 341',2533,4096,'21/09/2010','08/06/2010 17:13','08/06/2010 17:13',1,6,2),
(366,'WXPZ 00365','Linux','HP 7970','ABCD 123765','User 00365','ER0034A429','Ubuntu 10.332',338,'Network Fixed','Vector','185.12.31.338',4,'x64 Family 4 Model 24 Intel Core 342',2533,4096,'21/09/2010','08/06/2010 17:13','08/06/2010 17:13',1,6,2),
(367,'WXPZ 00366','Linux','HP 7971','ABCD 123766','User 00366','ER0034A430','Ubuntu 10.333',339,'Network Fixed','Vector','185.12.31.339',4,'x64 Family 4 Model 24 Intel Core 343',2533,4096,'21/09/2010','08/06/2010 17:13','08/06/2010 17:13',1,6,2),
(368,'WXPZ 00367','Linux','HP 7972','ABCD 123767','User 00367','ER0034A431','Ubuntu 10.334',340,'Network Fixed','Vector','185.12.31.340',4,'x64 Family 4 Model 24 Intel Core 344',2533,4096,'21/09/2010','08/06/2010 17:13','08/06/2010 17:13',1,6,2),
(369,'WXPZ 00368','Linux','HP 7973','ABCD 123768','User 00368','ER0034A432','Ubuntu 10.335',341,'Network Fixed','Vector','185.12.31.341',4,'x64 Family 4 Model 24 Intel Core 345',2533,4096,'21/09/2010','08/06/2010 17:13','08/06/2010 17:13',1,6,2),
(370,'WXPZ 00369','Linux','HP 7974','ABCD 123769','User 00369','ER0034A433','Ubuntu 10.336',342,'Network Fixed','Vector','185.12.31.342',4,'x64 Family 4 Model 24 Intel Core 346',2533,4096,'21/09/2010','08/06/2010 17:13','08/06/2010 17:13',1,6,2),
(371,'WXPZ 00370','Linux','HP 7975','ABCD 123770','User 00370','ER0034A434','Ubuntu 10.337',343,'Network Fixed','Vector','185.12.31.343',4,'x64 Family 4 Model 24 Intel Core 347',2533,4096,'21/09/2010','08/06/2010 17:13','08/06/2010 17:13',1,5,2),
(372,'WXPZ 00371','Linux','HP 7976','ABCD 123771','User 00371','ER0034A435','Ubuntu 10.338',344,'Network Fixed','Vector','185.12.31.344',4,'x64 Family 4 Model 24 Intel Core 348',2533,4096,'21/09/2010','08/06/2010 17:13','08/06/2010 17:13',1,5,2),
(373,'WXPZ 00372','Linux','HP 7977','ABCD 123772','User 00372','ER0034A436','Ubuntu 10.339',345,'Network Fixed','Vector','185.12.31.345',4,'x64 Family 4 Model 24 Intel Core 349',2533,4096,'21/09/2010','08/06/2010 17:13','08/06/2010 17:13',1,5,2),
(374,'WXPZ 00373','Linux','HP 7978','ABCD 123773','User 00373','ER0034A437','Ubuntu 10.340',346,'Network Fixed','Vector','185.12.31.346',4,'x64 Family 4 Model 24 Intel Core 350',2533,4096,'21/09/2010','08/06/2010 17:13','08/06/2010 17:13',1,5,2),
(375,'WXPZ 00374','Linux','HP 7979','ABCD 123774','User 00374','ER0034A438','Ubuntu 10.341',347,'Network Fixed','Vector','185.12.31.347',4,'x64 Family 4 Model 24 Intel Core 351',2533,4096,'21/09/2010','08/06/2010 17:13','08/06/2010 17:13',1,5,2),
(376,'WXPZ 00375','Linux','HP 7980','ABCD 123775','User 00375','ER0034A439','Ubuntu 10.342',348,'Network Fixed','Vector','185.12.31.348',4,'x64 Family 4 Model 24 Intel Core 352',2533,4096,'21/09/2010','08/06/2010 17:13','08/06/2010 17:13',1,5,2),
(377,'WXPZ 00376','Linux','HP 7981','ABCD 123776','User 00376','ER0034A440','Ubuntu 10.343',349,'Network Fixed','Vector','185.12.31.349',4,'x64 Family 4 Model 24 Intel Core 353',2533,4096,'21/09/2010','08/06/2010 17:13','08/06/2010 17:13',1,7,2),
(378,'WXPZ 00377','Linux','HP 7982','ABCD 123777','User 00377','ER0034A441','Ubuntu 10.344',350,'Network Fixed','Vector','185.12.31.350',4,'x64 Family 4 Model 24 Intel Core 354',2533,4096,'21/09/2010','08/06/2010 17:13','08/06/2010 17:13',1,7,2),
(379,'WXPZ 00378','Linux','HP 7983','ABCD 123778','User 00378','ER0034A442','Ubuntu 10.345',351,'Network Fixed','Vector','185.12.31.351',4,'x64 Family 4 Model 24 Intel Core 355',2533,4096,'21/09/2010','08/06/2010 17:13','08/06/2010 17:13',1,7,2),
(380,'WXPZ 00379','Linux','HP 7984','ABCD 123779','User 00379','ER0034A443','Ubuntu 10.346',352,'Network Fixed','Vector','185.12.31.352',4,'x64 Family 4 Model 24 Intel Core 356',2533,4096,'21/09/2010','08/06/2010 17:13','08/06/2010 17:13',1,7,2),
(381,'WXPZ 00380','Linux','HP 7985','ABCD 123780','User 00380','ER0034A444','Ubuntu 10.347',353,'Network Fixed','Vector','185.12.31.353',4,'x64 Family 4 Model 24 Intel Core 357',2533,4096,'21/09/2010','08/06/2010 17:13','08/06/2010 17:13',1,7,2),
(382,'WXPZ 00381','Linux','HP 7986','ABCD 123781','User 00381','ER0034A445','Ubuntu 10.348',354,'Network Fixed','Vector','185.12.31.354',4,'x64 Family 4 Model 24 Intel Core 358',2533,4096,'21/09/2010','08/06/2010 17:13','08/06/2010 17:13',1,7,2),
(383,'WXPZ 00382','Linux','HP 7987','ABCD 123782','User 00382','ER0034A446','Ubuntu 10.349',355,'Network Fixed','Vector','185.12.31.355',4,'x64 Family 4 Model 24 Intel Core 359',2533,4096,'21/09/2010','08/06/2010 17:13','08/06/2010 17:13',1,4,2),
(384,'WXPZ 00383','Linux','HP 7988','ABCD 123783','User 00383','ER0034A447','Ubuntu 10.350',356,'Network Fixed','Vector','185.12.31.356',4,'x64 Family 4 Model 24 Intel Core 360',2533,4096,'21/09/2010','08/06/2010 17:13','08/06/2010 17:13',1,4,2),
(385,'WXPZ 00384','Linux','HP 7989','ABCD 123784','User 00384','ER0034A448','Ubuntu 10.351',357,'Network Fixed','Vector','185.12.31.357',4,'x64 Family 4 Model 24 Intel Core 361',2533,4096,'21/09/2010','08/06/2010 17:13','08/06/2010 17:13',1,4,2),
(386,'WXPZ 00385','Linux','HP 7990','ABCD 123785','User 00385','ER0034A449','Ubuntu 10.352',358,'Network Fixed','Vector','185.12.31.358',4,'x64 Family 4 Model 24 Intel Core 362',2533,4096,'21/09/2010','08/06/2010 17:13','08/06/2010 17:13',1,4,2),
(387,'WXPZ 00386','Linux','HP 7991','ABCD 123786','User 00386','ER0034A450','Ubuntu 10.353',359,'Network Fixed','Vector','185.12.31.359',4,'x64 Family 4 Model 24 Intel Core 363',2533,4096,'21/09/2010','08/06/2010 17:13','08/06/2010 17:13',1,4,2),
(388,'WXPZ 00387','Linux','HP 7992','ABCD 123787','User 00387','ER0034A451','Ubuntu 10.354',360,'Network Fixed','Vector','185.12.31.360',4,'x64 Family 4 Model 24 Intel Core 364',2533,4096,'21/09/2010','08/06/2010 17:13','08/06/2010 17:13',1,3,2),
(389,'WXPZ 00388','Linux','HP 7993','ABCD 123788','User 00388','ER0034A452','Ubuntu 10.355',361,'Network Fixed','Vector','185.12.31.361',4,'x64 Family 4 Model 24 Intel Core 365',2533,4096,'21/09/2010','08/06/2010 17:13','08/06/2010 17:13',1,3,2),
(390,'WXPZ 00389','Linux','HP 7994','ABCD 123789','User 00389','ER0034A453','Ubuntu 10.356',362,'Network Fixed','Vector','185.12.31.362',4,'x64 Family 4 Model 24 Intel Core 366',2533,4096,'21/09/2010','08/06/2010 17:13','08/06/2010 17:13',1,3,2),
(391,'WXPZ 00390','Linux','HP 7995','ABCD 123790','User 00390','ER0034A454','Ubuntu 10.357',363,'Network Fixed','Vector','185.12.31.363',4,'x64 Family 4 Model 24 Intel Core 367',2533,4096,'21/09/2010','08/06/2010 17:13','08/06/2010 17:13',1,3,2),
(392,'WXPZ 00391','Linux','HP 7996','ABCD 123791','User 00391','ER0034A455','Ubuntu 10.358',364,'Network Fixed','Vector','185.12.31.364',4,'x64 Family 4 Model 24 Intel Core 368',2533,4096,'21/09/2010','08/06/2010 17:13','08/06/2010 17:13',1,3,2),
(393,'WXPZ 00392','Linux','HP 7997','ABCD 123792','User 00392','ER0034A456','Ubuntu 10.359',365,'Network Fixed','Vector','185.12.31.365',4,'x64 Family 4 Model 24 Intel Core 369',2533,4096,'21/09/2010','08/06/2010 17:13','08/06/2010 17:13',1,3,2),
(394,'WXPZ 00393','Linux','HP 7998','ABCD 123793','User 00393','ER0034A457','Ubuntu 10.360',366,'Network Fixed','Vector','185.12.31.366',4,'x64 Family 4 Model 24 Intel Core 370',2533,4096,'21/09/2010','08/06/2010 17:13','08/06/2010 17:13',1,2,2),
(395,'WXPZ 00394','Linux','HP 7999','ABCD 123794','User 00394','ER0034A458','Ubuntu 10.361',367,'Network Fixed','Vector','185.12.31.367',4,'x64 Family 4 Model 24 Intel Core 371',2533,4096,'21/09/2010','08/06/2010 17:13','08/06/2010 17:13',1,2,2),
(396,'WXPZ 00395','Linux','HP 8000','ABCD 123795','User 00395','ER0034A459','Ubuntu 10.362',368,'Network Fixed','Vector','185.12.31.368',4,'x64 Family 4 Model 24 Intel Core 372',2533,4096,'21/09/2010','08/06/2010 17:13','08/06/2010 17:13',1,2,2),
(397,'WXPZ 00396','Linux','HP 8001','ABCD 123796','User 00396','ER0034A460','Ubuntu 10.363',369,'Network Fixed','Vector','185.12.31.369',4,'x64 Family 4 Model 24 Intel Core 373',2533,4096,'21/09/2010','08/06/2010 17:13','08/06/2010 17:13',1,2,2),
(398,'WXPZ 00397','Linux','HP 8002','ABCD 123797','User 00397','ER0034A461','Ubuntu 10.364',370,'Network Fixed','Vector','185.12.31.370',4,'x64 Family 4 Model 24 Intel Core 374',2533,4096,'21/09/2010','08/06/2010 17:13','08/06/2010 17:13',1,2,2),
(399,'WXPZ 00398','Linux','HP 8003','ABCD 123798','User 00398','ER0034A462','Ubuntu 10.365',371,'Network Fixed','Vector','185.12.31.371',4,'x64 Family 4 Model 24 Intel Core 375',2533,4096,'21/09/2010','08/06/2010 17:13','08/06/2010 17:13',1,2,2),
(400,'WXPZ 00399','Linux','HP 8004','ABCD 123799','User 00399','ER0034A463','Ubuntu 10.366',372,'Network Fixed','Vector','185.12.31.372',4,'x64 Family 4 Model 24 Intel Core 376',2533,4096,'21/09/2010','08/06/2010 17:13','08/06/2010 17:13',1,1,2),
(401,'WXPZ 00400','Linux','HP 8005','ABCD 123800','User 00400','ER0034A464','Ubuntu 10.367',373,'Network Fixed','Vector','185.12.31.373',4,'x64 Family 4 Model 24 Intel Core 377',2533,4096,'21/09/2010','08/06/2010 17:13','08/06/2010 17:13',1,1,2),
(402,'WXPZ 00401','Linux','HP 8006','ABCD 123801','User 00401','ER0034A465','Ubuntu 10.368',374,'Network Fixed','Vector','185.12.31.374',4,'x64 Family 4 Model 24 Intel Core 378',2533,4096,'21/09/2010','08/06/2010 17:13','08/06/2010 17:13',1,1,2),
(403,'WXPZ 00402','Linux','HP 8007','ABCD 123802','User 00402','ER0034A466','Ubuntu 10.369',375,'Network Fixed','Vector','185.12.31.375',4,'x64 Family 4 Model 24 Intel Core 379',2533,4096,'21/09/2010','08/06/2010 17:13','08/06/2010 17:13',1,1,2),
(404,'WXPZ 00403','Linux','HP 8008','ABCD 123803','User 00403','ER0034A467','Ubuntu 10.370',376,'Network Fixed','Vector','185.12.31.376',4,'x64 Family 4 Model 24 Intel Core 380',2533,4096,'21/09/2010','08/06/2010 17:13','08/06/2010 17:13',1,1,2),
(405,'WXPZ 00404','Linux','HP 8009','ABCD 123804','User 00404','ER0034A468','Ubuntu 10.371',377,'Network Fixed','Vector','185.12.31.377',4,'x64 Family 4 Model 24 Intel Core 381',2533,4096,'21/09/2010','08/06/2010 17:13','08/06/2010 17:13',1,2,2),
(406,'WXPZ 00405','Linux','HP 8010','ABCD 123805','User 00405','ER0034A469','Ubuntu 10.372',378,'Network Fixed','Vector','185.12.31.378',4,'x64 Family 4 Model 24 Intel Core 382',2533,4096,'21/09/2010','08/06/2010 17:13','08/06/2010 17:13',1,2,2),
(407,'WXPZ 00406','Linux','HP 8011','ABCD 123806','User 00406','ER0034A470','Ubuntu 10.373',379,'Network Fixed','Vector','185.12.31.379',4,'x64 Family 4 Model 24 Intel Core 383',2533,4096,'21/09/2010','08/06/2010 17:13','08/06/2010 17:13',1,2,2);




DROP TABLE IF EXISTS `devices_registers`;

CREATE TABLE `devices_registers`(
	`device_id` SMALLINT UNSIGNED NOT NULL,
	`register_id` SMALLINT UNSIGNED NOT NULL,
  PRIMARY KEY (`device_id`,`register_id`)
);

INSERT INTO `devices_registers` VALUES
(1,1),
(1,2),
(1,3),
(1,4),
(2,1),
(2,2),
(2,3),
(2,4),
(3,1),
(3,2),
(3,3),
(3,4),
(4,1),
(4,4),
(5,2),
(5,3),
(6,3),
(6,2),
(7,2),
(7,3),
(8,3),
(9,3);

DROP TABLE IF EXISTS `devices_versions`;

CREATE TABLE `devices_versions`(
	`device_id` INTEGER UNSIGNED NOT NULL,
	`version_id` INTEGER UNSIGNED NOT NULL,
  PRIMARY KEY (`device_id`,`version_id`)
);

INSERT INTO `devices_versions` VALUES(1,1),
(1,150),
(1,20),
(1,21),
(1,22),
(1,2),
(1,4),
(1,6),
(1,7),
(1,100),
(2,149),
(2,1),
(2,2),
(2,3),
(2,4),
(2,5),
(2,6),
(2,7),
(2,8),
(2,9),
(3,149),
(3,2),
(3,3),
(3,42),
(3,35),
(3,54),
(4,56),
(4,76),
(4,87),
(4,149),
(4,1),
(5,150),
(5,20),
(5,21),
(5,22),
(5,2),
(6,4),
(6,6),
(6,7),
(6,100),
(6,150),
(7,1),
(7,2),
(7,149),
(7,4),
(7,5),
(8,6),
(8,7),
(8,8),
(8,9),
(9,150),
(9,2),
(9,3),
(10,42),
(10,35),
(11,54),
(11,56),
(11,76),
(12,87),
(12,149),
(29,1),
(29,149),
(29,20),
(29,21),
(29,22),
(29,2),
(29,4),
(29,6),
(29,7),
(29,100),
(30,150),
(30,1),
(30,2),
(30,3),
(30,4),
(30,5),
(30,6),
(30,7),
(30,8),
(30,9),
(31,149),
(31,2),
(31,3),
(31,42),
(31,35),
(31,54),
(32,56),
(32,76),
(32,87),
(32,149),
(32,1),
(33,150),
(33,20),
(33,21),
(33,22),
(33,2),
(34,4),
(34,6),
(34,7),
(34,100),
(34,149),
(35,1),
(35,2),
(35,149),
(35,4),
(35,5),
(36,6),
(36,7),
(36,8),
(36,9),
(37,149),
(37,2),
(37,3),
(38,42),
(38,35),
(39,54),
(39,56),
(39,76),
(40,87),
(40,149);

DROP TABLE IF EXISTS `entitlements`;

CREATE TABLE `entitlements`(
	`id` SMALLINT UNSIGNED NOT NULL AUTO_INCREMENT,
  `installation_id` SMALLINT,
  `version_id` SMALLINT,
	`region` VARCHAR(256) NOT NULL,
	`agreement_type` VARCHAR(256) NOT NULL,
	`licence_type` VARCHAR(256) NOT NULL,
  `location_id` SMALLINT,
  `quantity` SMALLINT,
  `cost` SMALLINT,
	`currency` VARCHAR(256) NOT NULL,
	`document_reference` VARCHAR(256) NOT NULL,
	`document_type` VARCHAR(256) NOT NULL,
  `expiry` DATE,
  `support_expiry` DATE,
  `entitlement_id` SMALLINT,
	`supplier` VARCHAR(256) NOT NULL,
  `created_at` DATETIME,
  `updated_at` DATETIME,
	PRIMARY KEY (`id`)
);

INSERT INTO `entitlements` VALUES
(1, 1,6,"Europe","","Perpetual",3,1,10000,"USD","123ABC","Original document","2015-03-24","2010-05-24",0,"Supplier X","",""),
(2, 4,1,"Europe","Volume","Site",2,2,21200,"USD","182XYZ","Reseller document","2015-03-24","2010-05-24",0,"Supplier Z","",""),
(3, 3,2,"North America","","Concurrent",15400,5,30000,"USD","RDX988","Invoice","2015-03-24","2010-05-24",0,"Supplier X","",""),
(4, 4,1,"Europe","","Site",1,1,14230,"EUR","33TTYU","Purchase record","2015-03-24","2010-05-24",0,"Supplier Y","",""),
(5, 3,2,"EMEA","","Concurrent",2,2,113500,"EUR","RDX738","Invoice","2015-03-24","2010-05-24",0,"Supplier Y","",""),
(6, 4,1,"UK","","Site",1,1,20000,"GBP","WTY009","Purchase record","2015-03-24","2010-05-24",0,"Supplier Z","","");

DROP TABLE IF EXISTS `installations`;

CREATE TABLE `installations`(
	`id` SMALLINT UNSIGNED NOT NULL AUTO_INCREMENT,
  `version_id` SMALLINT,
  `device_id` SMALLINT,
  `created_at` DATETIME,
  `updated_at` DATETIME,
	PRIMARY KEY (`id`)
);

INSERT INTO `installations` VALUES
(1,1,1,,),
(2,1,4,,),
(3,1,7,,),
(4,1,10,,),
(5,1,13,,),
(6,1,16,,),
(7,1,19,,),
(8,1,22,,),
(9,1,25,,),
(10,1,28,,),
(11,1,31,,),
(12,1,34,,),
(13,1,37,,),
(14,1,40,,),
(15,1,43,,),
(16,1,46,,),
(17,1,49,,),
(18,1,52,,),
(19,1,55,,),
(20,1,58,,),
(21,1,61,,),
(22,1,64,,),
(23,1,67,,),
(24,1,70,,),
(25,1,73,,),
(26,1,76,,),
(27,1,79,,),
(28,1,82,,),
(29,1,85,,),
(30,1,88,,),
(31,1,91,,),
(32,1,94,,),
(33,1,97,,),
(34,1,100,,),
(35,1,103,,),
(36,1,106,,),
(37,1,109,,),
(38,1,112,,),
(39,1,115,,),
(40,1,118,,),
(41,1,121,,),
(42,1,124,,),
(43,1,127,,),
(44,1,130,,),
(45,1,133,,),
(46,1,136,,),
(47,1,139,,),
(48,1,142,,),
(49,1,145,,),
(50,1,150,,),
(51,1,151,,),
(52,1,154,,),
(53,1,157,,),
(54,1,160,,),
(55,1,163,,),
(56,2,2,,),
(57,2,5,,),
(58,2,8,,),
(59,2,11,,),
(60,2,14,,),
(61,2,17,,),
(62,2,20,,),
(63,2,23,,),
(64,2,26,,),
(65,2,29,,),
(66,2,32,,),
(67,2,35,,),
(68,2,38,,),
(69,2,41,,),
(70,2,44,,),
(71,2,47,,),
(72,2,50,,),
(73,2,53,,),
(74,2,56,,),
(75,2,59,,),
(76,2,62,,),
(77,2,65,,),
(78,2,68,,),
(79,2,71,,),
(80,2,74,,),
(81,2,77,,),
(82,2,80,,),
(83,2,83,,),
(84,2,86,,),
(85,2,89,,),
(86,2,92,,),
(87,2,95,,),
(88,2,98,,),
(89,2,101,,),
(90,2,104,,),
(91,2,107,,),
(92,2,110,,),
(93,2,113,,),
(94,2,116,,),
(95,2,119,,),
(96,2,122,,),
(97,2,125,,),
(98,2,128,,),
(99,2,131,,),
(100,2,134,,),
(101,2,137,,),
(102,2,140,,),
(103,2,143,,),
(104,2,146,,),
(105,2,150,,),
(106,2,152,,),
(107,2,155,,),
(108,2,158,,),
(109,2,161,,),
(110,2,1,,),
(111,3,3,,),
(112,3,6,,),
(113,3,9,,),
(114,3,12,,),
(115,3,15,,),
(116,3,18,,),
(117,3,21,,),
(118,3,24,,),
(119,3,27,,),
(120,3,30,,),
(121,3,33,,),
(122,3,36,,),
(123,3,39,,),
(124,3,42,,),
(125,3,45,,),
(126,3,48,,),
(127,3,51,,),
(128,3,54,,),
(129,3,57,,),
(130,3,60,,),
(131,3,63,,),
(132,3,66,,),
(133,3,69,,),
(134,3,72,,),
(135,3,75,,),
(136,3,78,,),
(137,3,81,,),
(138,3,84,,),
(139,3,87,,),
(140,3,90,,),
(141,3,93,,),
(142,3,96,,),
(143,3,99,,),
(144,3,102,,),
(145,3,105,,),
(146,3,108,,),
(147,3,111,,),
(148,3,114,,),
(149,3,117,,),
(150,3,120,,),
(151,3,123,,),
(152,3,126,,),
(153,3,129,,),
(154,3,132,,),
(155,3,135,,),
(156,3,138,,),
(157,3,141,,),
(158,3,144,,),
(159,3,147,,),
(160,3,150,,),
(161,3,153,,),
(162,3,156,,),
(163,3,159,,),
(164,3,162,,),
(165,3,2,,),
(166,4,1,,),
(167,4,4,,),
(168,4,7,,),
(169,4,10,,),
(170,4,13,,),
(171,4,16,,),
(172,4,19,,),
(173,4,22,,),
(174,4,25,,),
(175,4,28,,),
(176,4,31,,),
(177,4,34,,),
(178,4,37,,),
(179,4,40,,),
(180,4,43,,),
(181,4,46,,),
(182,4,49,,),
(183,4,52,,),
(184,4,55,,),
(185,4,58,,),
(186,4,61,,),
(187,4,64,,),
(188,4,67,,),
(189,4,70,,),
(190,4,73,,),
(191,4,76,,),
(192,4,79,,),
(193,4,82,,),
(194,4,85,,),
(195,4,88,,),
(196,4,91,,),
(197,4,94,,),
(198,4,97,,),
(199,4,100,,),
(200,4,103,,),
(201,4,106,,),
(202,4,109,,),
(203,4,112,,),
(204,4,115,,),
(205,4,118,,),
(206,4,121,,),
(207,4,124,,),
(208,4,127,,),
(209,4,130,,),
(210,4,133,,),
(211,4,136,,),
(212,4,139,,),
(213,4,142,,),
(214,4,145,,),
(215,4,150,,),
(216,4,151,,),
(217,4,154,,),
(218,4,157,,),
(219,4,160,,),
(220,4,163,,),
(221,5,1,,),
(222,5,4,,),
(223,5,7,,),
(224,5,10,,),
(225,5,13,,),
(226,5,16,,),
(227,5,19,,),
(228,5,22,,),
(229,5,25,,),
(230,5,28,,),
(231,5,31,,),
(232,5,34,,),
(233,5,37,,),
(234,5,40,,),
(235,5,43,,),
(236,5,150,,),
(237,6,46,,),
(238,6,49,,),
(239,6,52,,),
(240,6,55,,),
(241,6,58,,),
(242,6,61,,),
(243,6,64,,),
(244,6,67,,),
(245,6,70,,),
(246,6,73,,),
(247,6,76,,),
(248,6,79,,),
(249,6,82,,),
(250,6,85,,),
(251,6,88,,),
(252,6,91,,),
(253,6,149,,),
(254,6,97,,),
(255,6,100,,),
(256,7,94,,),
(257,7,97,,),
(258,7,100,,),
(259,7,103,,),
(260,7,106,,),
(261,7,109,,),
(262,7,112,,),
(263,7,115,,),
(264,7,118,,),
(265,7,121,,),
(266,7,124,,),
(267,7,127,,),
(268,7,130,,),
(269,7,133,,),
(270,7,136,,),
(271,7,139,,),
(272,7,142,,),
(273,7,145,,),
(274,7,150,,),
(275,7,151,,),
(276,7,154,,),
(277,7,157,,),
(278,7,160,,),
(279,7,163,,),
(280,8,77,,),
(281,8,80,,),
(282,8,83,,),
(283,8,86,,),
(284,8,89,,),
(285,8,92,,),
(286,8,95,,),
(287,8,98,,),
(288,8,101,,),
(289,8,104,,),
(290,8,107,,),
(291,8,110,,),
(292,8,113,,),
(293,8,116,,),
(294,8,148,,),
(295,8,122,,),
(296,8,125,,),
(297,8,128,,),
(298,9,3,,),
(299,9,6,,),
(300,9,9,,),
(301,9,12,,),
(302,9,15,,),
(303,9,18,,),
(304,9,21,,),
(305,9,24,,),
(306,9,27,,),
(307,9,30,,),
(308,9,33,,),
(309,9,36,,),
(310,9,39,,),
(311,9,42,,),
(312,9,45,,),
(313,9,48,,),
(314,9,51,,),
(315,9,54,,),
(316,9,150,,),
(317,9,60,,),
(318,9,63,,),
(319,9,66,,),
(320,9,69,,),
(321,10,53,,),
(322,10,56,,),
(323,10,59,,),
(324,10,62,,),
(325,10,65,,),
(326,10,68,,),
(327,10,71,,),
(328,10,74,,),
(329,10,77,,),
(330,10,150,,),
(331,10,83,,),
(332,10,86,,),
(333,10,89,,),
(334,10,92,,),
(335,11,150,,),
(336,11,153,,),
(337,11,156,,),
(338,11,159,,),
(339,11,162,,),
(340,11,2,,),
(341,12,19,,),
(342,12,22,,),
(343,12,25,,),
(344,12,28,,),
(345,12,31,,),
(346,12,34,,),
(347,12,37,,),
(348,12,40,,),
(349,12,43,,),
(350,12,46,,),
(351,12,49,,),
(352,12,52,,),
(353,12,148,,),
(354,13,79,,),
(355,13,82,,),
(356,13,85,,),
(357,13,88,,),
(358,13,91,,),
(359,13,150,,),
(360,13,97,,),
(361,13,100,,),
(362,13,103,,),
(363,14,78,,),
(364,14,81,,),
(365,14,149,,),
(366,14,87,,),
(367,15,78,,),
(368,15,81,,),
(369,15,84,,),
(370,15,150,,),
(371,15,88,,),
(372,15,91,,),
(373,15,94,,),
(374,16,52,,),
(375,16,55,,),
(376,16,58,,),
(377,16,61,,),
(378,16,64,,),
(379,16,67,,),
(380,16,70,,),
(381,16,73,,),
(382,16,76,,),
(383,16,150,,),
(384,17,82,,),
(385,17,85,,),
(386,17,88,,),
(387,17,91,,),
(388,17,94,,),
(389,17,150,,),
(390,18,100,,),
(391,18,103,,),
(392,18,106,,),
(393,18,15,,),
(394,18,150,,),
(395,18,21,,),
(396,19,24,,),
(397,19,27,,),
(398,19,30,,),
(399,19,33,,),
(400,19,150,,);




DROP TABLE IF EXISTS `licences`;

CREATE TABLE `licences`(
	`id` SMALLINT UNSIGNED NOT NULL AUTO_INCREMENT,
	`sku` VARCHAR(64),
	`identifying_number` VARCHAR(64),
  `cal` VARCHAR(48),
  `licence_type` VARCHAR(64),
  `term` VARCHAR(64),
  `upgrade` VARCHAR(64),
	`term_expiry_date` DATE,
  `ci_name` VARCHAR(64),
  `base_licence` VARCHAR(64),
	`maintenance_expiry` DATE,
  `entitlement_type` VARCHAR(64),
  `cost_centre` VARCHAR(64),
  `volume_licence_agreement_number` VARCHAR(64),
  `agreement_location` VARCHAR(64),
  `entitlement_location` VARCHAR(64),
  `supplier` VARCHAR(64),
  `supplier_invoice_number` VARCHAR(64),
	`invoice_date` DATE,
  `po_number` VARCHAR(64),
  `country_of_usage` VARCHAR(64),
  `product_substitution_rights` VARCHAR(64),
  `secondary_rights` VARCHAR(64),
  `transferability` VARCHAR(64),
  `external_licence_transfer_requirements` VARCHAR(64),
  `linkages` VARCHAR(64),
	`total_cost_of_line_item` INTEGER,
	`quantity` INTEGER,
	`unit` VARCHAR(48),
	`cost_unit` INTEGER,
	`maintenance_pa` INTEGER,
  `created_at` DATETIME,
  `updated_at` DATETIME,
  `client_id` SMALLINT,
  `version_id` INTEGER,
  `country` VARCHAR(128),
	PRIMARY KEY (`id`)
);

INSERT INTO `licences` VALUES
(1,123000,'XYZ 00000','CAL 0000','Perpetual','Unlimited','Unlimited','04/07/2010','All','BL 0000','04/07/2010','Perpetual','CC 0000','VLAN 00000','Vancouver Office','Vancouver Office','Adobe Reseller XYZ','SIN 00000','04/07/2010','PO 000000','UK','All','None','OK','Flexible','Both',64500,1000,'GBP',2134,1234,'08/06/2010 17:13','08/06/2010 17:13',1,1,'UK'),
(2,123001,'XYZ 00001','CAL 0001','Perpetual','Unlimited','Unlimited','04/07/2010','All','BL 0001','04/07/2010','Perpetual','CC 0001','VLAN 00001','New York Office','New York Office','Autodesk Reseller XYZ','SIN 00001','04/07/2010','PO 000001','USA','All','None','OK','Flexible','Both',320000,3,'GBP',320000,20000,'08/06/2010 17:13','08/06/2010 17:13',1,159,'UK'),
(3,123002,'XYZ 00002','CAL 0002','Perpetual','Unlimited','Unlimited','04/07/2010','All','BL 0002','04/19/2010','Perpetual','CC 0002','VLAN 00002','Vancouver Office','Vancouver Office','MS Reseller XYZ','SIN 00002','04/07/2010','PO 000002','USA','All','None','OK','Flexible','Both',465738,10000,'USD',178723,12342,'08/06/2010 17:13','08/06/2010 17:13',1,158,'UK'),
(4,123003,'XYZ 00003','CAL 0003','Perpetual','Unlimited','Unlimited','04/07/2010','All','BL 0003','04/07/2010','Perpetual','CC 0003','VLAN 00003','New York Office','New York Office','Autodesk Reseller XYZ','SIN 00003','04/07/2010','PO 000003','USA','All','None','OK','Flexible','Both',320000,3,'GBP',320000,20000,'08/06/2010 17:13','08/06/2010 17:13',1,150,'UK'),
(5,123004,'XYZ 00004','CAL 0004','Perpetual','Unlimited','Unlimited','04/07/2010','All','BL 0004','04/07/2010','Perpetual','CC 0004','VLAN 00004','Vancouver Office','Vancouver Office','Adobe Reseller XYZ','SIN 00004','04/07/2010','PO 000004','UK','All','None','OK','Flexible','Both',64500,1000,'GBP',2134,1234,'08/06/2010 17:13','08/06/2010 17:13',2,82,'UK'),
(6,123005,'XYZ 00005','CAL 0005','Perpetual','Unlimited','Unlimited','04/07/2010','All','BL 0005','04/07/2010','Perpetual','CC 0005','VLAN 00005','New York Office','New York Office','Quest Reseller XYZ','SIN 00005','04/07/2010','PO 000005','USA','All','None','OK','Flexible','Both',320000,3,'GBP',320000,20000,'08/06/2010 17:13','08/06/2010 17:13',2,83,'UK'),
(7,123006,'XYZ 00006','CAL 0006','Annual','5 Year','Unlimited','04/08/2010','All','BL 0006','04/07/2010','Perpetual','CC 0006','VLAN 00006','Vancouver Office','Vancouver Office','Adobe Reseller XYZ','SIN 00006','04/07/2010','PO 000006','UK','All','None','OK','Flexible','Both',24000,900,'GBP',210,123,'08/06/2010 17:13','08/06/2010 17:13',2,1,'UK'),
(8,123007,'XYZ 00007','CAL 0007','Annual','Unlimited','Unlimited','04/09/2010','All','BL 0007','04/07/2010','Perpetual','CC 0007','VLAN 00007','New York Office','New York Office','Autodesk Reseller XYZ','SIN 00007','04/07/2010','PO 000007','USA','All','None','OK','Flexible','Both',17500,800,'GBP',12,123,'08/06/2010 17:13','08/06/2010 17:13',2,2,'UK'),
(9,123008,'XYZ 00008','CAL 0008','Annual','Unlimited','Unlimited','04/10/2010','All','BL 0008','04/19/2010','Perpetual','CC 0008','VLAN 00008','Vancouver Office','Vancouver Office','MS Reseller XYZ','SIN 00008','04/07/2010','PO 000008','USA','All','None','OK','Flexible','Both',29000,1000,'USD',12,123,'08/06/2010 17:13','08/06/2010 17:13',2,3,'UK'),
(10,123009,'XYZ 00009','CAL 0009','Annual','6 Year','Unlimited','04/11/2010','All','BL 0009','04/07/2010','Perpetual','CC 0009','VLAN 00009','New York Office','New York Office','Autodesk Reseller XYZ','SIN 00009','04/07/2010','PO 000009','USA','All','None','OK','Flexible','Both',35000,12000,'GBP',231243,123,'08/06/2010 17:13','08/06/2010 17:13',2,149,'UK'),
(11,123010,'XYZ 00010','CAL 0010','Annual','Unlimited','Unlimited','04/12/2010','All','BL 0010','04/07/2010','Perpetual','CC 0010','VLAN 00010','Vancouver Office','Vancouver Office','Adobe Reseller XYZ','SIN 00010','04/07/2010','PO 000010','UK','All','None','OK','Flexible','Both',1200000,1400,'GBP',2345,1,'08/06/2010 17:13','08/06/2010 17:13',2,150,'UK'),
(12,123011,'XYZ 00011','CAL 0011','Annual','Unlimited','Unlimited','04/13/2010','All','BL 0011','04/07/2010','Perpetual','CC 0011','VLAN 00011','New York Office','New York Office','Quest Reseller XYZ','SIN 00011','04/07/2010','PO 000011','USA','All','None','OK','Flexible','Both',145000,300,'GBP',32456345,231,'08/06/2010 17:13','08/06/2010 17:13',3,1,'UK'),
(13,123012,'XYZ 00012','CAL 0012','Annual','7 Year','Unlimited','04/14/2010','All','BL 0012','04/07/2010','Perpetual','CC 0012','VLAN 00012','Vancouver Office','Vancouver Office','Adobe Reseller XYZ','SIN 00012','04/07/2010','PO 000012','UK','All','None','OK','Flexible','Both',167000,3,'GBP',634576,242,'08/06/2010 17:13','08/06/2010 17:13',3,159,'UK'),
(14,123013,'XYZ 00013','CAL 0013','Annual','Unlimited','Unlimited','04/15/2010','All','BL 0013','04/07/2010','Perpetual','CC 0013','VLAN 00013','New York Office','New York Office','Autodesk Reseller XYZ','SIN 00013','04/07/2010','PO 000013','USA','All','None','OK','Flexible','Both',200000,4,'GBP',4567,34,'08/06/2010 17:13','08/06/2010 17:13',3,158,'UK'),
(15,123014,'XYZ 00014','CAL 0014','Annual','Unlimited','Unlimited','04/16/2010','All','BL 0014','04/19/2010','Perpetual','CC 0014','VLAN 00014','Vancouver Office','Vancouver Office','MS Reseller XYZ','SIN 00014','04/07/2010','PO 000014','USA','All','None','OK','Flexible','Both',2000000,26,'USD',456745,23,'08/06/2010 17:13','08/06/2010 17:13',3,150,'UK'),
(16,123015,'XYZ 00015','CAL 0015','Perpetual','8 Year','Unlimited','04/17/2010','All','BL 0015','04/07/2010','Perpetual','CC 0015','VLAN 00015','New York Office','New York Office','Autodesk Reseller XYZ','SIN 00015','04/07/2010','PO 000015','USA','All','None','OK','Flexible','Both',135000,35,'GBP',7865,12,'08/06/2010 17:13','08/06/2010 17:13',3,82,'UK'),
(17,123016,'XYZ 00016','CAL 0016','Perpetual','Unlimited','Unlimited','04/18/2010','All','BL 0016','04/07/2010','Perpetual','CC 0016','VLAN 00016','Vancouver Office','Vancouver Office','Adobe Reseller XYZ','SIN 00016','04/07/2010','PO 000016','UK','All','None','OK','Flexible','Both',1350000,75,'GBP',786578,31,'08/06/2010 17:13','08/06/2010 17:13',4,83,'UK'),
(18,123017,'XYZ 00017','CAL 0017','Perpetual','Unlimited','Unlimited','04/19/2010','All','BL 0017','04/07/2010','Perpetual','CC 0017','VLAN 00017','New York Office','New York Office','Quest Reseller XYZ','SIN 00017','04/07/2010','PO 000017','USA','All','None','OK','Flexible','Both',45000,81,'GBP',53,23,'08/06/2010 17:13','08/06/2010 17:13',4,1,'UK'),
(19,123018,'XYZ 00018','CAL 0018','Perpetual','9 Year','Unlimited','04/20/2010','All','BL 0018','04/07/2010','Perpetual','CC 0018','VLAN 00018','Vancouver Office','Vancouver Office','Adobe Reseller XYZ','SIN 00018','04/07/2010','PO 000018','UK','All','None','OK','Flexible','Both',500000,897,'GBP',2452,123,'08/06/2010 17:13','08/06/2010 17:13',4,2,'UK'),
(20,123019,'XYZ 00019','CAL 0019','Perpetual','Unlimited','Unlimited','04/21/2010','All','BL 0019','04/07/2010','Perpetual','CC 0019','VLAN 00019','New York Office','New York Office','Autodesk Reseller XYZ','SIN 00019','04/07/2010','PO 000019','USA','All','None','OK','Flexible','Both',5000000,23,'GBP',345,421,'08/06/2010 17:13','08/06/2010 17:13',4,3,'UK'),
(21,123020,'XYZ 00020','CAL 0020','Perpetual','Unlimited','Unlimited','04/22/2010','All','BL 0020','04/19/2010','Perpetual','CC 0020','VLAN 00020','Vancouver Office','Vancouver Office','MS Reseller XYZ','SIN 00020','04/07/2010','PO 000020','USA','All','None','OK','Flexible','Both',345000,123,'USD',1234,34,'08/06/2010 17:13','08/06/2010 17:13',4,149,'UK'),
(22,123021,'XYZ 00021','CAL 0021','Annual','Unlimited','Unlimited','04/23/2010','All','BL 0021','04/07/2010','Perpetual','CC 0021','VLAN 00021','New York Office','New York Office','Autodesk Reseller XYZ','SIN 00021','04/07/2010','PO 000021','USA','All','None','OK','Flexible','Both',64500,432,'USD',1245,234,'08/06/2010 17:13','08/06/2010 17:13',4,1,'UK'),
(23,123022,'XYZ 00022','CAL 0022','Annual','Unlimited','Unlimited','04/24/2010','All','BL 0022','04/07/2010','Perpetual','CC 0022','VLAN 00022','Vancouver Office','Vancouver Office','Adobe Reseller XYZ','SIN 00022','04/07/2010','PO 000022','UK','All','None','OK','Flexible','Both',320000,543,'GBP',2345,2,'08/06/2010 17:13','08/06/2010 17:13',4,159,'UK'),
(24,123023,'XYZ 00023','CAL 0023','Perpetual','Unlimited','Unlimited','04/25/2010','All','BL 0023','04/07/2010','Perpetual','CC 0023','VLAN 00023','New York Office','New York Office','Quest Reseller XYZ','SIN 00023','04/07/2010','PO 000023','USA','All','None','OK','Flexible','Both',465738,345,'GBP',23,3452,'08/06/2010 17:13','08/06/2010 17:13',1,158,'UK'),
(25,123024,'XYZ 00024','CAL 0024','Perpetual','Unlimited','Unlimited','04/26/2010','All','BL 0024','04/07/2010','Perpetual','CC 0024','VLAN 00024','Vancouver Office','Vancouver Office','Adobe Reseller XYZ','SIN 00024','04/07/2010','PO 000024','UK','All','None','OK','Flexible','Both',320000,65,'GBP',452,345,'08/06/2010 17:13','08/06/2010 17:13',1,150,'UK'),
(26,123025,'XYZ 00025','CAL 0025','Perpetual','Unlimited','Unlimited','04/27/2010','All','BL 0025','04/07/2010','Perpetual','CC 0025','VLAN 00025','New York Office','New York Office','Autodesk Reseller XYZ','SIN 00025','04/07/2010','PO 000025','USA','All','None','OK','Flexible','Both',64500,76,'GBP',345,23,'08/06/2010 17:13','08/06/2010 17:13',1,82,'UK'),
(27,123026,'XYZ 00026','CAL 0026','Perpetual','6 Year','Unlimited','04/28/2010','All','BL 0026','04/19/2010','Perpetual','CC 0026','VLAN 00026','Vancouver Office','Vancouver Office','MS Reseller XYZ','SIN 00026','04/07/2010','PO 000026','USA','All','None','OK','Flexible','Both',320000,34,'GBP',234,42,'08/06/2010 17:13','08/06/2010 17:13',1,83,'UK'),
(28,123027,'XYZ 00027','CAL 0027','Perpetual','Unlimited','Unlimited','04/29/2010','All','BL 0027','04/07/2010','Perpetual','CC 0027','VLAN 00027','New York Office','New York Office','Autodesk Reseller XYZ','SIN 00027','04/07/2010','PO 000027','USA','All','None','OK','Flexible','Both',24000,653,'USD',523,34,'08/06/2010 17:13','08/06/2010 17:13',1,1,'UK'),
(29,123028,'XYZ 00028','CAL 0028','Perpetual','Unlimited','Unlimited','04/30/2010','All','BL 0028','04/07/2010','Perpetual','CC 0028','VLAN 00028','Vancouver Office','Vancouver Office','Adobe Reseller XYZ','SIN 00028','04/07/2010','PO 000028','UK','All','None','OK','Flexible','Both',17500,33,'USD',45,23,'08/06/2010 17:13','08/06/2010 17:13',1,2,'UK'),
(30,123029,'XYZ 00029','CAL 0029','Annual','7 Year','Unlimited','05/01/2010','All','BL 0029','04/07/2010','Perpetual','CC 0029','VLAN 00029','New York Office','New York Office','Quest Reseller XYZ','SIN 00029','04/07/2010','PO 000029','USA','All','None','OK','Flexible','Both',29000,80,'GBP',2345,42,'08/06/2010 17:13','08/06/2010 17:13',1,3,'UK'),
(31,123030,'XYZ 00030','CAL 0030','Annual','Unlimited','Unlimited','05/02/2010','All','BL 0030','04/07/2010','Perpetual','CC 0030','VLAN 00030','Vancouver Office','Vancouver Office','Adobe Reseller XYZ','SIN 00030','04/07/2010','PO 000030','UK','All','None','OK','Flexible','Both',35000,70,'GBP',23,34,'08/06/2010 17:13','08/06/2010 17:13',1,149,'UK'),
(32,123031,'XYZ 00031','CAL 0031','Annual','Unlimited','Unlimited','05/03/2010','All','BL 0031','04/07/2010','Perpetual','CC 0031','VLAN 00031','New York Office','New York Office','Autodesk Reseller XYZ','SIN 00031','04/07/2010','PO 000031','USA','All','None','OK','Flexible','Both',1200000,60,'GBP',45,2,'08/06/2010 17:13','08/06/2010 17:13',2,1,'UK'),
(33,123032,'XYZ 00032','CAL 0032','Annual','8 Year','Unlimited','05/04/2010','All','BL 0032','04/19/2010','Perpetual','CC 0032','VLAN 00032','Vancouver Office','Vancouver Office','MS Reseller XYZ','SIN 00032','04/07/2010','PO 000032','USA','All','None','OK','Flexible','Both',145000,7,'GBP',2345,34,'08/06/2010 17:13','08/06/2010 17:13',2,159,'UK'),
(34,123033,'XYZ 00033','CAL 0033','Annual','Unlimited','Unlimited','05/05/2010','All','BL 0033','04/07/2010','Perpetual','CC 0033','VLAN 00033','New York Office','New York Office','Autodesk Reseller XYZ','SIN 00033','04/07/2010','PO 000033','USA','All','None','OK','Flexible','Both',167000,8,'GBP',23,23,'08/06/2010 17:13','08/06/2010 17:13',2,158,'UK'),
(35,123034,'XYZ 00034','CAL 0034','Annual','Unlimited','Unlimited','05/06/2010','All','BL 0034','04/07/2010','Perpetual','CC 0034','VLAN 00034','Vancouver Office','Vancouver Office','Adobe Reseller XYZ','SIN 00034','04/07/2010','PO 000034','UK','All','None','OK','Flexible','Both',200000,89,'USD',452,42,'08/06/2010 17:13','08/06/2010 17:13',2,150,'UK'),
(36,123035,'XYZ 00035','CAL 0035','Annual','9 Year','Unlimited','05/07/2010','All','BL 0035','04/07/2010','Perpetual','CC 0035','VLAN 00035','New York Office','New York Office','Quest Reseller XYZ','SIN 00035','04/07/2010','PO 000035','USA','All','None','OK','Flexible','Both',2000000,778,'USD',345,34,'08/06/2010 17:13','08/06/2010 17:13',2,82,'UK'),
(37,123036,'XYZ 00036','CAL 0036','Annual','Unlimited','Unlimited','05/08/2010','All','BL 0036','04/07/2010','Perpetual','CC 0036','VLAN 00036','Vancouver Office','Vancouver Office','Adobe Reseller XYZ','SIN 00036','04/07/2010','PO 000036','UK','All','None','OK','Flexible','Both',135000,87,'GBP',23,23,'08/06/2010 17:13','08/06/2010 17:13',2,83,'UK'),
(38,123037,'XYZ 00037','CAL 0037','Annual','Unlimited','Unlimited','05/09/2010','All','BL 0037','04/07/2010','Perpetual','CC 0037','VLAN 00037','New York Office','New York Office','Autodesk Reseller XYZ','SIN 00037','04/07/2010','PO 000037','USA','All','None','OK','Flexible','Both',1350000,67,'GBP',452,42,'08/06/2010 17:13','08/06/2010 17:13',2,1,'USA'),
(39,123038,'XYZ 00038','CAL 0038','Perpetual','10 Year','Unlimited','05/10/2010','All','BL 0038','04/19/2010','Perpetual','CC 0038','VLAN 00038','Vancouver Office','Vancouver Office','MS Reseller XYZ','SIN 00038','04/07/2010','PO 000038','USA','All','None','OK','Flexible','Both',45000,56,'GBP',345,34,'08/06/2010 17:13','08/06/2010 17:13',3,2,'USA'),
(40,123039,'XYZ 00039','CAL 0039','Perpetual','Unlimited','Unlimited','05/11/2010','All','BL 0039','04/07/2010','Perpetual','CC 0039','VLAN 00039','New York Office','New York Office','Autodesk Reseller XYZ','SIN 00039','04/07/2010','PO 000039','USA','All','None','OK','Flexible','Both',500000,45,'GBP',23,2,'08/06/2010 17:13','08/06/2010 17:13',3,3,'USA'),
(41,123040,'XYZ 00040','CAL 0040','Perpetual','Unlimited','Unlimited','05/12/2010','All','BL 0040','04/08/2010','Perpetual','CC 0040','VLAN 00040','New York Office','New York Office','Autodesk Reseller XYZ','SIN 00040','04/08/2010','PO 000040','USA','All','None','OK','Flexible','Both',5000000,34,'GBP',45234,34,'08/06/2010 17:13','08/06/2010 17:13',3,149,'USA'),
(42,123041,'XYZ 00041','CAL 0041','Perpetual','Unlimited','Unlimited','05/13/2010','All','BL 0041','04/09/2010','Perpetual','CC 0041','VLAN 00041','New York Office','New York Office','Autodesk Reseller XYZ','SIN 00041','04/09/2010','PO 000041','USA','All','None','OK','Flexible','Both',64500,1000,'USD',2134,1234,'08/06/2010 17:13','08/06/2010 17:13',3,1,'UK'),
(43,123042,'XYZ 00042','CAL 0042','Perpetual','Unlimited','Unlimited','05/14/2010','All','BL 0042','04/10/2010','Perpetual','CC 0042','VLAN 00042','New York Office','New York Office','Autodesk Reseller XYZ','SIN 00042','04/10/2010','PO 000042','USA','All','None','OK','Flexible','Both',320000,3,'USD',320000,20000,'08/06/2010 17:13','08/06/2010 17:13',3,159,'UK'),
(44,123043,'XYZ 00043','CAL 0043','Perpetual','Unlimited','Unlimited','05/15/2010','All','BL 0043','04/11/2010','Perpetual','CC 0043','VLAN 00043','New York Office','New York Office','Autodesk Reseller XYZ','SIN 00043','04/11/2010','PO 000043','USA','All','None','OK','Flexible','Both',465738,10000,'GBP',178723,12342,'08/06/2010 17:13','08/06/2010 17:13',3,158,'UK'),
(45,123044,'XYZ 00044','CAL 0044','Perpetual','Unlimited','Unlimited','05/16/2010','All','BL 0044','04/12/2010','Perpetual','CC 0044','VLAN 00044','New York Office','New York Office','Autodesk Reseller XYZ','SIN 00044','04/12/2010','PO 000044','USA','All','None','OK','Flexible','Both',320000,3,'GBP',320000,20000,'08/06/2010 17:13','08/06/2010 17:13',4,150,'UK'),
(46,123045,'XYZ 00045','CAL 0045','Perpetual','Unlimited','Unlimited','05/17/2010','All','BL 0045','04/13/2010','Perpetual','CC 0045','VLAN 00045','New York Office','New York Office','Autodesk Reseller XYZ','SIN 00045','04/13/2010','PO 000045','USA','All','None','OK','Flexible','Both',64500,1000,'GBP',2134,1234,'08/06/2010 17:13','08/06/2010 17:13',4,82,'UK'),
(47,123046,'XYZ 00046','CAL 0046','Perpetual','Unlimited','Unlimited','05/18/2010','All','BL 0046','04/14/2010','Perpetual','CC 0046','VLAN 00046','New York Office','New York Office','Autodesk Reseller XYZ','SIN 00046','04/14/2010','PO 000046','USA','All','None','OK','Flexible','Both',320000,3,'GBP',320000,20000,'08/06/2010 17:13','08/06/2010 17:13',4,83,'UK'),
(48,123047,'XYZ 00047','CAL 0047','Perpetual','Unlimited','Unlimited','05/19/2010','All','BL 0047','04/15/2010','Perpetual','CC 0047','VLAN 00047','New York Office','New York Office','Autodesk Reseller XYZ','SIN 00047','04/15/2010','PO 000047','USA','All','None','OK','Flexible','Both',24000,900,'GBP',210,123,'08/06/2010 17:13','08/06/2010 17:13',4,1,'UK'),
(49,123048,'XYZ 00048','CAL 0048','Perpetual','Unlimited','Unlimited','05/20/2010','All','BL 0048','04/16/2010','Perpetual','CC 0048','VLAN 00048','New York Office','New York Office','Autodesk Reseller XYZ','SIN 00048','04/16/2010','PO 000048','USA','All','None','OK','Flexible','Both',17500,800,'USD',12,123,'08/06/2010 17:13','08/06/2010 17:13',4,2,'UK'),
(50,123049,'XYZ 00049','CAL 0049','Perpetual','Unlimited','Unlimited','05/21/2010','All','BL 0049','04/17/2010','Perpetual','CC 0049','VLAN 00049','New York Office','New York Office','Autodesk Reseller XYZ','SIN 00049','04/17/2010','PO 000049','USA','All','None','OK','Flexible','Both',29000,1000,'USD',12,123,'08/06/2010 17:13','08/06/2010 17:13',4,3,'UK'),
(51,123050,'XYZ 00050','CAL 0050','Perpetual','Unlimited','Unlimited','05/22/2010','All','BL 0050','04/18/2010','Perpetual','CC 0050','VLAN 00050','New York Office','New York Office','Autodesk Reseller XYZ','SIN 00050','04/18/2010','PO 000050','USA','All','None','OK','Flexible','Both',35000,12000,'GBP',231243,123,'08/06/2010 17:13','08/06/2010 17:13',4,149,'UK'),
(52,123051,'XYZ 00051','CAL 0051','Perpetual','Unlimited','Unlimited','05/23/2010','All','BL 0051','04/19/2010','Perpetual','CC 0051','VLAN 00051','New York Office','New York Office','Autodesk Reseller XYZ','SIN 00051','04/19/2010','PO 000051','USA','All','None','OK','Flexible','Both',1200000,1400,'GBP',2345,1,'08/06/2010 17:13','08/06/2010 17:13',4,150,'UK'),
(53,123052,'XYZ 00052','CAL 0052','Perpetual','Unlimited','Unlimited','05/24/2010','All','BL 0052','04/20/2010','Perpetual','CC 0052','VLAN 00052','New York Office','New York Office','Autodesk Reseller XYZ','SIN 00052','04/20/2010','PO 000052','USA','All','None','OK','Flexible','Both',145000,300,'GBP',32456345,231,'08/06/2010 17:13','08/06/2010 17:13',4,1,'UK'),
(54,123053,'XYZ 00053','CAL 0053','Perpetual','Unlimited','Unlimited','05/25/2010','All','BL 0053','04/21/2010','Perpetual','CC 0053','VLAN 00053','New York Office','New York Office','Autodesk Reseller XYZ','SIN 00053','04/21/2010','PO 000053','USA','All','None','OK','Flexible','Both',167000,3,'GBP',634576,242,'08/06/2010 17:13','08/06/2010 17:13',5,159,'UK'),
(55,123054,'XYZ 00054','CAL 0054','Perpetual','Unlimited','Unlimited','05/26/2010','All','BL 0054','04/22/2010','Perpetual','CC 0054','VLAN 00054','New York Office','New York Office','Autodesk Reseller XYZ','SIN 00054','04/22/2010','PO 000054','USA','All','None','OK','Flexible','Both',200000,4,'GBP',4567,34,'08/06/2010 17:13','08/06/2010 17:13',5,158,'UK'),
(56,123055,'XYZ 00055','CAL 0055','Perpetual','Unlimited','Unlimited','05/27/2010','All','BL 0055','04/23/2010','Perpetual','CC 0055','VLAN 00055','New York Office','New York Office','Autodesk Reseller XYZ','SIN 00055','04/23/2010','PO 000055','USA','All','None','OK','Flexible','Both',2000000,26,'USD',456745,23,'08/06/2010 17:13','08/06/2010 17:13',5,150,'UK'),
(57,123056,'XYZ 00056','CAL 0056','Perpetual','Unlimited','Unlimited','05/28/2010','All','BL 0056','04/24/2010','Perpetual','CC 0056','VLAN 00056','New York Office','New York Office','Autodesk Reseller XYZ','SIN 00056','04/24/2010','PO 000056','USA','All','None','OK','Flexible','Both',135000,35,'USD',7865,12,'08/06/2010 17:13','08/06/2010 17:13',5,82,'UK'),
(58,123057,'XYZ 00057','CAL 0057','Perpetual','Unlimited','Unlimited','05/29/2010','All','BL 0057','04/25/2010','Perpetual','CC 0057','VLAN 00057','New York Office','New York Office','Autodesk Reseller XYZ','SIN 00057','04/25/2010','PO 000057','USA','All','None','OK','Flexible','Both',1350000,75,'GBP',786578,31,'08/06/2010 17:13','08/06/2010 17:13',5,83,'UK'),
(59,123058,'XYZ 00058','CAL 0058','Perpetual','Unlimited','Unlimited','05/30/2010','All','BL 0058','04/26/2010','Perpetual','CC 0058','VLAN 00058','New York Office','New York Office','Autodesk Reseller XYZ','SIN 00058','04/26/2010','PO 000058','USA','All','None','OK','Flexible','Both',45000,81,'GBP',53,23,'08/06/2010 17:13','08/06/2010 17:13',5,1,'UK'),
(60,123059,'XYZ 00059','CAL 0059','Perpetual','Unlimited','Unlimited','05/31/2010','All','BL 0059','04/27/2010','Perpetual','CC 0059','VLAN 00059','New York Office','New York Office','Autodesk Reseller XYZ','SIN 00059','04/27/2010','PO 000059','USA','All','None','OK','Flexible','Both',500000,897,'GBP',2452,123,'08/06/2010 17:13','08/06/2010 17:13',5,2,'UK'),
(61,123060,'XYZ 00060','CAL 0060','Perpetual','Unlimited','Unlimited','06/01/2010','All','BL 0060','04/28/2010','Perpetual','CC 0060','VLAN 00060','New York Office','New York Office','Autodesk Reseller XYZ','SIN 00060','04/28/2010','PO 000060','USA','All','None','OK','Flexible','Both',5000000,23,'GBP',345,421,'08/06/2010 17:13','08/06/2010 17:13',5,3,'UK'),
(62,123061,'XYZ 00061','CAL 0061','Perpetual','Unlimited','Unlimited','06/02/2010','All','BL 0061','04/29/2010','Perpetual','CC 0061','VLAN 00061','New York Office','New York Office','Autodesk Reseller XYZ','SIN 00061','04/29/2010','PO 000061','USA','All','None','OK','Flexible','Both',345000,123,'GBP',1234,34,'08/06/2010 17:13','08/06/2010 17:13',1,149,'UK'),
(63,123062,'XYZ 00062','CAL 0062','Perpetual','Unlimited','Unlimited','06/03/2010','All','BL 0062','04/30/2010','Perpetual','CC 0062','VLAN 00062','New York Office','New York Office','Autodesk Reseller XYZ','SIN 00062','04/30/2010','PO 000062','USA','All','None','OK','Flexible','Both',64500,432,'USD',1245,234,'08/06/2010 17:13','08/06/2010 17:13',1,1,'UK'),
(64,123063,'XYZ 00063','CAL 0063','Perpetual','Unlimited','Unlimited','06/04/2010','All','BL 0063','05/01/2010','Perpetual','CC 0063','VLAN 00063','New York Office','New York Office','Autodesk Reseller XYZ','SIN 00063','05/01/2010','PO 000063','USA','All','None','OK','Flexible','Both',320000,543,'USD',2345,2,'08/06/2010 17:13','08/06/2010 17:13',1,159,'UK'),
(65,123064,'XYZ 00064','CAL 0064','Perpetual','Unlimited','Unlimited','06/05/2010','All','BL 0064','05/02/2010','Perpetual','CC 0064','VLAN 00064','New York Office','New York Office','Autodesk Reseller XYZ','SIN 00064','05/02/2010','PO 000064','USA','All','None','OK','Flexible','Both',465738,345,'GBP',23,3452,'08/06/2010 17:13','08/06/2010 17:13',1,158,'UK'),
(66,123065,'XYZ 00065','CAL 0065','Perpetual','Unlimited','Unlimited','06/06/2010','All','BL 0065','05/03/2010','Perpetual','CC 0065','VLAN 00065','New York Office','New York Office','Autodesk Reseller XYZ','SIN 00065','05/03/2010','PO 000065','USA','All','None','OK','Flexible','Both',320000,65,'GBP',452,345,'08/06/2010 17:13','08/06/2010 17:13',1,150,'UK'),
(67,123066,'XYZ 00066','CAL 0066','Perpetual','Unlimited','Unlimited','06/07/2010','All','BL 0066','05/04/2010','Perpetual','CC 0066','VLAN 00066','New York Office','New York Office','Autodesk Reseller XYZ','SIN 00066','05/04/2010','PO 000066','USA','All','None','OK','Flexible','Both',64500,76,'GBP',345,23,'08/06/2010 17:13','08/06/2010 17:13',1,82,'UK'),
(68,123067,'XYZ 00067','CAL 0067','Perpetual','Unlimited','Unlimited','06/08/2010','All','BL 0067','05/05/2010','Perpetual','CC 0067','VLAN 00067','New York Office','New York Office','Autodesk Reseller XYZ','SIN 00067','05/05/2010','PO 000067','USA','All','None','OK','Flexible','Both',320000,34,'GBP',234,42,'08/06/2010 17:13','08/06/2010 17:13',2,83,'UK'),
(69,123068,'XYZ 00068','CAL 0068','Perpetual','Unlimited','Unlimited','06/09/2010','All','BL 0068','05/06/2010','Perpetual','CC 0068','VLAN 00068','New York Office','New York Office','Autodesk Reseller XYZ','SIN 00068','05/06/2010','PO 000068','USA','All','None','OK','Flexible','Both',24000,653,'GBP',523,34,'08/06/2010 17:13','08/06/2010 17:13',2,1,'UK'),
(70,123069,'XYZ 00069','CAL 0069','Perpetual','Unlimited','Unlimited','06/10/2010','All','BL 0069','05/07/2010','Perpetual','CC 0069','VLAN 00069','New York Office','New York Office','Autodesk Reseller XYZ','SIN 00069','05/07/2010','PO 000069','USA','All','None','OK','Flexible','Both',17500,33,'USD',45,23,'08/06/2010 17:13','08/06/2010 17:13',2,2,'UK'),
(71,123070,'XYZ 00070','CAL 0070','Perpetual','Unlimited','Unlimited','06/11/2010','All','BL 0070','05/08/2010','Perpetual','CC 0070','VLAN 00070','New York Office','New York Office','Autodesk Reseller XYZ','SIN 00070','05/08/2010','PO 000070','USA','All','None','OK','Flexible','Both',29000,80,'USD',2345,42,'08/06/2010 17:13','08/06/2010 17:13',2,3,'UK'),
(72,123071,'XYZ 00071','CAL 0071','Perpetual','Unlimited','Unlimited','06/12/2010','All','BL 0071','05/09/2010','Perpetual','CC 0071','VLAN 00071','New York Office','New York Office','Autodesk Reseller XYZ','SIN 00071','05/09/2010','PO 000071','USA','All','None','OK','Flexible','Both',35000,70,'GBP',23,34,'08/06/2010 17:13','08/06/2010 17:13',2,149,'UK'),
(73,123072,'XYZ 00072','CAL 0072','Perpetual','Unlimited','Unlimited','06/13/2010','All','BL 0072','05/10/2010','Perpetual','CC 0072','VLAN 00072','New York Office','New York Office','Autodesk Reseller XYZ','SIN 00072','05/10/2010','PO 000072','USA','All','None','OK','Flexible','Both',1200000,60,'GBP',45,2,'08/06/2010 17:13','08/06/2010 17:13',2,1,'UK'),
(74,123073,'XYZ 00073','CAL 0073','Perpetual','Unlimited','Unlimited','06/14/2010','All','BL 0073','05/11/2010','Perpetual','CC 0073','VLAN 00073','New York Office','New York Office','Autodesk Reseller XYZ','SIN 00073','05/11/2010','PO 000073','USA','All','None','OK','Flexible','Both',145000,7,'GBP',2345,34,'08/06/2010 17:13','08/06/2010 17:13',2,159,'UK'),
(75,123074,'XYZ 00074','CAL 0074','Perpetual','Unlimited','Unlimited','06/15/2010','All','BL 0074','05/12/2010','Perpetual','CC 0074','VLAN 00074','New York Office','New York Office','Autodesk Reseller XYZ','SIN 00074','05/12/2010','PO 000074','USA','All','None','OK','Flexible','Both',167000,8,'GBP',23,23,'08/06/2010 17:13','08/06/2010 17:13',2,158,'UK'),
(76,123075,'XYZ 00075','CAL 0075','Perpetual','Unlimited','Unlimited','06/16/2010','All','BL 0075','05/13/2010','Perpetual','CC 0075','VLAN 00075','New York Office','New York Office','Autodesk Reseller XYZ','SIN 00075','05/13/2010','PO 000075','USA','All','None','OK','Flexible','Both',200000,89,'GBP',452,42,'08/06/2010 17:13','08/06/2010 17:13',3,150,'UK'),
(77,123076,'XYZ 00076','CAL 0076','Perpetual','Unlimited','Unlimited','06/17/2010','All','BL 0076','05/14/2010','Perpetual','CC 0076','VLAN 00076','New York Office','New York Office','Autodesk Reseller XYZ','SIN 00076','05/14/2010','PO 000076','USA','All','None','OK','Flexible','Both',2000000,778,'USD',345,34,'08/06/2010 17:13','08/06/2010 17:13',3,82,'UK'),
(78,123077,'XYZ 00077','CAL 0077','Perpetual','Unlimited','Unlimited','06/18/2010','All','BL 0077','05/15/2010','Perpetual','CC 0077','VLAN 00077','New York Office','New York Office','Autodesk Reseller XYZ','SIN 00077','05/15/2010','PO 000077','USA','All','None','OK','Flexible','Both',135000,87,'USD',23,23,'08/06/2010 17:13','08/06/2010 17:13',3,83,'UK'),
(79,123078,'XYZ 00078','CAL 0078','Perpetual','Unlimited','Unlimited','06/19/2010','All','BL 0078','05/16/2010','Perpetual','CC 0078','VLAN 00078','New York Office','New York Office','Autodesk Reseller XYZ','SIN 00078','05/16/2010','PO 000078','USA','All','None','OK','Flexible','Both',1350000,67,'GBP',452,42,'08/06/2010 17:13','08/06/2010 17:13',3,1,'UK'),
(80,123079,'XYZ 00079','CAL 0079','Perpetual','Unlimited','Unlimited','06/20/2010','All','BL 0079','05/17/2010','Perpetual','CC 0079','VLAN 00079','New York Office','New York Office','Autodesk Reseller XYZ','SIN 00079','05/17/2010','PO 000079','USA','All','None','OK','Flexible','Both',45000,56,'GBP',345,34,'08/06/2010 17:13','08/06/2010 17:13',3,159,'UK'),
(81,123080,'XYZ 00080','CAL 0080','Perpetual','Unlimited','Unlimited','06/21/2010','All','BL 0080','05/18/2010','Perpetual','CC 0080','VLAN 00080','New York Office','New York Office','Autodesk Reseller XYZ','SIN 00080','05/18/2010','PO 000080','USA','All','None','OK','Flexible','Both',500000,45,'GBP',23,2,'08/06/2010 17:13','08/06/2010 17:13',3,158,'UK'),
(82,123081,'XYZ 00081','CAL 0081','Perpetual','Unlimited','Unlimited','06/22/2010','All','BL 0081','05/19/2010','Perpetual','CC 0081','VLAN 00081','New York Office','New York Office','Autodesk Reseller XYZ','SIN 00081','05/19/2010','PO 000081','USA','All','None','OK','Flexible','Both',5000000,34,'GBP',45234,34,'08/06/2010 17:13','08/06/2010 17:13',3,150,'UK'),
(83,123082,'XYZ 00082','CAL 0082','Perpetual','Unlimited','Unlimited','06/23/2010','All','BL 0082','05/20/2010','Perpetual','CC 0082','VLAN 00082','New York Office','New York Office','Autodesk Reseller XYZ','SIN 00082','05/20/2010','PO 000082','USA','All','None','OK','Flexible','Both',64500,1000,'GBP',2134,1234,'08/06/2010 17:13','08/06/2010 17:13',3,82,'UK'),
(84,123083,'XYZ 00083','CAL 0083','Perpetual','Unlimited','Unlimited','06/24/2010','All','BL 0083','05/21/2010','Perpetual','CC 0083','VLAN 00083','New York Office','New York Office','Autodesk Reseller XYZ','SIN 00083','05/21/2010','PO 000083','USA','All','None','OK','Flexible','Both',320000,3,'USD',320000,20000,'08/06/2010 17:13','08/06/2010 17:13',4,83,'UK'),
(85,123084,'XYZ 00084','CAL 0084','Perpetual','Unlimited','Unlimited','06/25/2010','All','BL 0084','05/22/2010','Perpetual','CC 0084','VLAN 00084','New York Office','New York Office','Autodesk Reseller XYZ','SIN 00084','05/22/2010','PO 000084','USA','All','None','OK','Flexible','Both',465738,10000,'USD',178723,12342,'08/06/2010 17:13','08/06/2010 17:13',4,1,'UK'),
(86,123085,'XYZ 00085','CAL 0085','Perpetual','Unlimited','Unlimited','06/26/2010','All','BL 0085','05/23/2010','Perpetual','CC 0085','VLAN 00085','New York Office','New York Office','Autodesk Reseller XYZ','SIN 00085','05/23/2010','PO 000085','USA','All','None','OK','Flexible','Both',320000,3,'GBP',320000,20000,'08/06/2010 17:13','08/06/2010 17:13',4,2,'UK'),
(87,123086,'XYZ 00086','CAL 0086','Perpetual','Unlimited','Unlimited','06/27/2010','All','BL 0086','05/24/2010','Perpetual','CC 0086','VLAN 00086','New York Office','New York Office','Autodesk Reseller XYZ','SIN 00086','05/24/2010','PO 000086','USA','All','None','OK','Flexible','Both',64500,1000,'GBP',2134,1234,'08/06/2010 17:13','08/06/2010 17:13',4,3,'UK'),
(88,123087,'XYZ 00087','CAL 0087','Perpetual','Unlimited','Unlimited','06/28/2010','All','BL 0087','05/25/2010','Perpetual','CC 0087','VLAN 00087','New York Office','New York Office','Autodesk Reseller XYZ','SIN 00087','05/25/2010','PO 000087','USA','All','None','OK','Flexible','Both',320000,3,'GBP',320000,20000,'08/06/2010 17:13','08/06/2010 17:13',4,149,'UK'),
(89,123088,'XYZ 00088','CAL 0088','Perpetual','Unlimited','Unlimited','06/29/2010','All','BL 0088','05/26/2010','Perpetual','CC 0088','VLAN 00088','New York Office','New York Office','Autodesk Reseller XYZ','SIN 00088','05/26/2010','PO 000088','USA','All','None','OK','Flexible','Both',24000,900,'GBP',210,123,'08/06/2010 17:13','08/06/2010 17:13',4,150,'UK'),
(90,123089,'XYZ 00089','CAL 0089','Perpetual','Unlimited','Unlimited','06/30/2010','All','BL 0089','05/27/2010','Perpetual','CC 0089','VLAN 00089','New York Office','New York Office','Autodesk Reseller XYZ','SIN 00089','05/27/2010','PO 000089','USA','All','None','OK','Flexible','Both',17500,800,'GBP',12,123,'08/06/2010 17:13','08/06/2010 17:13',4,1,'UK'),
(91,123090,'XYZ 00090','CAL 0090','Perpetual','Unlimited','Unlimited','07/01/2010','All','BL 0090','05/28/2010','Perpetual','CC 0090','VLAN 00090','New York Office','New York Office','Autodesk Reseller XYZ','SIN 00090','05/28/2010','PO 000090','USA','All','None','OK','Flexible','Both',29000,1000,'USD',12,123,'08/06/2010 17:13','08/06/2010 17:13',4,159,'UK'),
(92,123091,'XYZ 00091','CAL 0091','Perpetual','Unlimited','Unlimited','07/02/2010','All','BL 0091','05/29/2010','Perpetual','CC 0091','VLAN 00091','New York Office','New York Office','Autodesk Reseller XYZ','SIN 00091','05/29/2010','PO 000091','USA','All','None','OK','Flexible','Both',35000,12000,'USD',231243,123,'08/06/2010 17:13','08/06/2010 17:13',4,158,'UK'),
(93,123092,'XYZ 00092','CAL 0092','Perpetual','Unlimited','Unlimited','07/03/2010','All','BL 0092','05/30/2010','Perpetual','CC 0092','VLAN 00092','New York Office','New York Office','Autodesk Reseller XYZ','SIN 00092','05/30/2010','PO 000092','USA','All','None','OK','Flexible','Both',1200000,1400,'GBP',2345,1,'08/06/2010 17:13','08/06/2010 17:13',5,150,'UK'),
(94,123093,'XYZ 00093','CAL 0093','Perpetual','Unlimited','Unlimited','07/04/2010','All','BL 0093','05/31/2010','Perpetual','CC 0093','VLAN 00093','New York Office','New York Office','Autodesk Reseller XYZ','SIN 00093','05/31/2010','PO 000093','USA','All','None','OK','Flexible','Both',145000,300,'GBP',32456345,231,'08/06/2010 17:13','08/06/2010 17:13',5,82,'UK'),
(95,123094,'XYZ 00094','CAL 0094','Perpetual','Unlimited','Unlimited','07/05/2010','All','BL 0094','06/01/2010','Perpetual','CC 0094','VLAN 00094','New York Office','New York Office','Autodesk Reseller XYZ','SIN 00094','06/01/2010','PO 000094','USA','All','None','OK','Flexible','Both',167000,3,'GBP',634576,242,'08/06/2010 17:13','08/06/2010 17:13',5,83,'UK'),
(96,123095,'XYZ 00095','CAL 0095','Perpetual','Unlimited','Unlimited','07/06/2010','All','BL 0095','06/02/2010','Perpetual','CC 0095','VLAN 00095','New York Office','New York Office','Autodesk Reseller XYZ','SIN 00095','06/02/2010','PO 000095','USA','All','None','OK','Flexible','Both',200000,4,'GBP',4567,34,'08/06/2010 17:13','08/06/2010 17:13',5,1,'UK'),
(97,123096,'XYZ 00096','CAL 0096','Perpetual','Unlimited','Unlimited','07/07/2010','All','BL 0096','06/03/2010','Perpetual','CC 0096','VLAN 00096','New York Office','New York Office','Autodesk Reseller XYZ','SIN 00096','06/03/2010','PO 000096','USA','All','None','OK','Flexible','Both',2000000,26,'GBP',456745,23,'08/06/2010 17:13','08/06/2010 17:13',5,2,'UK'),
(98,123097,'XYZ 00097','CAL 0097','Perpetual','Unlimited','Unlimited','07/08/2010','All','BL 0097','06/04/2010','Perpetual','CC 0097','VLAN 00097','New York Office','New York Office','Autodesk Reseller XYZ','SIN 00097','06/04/2010','PO 000097','USA','All','None','OK','Flexible','Both',135000,35,'USD',7865,12,'08/06/2010 17:13','08/06/2010 17:13',5,3,'UK'),
(99,123098,'XYZ 00098','CAL 0098','Perpetual','Unlimited','Unlimited','07/09/2010','All','BL 0098','06/05/2010','Perpetual','CC 0098','VLAN 00098','New York Office','New York Office','Autodesk Reseller XYZ','SIN 00098','06/05/2010','PO 000098','USA','All','None','OK','Flexible','Both',1350000,75,'USD',786578,31,'08/06/2010 17:13','08/06/2010 17:13',5,149,'UK'),
(100,123099,'XYZ 00099','CAL 0099','Perpetual','Unlimited','Unlimited','07/10/2010','All','BL 0099','06/06/2010','Perpetual','CC 0099','VLAN 00099','New York Office','New York Office','Autodesk Reseller XYZ','SIN 00099','06/06/2010','PO 000099','USA','All','None','OK','Flexible','Both',45000,81,'GBP',53,23,'08/06/2010 17:13','08/06/2010 17:13',4,1,'UK'),
(101,123100,'XYZ 00100','CAL 0100','Perpetual','Unlimited','Unlimited','07/11/2010','All','BL 0100','06/07/2010','Perpetual','CC 0100','VLAN 00100','New York Office','New York Office','Autodesk Reseller XYZ','SIN 00100','06/07/2010','PO 000100','USA','All','None','OK','Flexible','Both',500000,897,'GBP',2452,123,'08/06/2010 17:13','08/06/2010 17:13',4,159,'UK'),
(102,123101,'XYZ 00101','CAL 0101','Perpetual','Unlimited','Unlimited','07/12/2010','All','BL 0101','06/08/2010','Perpetual','CC 0101','VLAN 00101','New York Office','New York Office','Autodesk Reseller XYZ','SIN 00101','06/08/2010','PO 000101','USA','All','None','OK','Flexible','Both',5000000,23,'GBP',345,421,'08/06/2010 17:13','08/06/2010 17:13',4,158,'UK'),
(103,123102,'XYZ 00102','CAL 0102','Perpetual','Unlimited','Unlimited','07/13/2010','All','BL 0102','06/09/2010','Perpetual','CC 0102','VLAN 00102','New York Office','New York Office','Autodesk Reseller XYZ','SIN 00102','06/09/2010','PO 000102','USA','All','None','OK','Flexible','Both',345000,123,'GBP',1234,34,'08/06/2010 17:13','08/06/2010 17:13',4,150,'UK'),
(104,123103,'XYZ 00103','CAL 0103','Perpetual','Unlimited','Unlimited','07/14/2010','All','BL 0103','06/10/2010','Perpetual','CC 0103','VLAN 00103','New York Office','New York Office','Autodesk Reseller XYZ','SIN 00103','06/10/2010','PO 000103','USA','All','None','OK','Flexible','Both',64500,432,'GBP',1245,234,'08/06/2010 17:13','08/06/2010 17:13',4,82,'UK'),
(105,123104,'XYZ 00104','CAL 0104','Perpetual','Unlimited','Unlimited','07/15/2010','All','BL 0104','06/11/2010','Perpetual','CC 0104','VLAN 00104','New York Office','New York Office','Autodesk Reseller XYZ','SIN 00104','06/11/2010','PO 000104','USA','All','None','OK','Flexible','Both',320000,543,'USD',2345,2,'08/06/2010 17:13','08/06/2010 17:13',4,83,'UK'),
(106,123105,'XYZ 00105','CAL 0105','Perpetual','Unlimited','Unlimited','07/16/2010','All','BL 0105','06/12/2010','Perpetual','CC 0105','VLAN 00105','New York Office','New York Office','Autodesk Reseller XYZ','SIN 00105','06/12/2010','PO 000105','USA','All','None','OK','Flexible','Both',465738,345,'USD',23,3452,'08/06/2010 17:13','08/06/2010 17:13',4,1,'UK'),
(107,123106,'XYZ 00106','CAL 0106','Perpetual','Unlimited','Unlimited','07/17/2010','All','BL 0106','06/13/2010','Perpetual','CC 0106','VLAN 00106','New York Office','New York Office','Autodesk Reseller XYZ','SIN 00106','06/13/2010','PO 000106','USA','All','None','OK','Flexible','Both',320000,65,'GBP',452,345,'08/06/2010 17:13','08/06/2010 17:13',4,2,'UK'),
(108,123107,'XYZ 00107','CAL 0107','Perpetual','Unlimited','Unlimited','07/18/2010','All','BL 0107','06/14/2010','Perpetual','CC 0107','VLAN 00107','New York Office','New York Office','Autodesk Reseller XYZ','SIN 00107','06/14/2010','PO 000107','USA','All','None','OK','Flexible','Both',64500,76,'GBP',345,23,'08/06/2010 17:13','08/06/2010 17:13',3,3,'UK'),
(109,123108,'XYZ 00108','CAL 0108','Perpetual','Unlimited','Unlimited','07/19/2010','All','BL 0108','06/15/2010','Perpetual','CC 0108','VLAN 00108','New York Office','New York Office','Autodesk Reseller XYZ','SIN 00108','06/15/2010','PO 000108','USA','All','None','OK','Flexible','Both',320000,34,'GBP',234,42,'08/06/2010 17:13','08/06/2010 17:13',3,149,'UK'),
(110,123109,'XYZ 00109','CAL 0109','Perpetual','Unlimited','Unlimited','07/20/2010','All','BL 0109','06/16/2010','Perpetual','CC 0109','VLAN 00109','New York Office','New York Office','Autodesk Reseller XYZ','SIN 00109','06/16/2010','PO 000109','USA','All','None','OK','Flexible','Both',24000,653,'GBP',523,34,'08/06/2010 17:13','08/06/2010 17:13',3,1,'UK'),
(111,123110,'XYZ 00110','CAL 0110','Perpetual','Unlimited','Unlimited','07/21/2010','All','BL 0110','06/17/2010','Perpetual','CC 0110','VLAN 00110','New York Office','New York Office','Autodesk Reseller XYZ','SIN 00110','06/17/2010','PO 000110','USA','All','None','OK','Flexible','Both',17500,33,'GBP',45,23,'08/06/2010 17:13','08/06/2010 17:13',3,159,'UK'),
(112,123111,'XYZ 00111','CAL 0111','Perpetual','Unlimited','Unlimited','07/22/2010','All','BL 0111','06/18/2010','Perpetual','CC 0111','VLAN 00111','New York Office','New York Office','Autodesk Reseller XYZ','SIN 00111','06/18/2010','PO 000111','USA','All','None','OK','Flexible','Both',29000,80,'USD',2345,42,'08/06/2010 17:13','08/06/2010 17:13',3,158,'UK'),
(113,123112,'XYZ 00112','CAL 0112','Perpetual','Unlimited','Unlimited','07/23/2010','All','BL 0112','06/19/2010','Perpetual','CC 0112','VLAN 00112','New York Office','New York Office','Autodesk Reseller XYZ','SIN 00112','06/19/2010','PO 000112','USA','All','None','OK','Flexible','Both',35000,70,'USD',23,34,'08/06/2010 17:13','08/06/2010 17:13',3,150,'UK'),
(114,123113,'XYZ 00113','CAL 0113','Perpetual','Unlimited','Unlimited','07/24/2010','All','BL 0113','06/20/2010','Perpetual','CC 0113','VLAN 00113','New York Office','New York Office','Autodesk Reseller XYZ','SIN 00113','06/20/2010','PO 000113','USA','All','None','OK','Flexible','Both',1200000,60,'GBP',45,2,'08/06/2010 17:13','08/06/2010 17:13',3,82,'UK'),
(115,123114,'XYZ 00114','CAL 0114','Perpetual','Unlimited','Unlimited','07/25/2010','All','BL 0114','06/21/2010','Perpetual','CC 0114','VLAN 00114','New York Office','New York Office','Autodesk Reseller XYZ','SIN 00114','06/21/2010','PO 000114','USA','All','None','OK','Flexible','Both',145000,7,'GBP',2345,34,'08/06/2010 17:13','08/06/2010 17:13',3,83,'UK'),
(116,123115,'XYZ 00115','CAL 0115','Perpetual','Unlimited','Unlimited','07/26/2010','All','BL 0115','06/22/2010','Perpetual','CC 0115','VLAN 00115','New York Office','New York Office','Autodesk Reseller XYZ','SIN 00115','06/22/2010','PO 000115','USA','All','None','OK','Flexible','Both',167000,8,'GBP',23,23,'08/06/2010 17:13','08/06/2010 17:13',2,1,'USA'),
(117,123116,'XYZ 00116','CAL 0116','Perpetual','Unlimited','Unlimited','07/27/2010','All','BL 0116','06/23/2010','Perpetual','CC 0116','VLAN 00116','New York Office','New York Office','Autodesk Reseller XYZ','SIN 00116','06/23/2010','PO 000116','USA','All','None','OK','Flexible','Both',200000,89,'GBP',452,42,'08/06/2010 17:13','08/06/2010 17:13',2,2,'USA'),
(118,123117,'XYZ 00117','CAL 0117','Perpetual','Unlimited','Unlimited','07/28/2010','All','BL 0117','06/24/2010','Perpetual','CC 0117','VLAN 00117','New York Office','New York Office','Autodesk Reseller XYZ','SIN 00117','06/24/2010','PO 000117','USA','All','None','OK','Flexible','Both',2000000,778,'GBP',345,34,'08/06/2010 17:13','08/06/2010 17:13',2,3,'USA'),
(119,123118,'XYZ 00118','CAL 0118','Perpetual','Unlimited','Unlimited','07/29/2010','All','BL 0118','06/25/2010','Perpetual','CC 0118','VLAN 00118','New York Office','New York Office','Autodesk Reseller XYZ','SIN 00118','06/25/2010','PO 000118','USA','All','None','OK','Flexible','Both',135000,87,'USD',23,23,'08/06/2010 17:13','08/06/2010 17:13',2,149,'USA'),
(120,123119,'XYZ 00119','CAL 0119','Perpetual','Unlimited','Unlimited','07/30/2010','All','BL 0119','06/26/2010','Perpetual','CC 0119','VLAN 00119','New York Office','New York Office','Autodesk Reseller XYZ','SIN 00119','06/26/2010','PO 000119','USA','All','None','OK','Flexible','Both',1350000,67,'USD',452,42,'08/06/2010 17:13','08/06/2010 17:13',2,1,'UK'),
(121,123120,'XYZ 00120','CAL 0120','Perpetual','Unlimited','Unlimited','07/31/2010','All','BL 0120','06/27/2010','Perpetual','CC 0120','VLAN 00120','New York Office','New York Office','Autodesk Reseller XYZ','SIN 00120','06/27/2010','PO 000120','USA','All','None','OK','Flexible','Both',45000,56,'GBP',345,34,'08/06/2010 17:13','08/06/2010 17:13',2,159,'UK'),
(122,123121,'XYZ 00121','CAL 0121','Perpetual','Unlimited','Unlimited','08/01/2010','All','BL 0121','06/28/2010','Perpetual','CC 0121','VLAN 00121','New York Office','New York Office','Autodesk Reseller XYZ','SIN 00121','06/28/2010','PO 000121','USA','All','None','OK','Flexible','Both',500000,45,'GBP',23,2,'08/06/2010 17:13','08/06/2010 17:13',2,158,'UK'),
(123,123122,'XYZ 00122','CAL 0122','Perpetual','Unlimited','Unlimited','08/02/2010','All','BL 0122','06/29/2010','Perpetual','CC 0122','VLAN 00122','New York Office','New York Office','Autodesk Reseller XYZ','SIN 00122','06/29/2010','PO 000122','USA','All','None','OK','Flexible','Both',5000000,34,'GBP',45234,34,'08/06/2010 17:13','08/06/2010 17:13',2,150,'UK'),
(124,123123,'XYZ 00123','CAL 0123','Perpetual','Unlimited','Unlimited','08/03/2010','All','BL 0123','06/30/2010','Perpetual','CC 0123','VLAN 00123','New York Office','New York Office','Autodesk Reseller XYZ','SIN 00123','06/30/2010','PO 000123','USA','All','None','OK','Flexible','Both',64500,1000,'GBP',2134,1234,'08/06/2010 17:13','08/06/2010 17:13',1,82,'UK'),
(125,123124,'XYZ 00124','CAL 0124','Perpetual','Unlimited','Unlimited','08/04/2010','All','BL 0124','07/01/2010','Perpetual','CC 0124','VLAN 00124','New York Office','New York Office','Autodesk Reseller XYZ','SIN 00124','07/01/2010','PO 000124','USA','All','None','OK','Flexible','Both',320000,3,'GBP',320000,20000,'08/06/2010 17:13','08/06/2010 17:13',1,83,'UK'),
(126,123125,'XYZ 00125','CAL 0125','Perpetual','Unlimited','Unlimited','08/05/2010','All','BL 0125','07/02/2010','Perpetual','CC 0125','VLAN 00125','New York Office','New York Office','Autodesk Reseller XYZ','SIN 00125','07/02/2010','PO 000125','USA','All','None','OK','Flexible','Both',465738,10000,'USD',178723,12342,'08/06/2010 17:13','08/06/2010 17:13',1,1,'UK'),
(127,123126,'XYZ 00126','CAL 0126','Perpetual','Unlimited','Unlimited','08/06/2010','All','BL 0126','07/03/2010','Perpetual','CC 0126','VLAN 00126','New York Office','New York Office','Autodesk Reseller XYZ','SIN 00126','07/03/2010','PO 000126','USA','All','None','OK','Flexible','Both',320000,3,'USD',320000,20000,'08/06/2010 17:13','08/06/2010 17:13',1,2,'UK'),
(128,123127,'XYZ 00127','CAL 0127','Perpetual','Unlimited','Unlimited','08/07/2010','All','BL 0127','07/04/2010','Perpetual','CC 0127','VLAN 00127','New York Office','New York Office','Autodesk Reseller XYZ','SIN 00127','07/04/2010','PO 000127','USA','All','None','OK','Flexible','Both',64500,1000,'GBP',2134,1234,'08/06/2010 17:13','08/06/2010 17:13',1,3,'UK'),
(129,123128,'XYZ 00128','CAL 0128','Perpetual','Unlimited','Unlimited','08/08/2010','All','BL 0128','07/05/2010','Perpetual','CC 0128','VLAN 00128','New York Office','New York Office','Autodesk Reseller XYZ','SIN 00128','07/05/2010','PO 000128','USA','All','None','OK','Flexible','Both',320000,3,'GBP',320000,20000,'08/06/2010 17:13','08/06/2010 17:13',1,149,'UK'),
(130,123129,'XYZ 00129','CAL 0129','Perpetual','Unlimited','Unlimited','08/09/2010','All','BL 0129','07/06/2010','Perpetual','CC 0129','VLAN 00129','New York Office','New York Office','Autodesk Reseller XYZ','SIN 00129','07/06/2010','PO 000129','USA','All','None','OK','Flexible','Both',24000,900,'GBP',210,123,'08/06/2010 17:13','08/06/2010 17:13',1,150,'UK'),
(131,123130,'XYZ 00130','CAL 0130','Perpetual','Unlimited','Unlimited','08/10/2010','All','BL 0130','07/07/2010','Perpetual','CC 0130','VLAN 00130','New York Office','New York Office','Autodesk Reseller XYZ','SIN 00130','07/07/2010','PO 000130','USA','All','None','OK','Flexible','Both',17500,800,'GBP',12,123,'08/06/2010 17:13','08/06/2010 17:13',1,1,'UK'),
(132,123131,'XYZ 00131','CAL 0131','Perpetual','Unlimited','Unlimited','08/11/2010','All','BL 0131','07/08/2010','Perpetual','CC 0131','VLAN 00131','New York Office','New York Office','Autodesk Reseller XYZ','SIN 00131','07/08/2010','PO 000131','USA','All','None','OK','Flexible','Both',29000,1000,'GBP',12,123,'08/06/2010 17:13','08/06/2010 17:13',1,159,'UK'),
(133,123132,'XYZ 00132','CAL 0132','Perpetual','Unlimited','Unlimited','08/12/2010','All','BL 0132','07/09/2010','Perpetual','CC 0132','VLAN 00132','New York Office','New York Office','Autodesk Reseller XYZ','SIN 00132','07/09/2010','PO 000132','USA','All','None','OK','Flexible','Both',35000,12000,'USD',231243,123,'08/06/2010 17:13','08/06/2010 17:13',1,158,'UK'),
(134,123133,'XYZ 00133','CAL 0133','Perpetual','Unlimited','Unlimited','08/13/2010','All','BL 0133','07/10/2010','Perpetual','CC 0133','VLAN 00133','New York Office','New York Office','Autodesk Reseller XYZ','SIN 00133','07/10/2010','PO 000133','USA','All','None','OK','Flexible','Both',1200000,1400,'USD',2345,1,'08/06/2010 17:13','08/06/2010 17:13',1,150,'UK'),
(135,123134,'XYZ 00134','CAL 0134','Perpetual','Unlimited','Unlimited','08/14/2010','All','BL 0134','07/11/2010','Perpetual','CC 0134','VLAN 00134','New York Office','New York Office','Autodesk Reseller XYZ','SIN 00134','07/11/2010','PO 000134','USA','All','None','OK','Flexible','Both',145000,300,'GBP',32456345,231,'08/06/2010 17:13','08/06/2010 17:13',1,82,'UK'),
(136,123135,'XYZ 00135','CAL 0135','Perpetual','Unlimited','Unlimited','08/15/2010','All','BL 0135','07/12/2010','Perpetual','CC 0135','VLAN 00135','New York Office','New York Office','Autodesk Reseller XYZ','SIN 00135','07/12/2010','PO 000135','USA','All','None','OK','Flexible','Both',167000,3,'GBP',634576,242,'08/06/2010 17:13','08/06/2010 17:13',1,83,'UK'),
(137,123136,'XYZ 00136','CAL 0136','Perpetual','Unlimited','Unlimited','08/16/2010','All','BL 0136','07/13/2010','Perpetual','CC 0136','VLAN 00136','New York Office','New York Office','Autodesk Reseller XYZ','SIN 00136','07/13/2010','PO 000136','USA','All','None','OK','Flexible','Both',200000,4,'GBP',4567,34,'08/06/2010 17:13','08/06/2010 17:13',1,1,'UK'),
(138,123137,'XYZ 00137','CAL 0137','Perpetual','Unlimited','Unlimited','08/17/2010','All','BL 0137','07/14/2010','Perpetual','CC 0137','VLAN 00137','New York Office','New York Office','Autodesk Reseller XYZ','SIN 00137','07/14/2010','PO 000137','USA','All','None','OK','Flexible','Both',2000000,26,'GBP',456745,23,'08/06/2010 17:13','08/06/2010 17:13',1,2,'UK'),
(139,123138,'XYZ 00138','CAL 0138','Perpetual','Unlimited','Unlimited','08/18/2010','All','BL 0138','07/15/2010','Perpetual','CC 0138','VLAN 00138','New York Office','New York Office','Autodesk Reseller XYZ','SIN 00138','07/15/2010','PO 000138','USA','All','None','OK','Flexible','Both',135000,35,'GBP',7865,12,'08/06/2010 17:13','08/06/2010 17:13',1,3,'UK'),
(140,123139,'XYZ 00139','CAL 0139','Perpetual','Unlimited','Unlimited','08/19/2010','All','BL 0139','07/16/2010','Perpetual','CC 0139','VLAN 00139','New York Office','New York Office','Autodesk Reseller XYZ','SIN 00139','07/16/2010','PO 000139','USA','All','None','OK','Flexible','Both',1350000,75,'USD',786578,31,'08/06/2010 17:13','08/06/2010 17:13',1,149,'UK'),
(141,123140,'XYZ 00140','CAL 0140','Perpetual','Unlimited','Unlimited','08/20/2010','All','BL 0140','07/17/2010','Perpetual','CC 0140','VLAN 00140','New York Office','New York Office','Autodesk Reseller XYZ','SIN 00140','07/17/2010','PO 000140','USA','All','None','OK','Flexible','Both',45000,81,'USD',53,23,'08/06/2010 17:13','08/06/2010 17:13',2,1,'UK'),
(142,123141,'XYZ 00141','CAL 0141','Perpetual','Unlimited','Unlimited','08/21/2010','All','BL 0141','07/18/2010','Perpetual','CC 0141','VLAN 00141','New York Office','New York Office','Autodesk Reseller XYZ','SIN 00141','07/18/2010','PO 000141','USA','All','None','OK','Flexible','Both',500000,897,'GBP',2452,123,'08/06/2010 17:13','08/06/2010 17:13',2,159,'UK'),
(143,123142,'XYZ 00142','CAL 0142','Perpetual','Unlimited','Unlimited','08/22/2010','All','BL 0142','07/19/2010','Perpetual','CC 0142','VLAN 00142','New York Office','New York Office','Autodesk Reseller XYZ','SIN 00142','07/19/2010','PO 000142','USA','All','None','OK','Flexible','Both',5000000,23,'GBP',345,421,'08/06/2010 17:13','08/06/2010 17:13',2,158,'UK'),
(144,123143,'XYZ 00143','CAL 0143','Perpetual','Unlimited','Unlimited','08/23/2010','All','BL 0143','07/20/2010','Perpetual','CC 0143','VLAN 00143','New York Office','New York Office','Autodesk Reseller XYZ','SIN 00143','07/20/2010','PO 000143','USA','All','None','OK','Flexible','Both',345000,123,'GBP',1234,34,'08/06/2010 17:13','08/06/2010 17:13',2,150,'UK'),
(145,123144,'XYZ 00144','CAL 0144','Perpetual','Unlimited','Unlimited','08/24/2010','All','BL 0144','07/21/2010','Perpetual','CC 0144','VLAN 00144','New York Office','New York Office','Autodesk Reseller XYZ','SIN 00144','07/21/2010','PO 000144','USA','All','None','OK','Flexible','Both',64500,432,'GBP',1245,234,'08/06/2010 17:13','08/06/2010 17:13',2,82,'UK'),
(146,123145,'XYZ 00145','CAL 0145','Perpetual','Unlimited','Unlimited','08/25/2010','All','BL 0145','07/22/2010','Perpetual','CC 0145','VLAN 00145','New York Office','New York Office','Autodesk Reseller XYZ','SIN 00145','07/22/2010','PO 000145','USA','All','None','OK','Flexible','Both',320000,543,'GBP',2345,2,'08/06/2010 17:13','08/06/2010 17:13',2,83,'UK'),
(147,123146,'XYZ 00146','CAL 0146','Perpetual','Unlimited','Unlimited','08/26/2010','All','BL 0146','07/23/2010','Perpetual','CC 0146','VLAN 00146','New York Office','New York Office','Autodesk Reseller XYZ','SIN 00146','07/23/2010','PO 000146','USA','All','None','OK','Flexible','Both',465738,345,'USD',23,3452,'08/06/2010 17:13','08/06/2010 17:13',2,1,'UK'),
(148,123147,'XYZ 00147','CAL 0147','Perpetual','Unlimited','Unlimited','08/27/2010','All','BL 0147','07/24/2010','Perpetual','CC 0147','VLAN 00147','New York Office','New York Office','Autodesk Reseller XYZ','SIN 00147','07/24/2010','PO 000147','USA','All','None','OK','Flexible','Both',320000,65,'USD',452,345,'08/06/2010 17:13','08/06/2010 17:13',2,2,'UK'),
(149,123148,'XYZ 00148','CAL 0148','Perpetual','Unlimited','Unlimited','08/28/2010','All','BL 0148','07/25/2010','Perpetual','CC 0148','VLAN 00148','New York Office','New York Office','Autodesk Reseller XYZ','SIN 00148','07/25/2010','PO 000148','USA','All','None','OK','Flexible','Both',64500,76,'GBP',345,23,'08/06/2010 17:13','08/06/2010 17:13',2,3,'UK'),
(150,123149,'XYZ 00149','CAL 0149','Perpetual','Unlimited','Unlimited','08/29/2010','All','BL 0149','07/26/2010','Perpetual','CC 0149','VLAN 00149','New York Office','New York Office','Autodesk Reseller XYZ','SIN 00149','07/26/2010','PO 000149','USA','All','None','OK','Flexible','Both',320000,34,'GBP',234,42,'08/06/2010 17:13','08/06/2010 17:13',2,149,'UK'),
(151,123150,'XYZ 00150','CAL 0150','Perpetual','Unlimited','Unlimited','08/30/2010','All','BL 0150','07/27/2010','Perpetual','CC 0150','VLAN 00150','New York Office','New York Office','Autodesk Reseller XYZ','SIN 00150','07/27/2010','PO 000150','USA','All','None','OK','Flexible','Both',24000,653,'GBP',523,34,'08/06/2010 17:13','08/06/2010 17:13',2,1,'UK'),
(152,123151,'XYZ 00151','CAL 0151','Perpetual','Unlimited','Unlimited','08/31/2010','All','BL 0151','07/28/2010','Perpetual','CC 0151','VLAN 00151','New York Office','New York Office','Autodesk Reseller XYZ','SIN 00151','07/28/2010','PO 000151','USA','All','None','OK','Flexible','Both',17500,33,'GBP',45,23,'08/06/2010 17:13','08/06/2010 17:13',2,159,'UK'),
(153,123152,'XYZ 00152','CAL 0152','Perpetual','Unlimited','Unlimited','09/01/2010','All','BL 0152','07/29/2010','Perpetual','CC 0152','VLAN 00152','New York Office','New York Office','Autodesk Reseller XYZ','SIN 00152','07/29/2010','PO 000152','USA','All','None','OK','Flexible','Both',29000,80,'GBP',2345,42,'08/06/2010 17:13','08/06/2010 17:13',2,158,'UK'),
(154,123153,'XYZ 00153','CAL 0153','Perpetual','Unlimited','Unlimited','09/02/2010','All','BL 0153','07/30/2010','Perpetual','CC 0153','VLAN 00153','New York Office','New York Office','Autodesk Reseller XYZ','SIN 00153','07/30/2010','PO 000153','USA','All','None','OK','Flexible','Both',35000,70,'USD',23,34,'08/06/2010 17:13','08/06/2010 17:13',2,150,'UK'),
(155,123154,'XYZ 00154','CAL 0154','Perpetual','Unlimited','Unlimited','09/03/2010','All','BL 0154','07/31/2010','Perpetual','CC 0154','VLAN 00154','New York Office','New York Office','Autodesk Reseller XYZ','SIN 00154','07/31/2010','PO 000154','USA','All','None','OK','Flexible','Both',1200000,60,'USD',45,2,'08/06/2010 17:13','08/06/2010 17:13',2,82,'UK'),
(156,123155,'XYZ 00155','CAL 0155','Perpetual','Unlimited','Unlimited','09/04/2010','All','BL 0155','08/01/2010','Perpetual','CC 0155','VLAN 00155','New York Office','New York Office','Autodesk Reseller XYZ','SIN 00155','08/01/2010','PO 000155','USA','All','None','OK','Flexible','Both',145000,7,'GBP',2345,34,'08/06/2010 17:13','08/06/2010 17:13',3,83,'UK'),
(157,123156,'XYZ 00156','CAL 0156','Perpetual','Unlimited','Unlimited','09/05/2010','All','BL 0156','08/02/2010','Perpetual','CC 0156','VLAN 00156','New York Office','New York Office','Autodesk Reseller XYZ','SIN 00156','08/02/2010','PO 000156','USA','All','None','OK','Flexible','Both',167000,8,'GBP',23,23,'08/06/2010 17:13','08/06/2010 17:13',3,1,'UK'),
(158,123157,'XYZ 00157','CAL 0157','Perpetual','Unlimited','Unlimited','09/06/2010','All','BL 0157','08/03/2010','Perpetual','CC 0157','VLAN 00157','New York Office','New York Office','Autodesk Reseller XYZ','SIN 00157','08/03/2010','PO 000157','USA','All','None','OK','Flexible','Both',200000,89,'GBP',452,42,'08/06/2010 17:13','08/06/2010 17:13',3,159,'UK'),
(159,123158,'XYZ 00158','CAL 0158','Perpetual','Unlimited','Unlimited','09/07/2010','All','BL 0158','08/04/2010','Perpetual','CC 0158','VLAN 00158','New York Office','New York Office','Autodesk Reseller XYZ','SIN 00158','08/04/2010','PO 000158','USA','All','None','OK','Flexible','Both',2000000,778,'GBP',345,34,'08/06/2010 17:13','08/06/2010 17:13',3,158,'UK'),
(160,123159,'XYZ 00159','CAL 0159','Perpetual','Unlimited','Unlimited','09/08/2010','All','BL 0159','08/05/2010','Perpetual','CC 0159','VLAN 00159','New York Office','New York Office','Autodesk Reseller XYZ','SIN 00159','08/05/2010','PO 000159','USA','All','None','OK','Flexible','Both',135000,87,'GBP',23,23,'08/06/2010 17:13','08/06/2010 17:13',3,150,'UK'),
(161,123160,'XYZ 00160','CAL 0160','Perpetual','Unlimited','Unlimited','09/09/2010','All','BL 0160','08/06/2010','Perpetual','CC 0160','VLAN 00160','New York Office','New York Office','Autodesk Reseller XYZ','SIN 00160','08/06/2010','PO 000160','USA','All','None','OK','Flexible','Both',1350000,67,'USD',452,42,'08/06/2010 17:13','08/06/2010 17:13',3,82,'UK'),
(162,123161,'XYZ 00161','CAL 0161','Perpetual','Unlimited','Unlimited','09/10/2010','All','BL 0161','08/07/2010','Perpetual','CC 0161','VLAN 00161','New York Office','New York Office','Autodesk Reseller XYZ','SIN 00161','08/07/2010','PO 000161','USA','All','None','OK','Flexible','Both',45000,56,'USD',345,34,'08/06/2010 17:13','08/06/2010 17:13',3,83,'UK'),
(163,123162,'XYZ 00162','CAL 0162','Perpetual','Unlimited','Unlimited','09/11/2010','All','BL 0162','08/08/2010','Perpetual','CC 0162','VLAN 00162','New York Office','New York Office','Autodesk Reseller XYZ','SIN 00162','08/08/2010','PO 000162','USA','All','None','OK','Flexible','Both',500000,45,'GBP',23,2,'08/06/2010 17:13','08/06/2010 17:13',3,1,'UK'),
(164,123163,'XYZ 00163','CAL 0163','Perpetual','Unlimited','Unlimited','09/12/2010','All','BL 0163','08/09/2010','Perpetual','CC 0163','VLAN 00163','New York Office','New York Office','Autodesk Reseller XYZ','SIN 00163','08/09/2010','PO 000163','USA','All','None','OK','Flexible','Both',5000000,34,'GBP',45234,34,'08/06/2010 17:13','08/06/2010 17:13',3,2,'UK'),
(165,123164,'XYZ 00164','CAL 0164','Perpetual','Unlimited','Unlimited','09/13/2010','All','BL 0164','08/10/2010','Perpetual','CC 0164','VLAN 00164','New York Office','New York Office','Autodesk Reseller XYZ','SIN 00164','08/10/2010','PO 000164','USA','All','None','OK','Flexible','Both',64500,1000,'GBP',2134,1234,'08/06/2010 17:13','08/06/2010 17:13',3,3,'UK'),
(166,123165,'XYZ 00165','CAL 0165','Perpetual','Unlimited','Unlimited','09/14/2010','All','BL 0165','08/11/2010','Perpetual','CC 0165','VLAN 00165','New York Office','New York Office','Autodesk Reseller XYZ','SIN 00165','08/11/2010','PO 000165','USA','All','None','OK','Flexible','Both',320000,3,'GBP',320000,20000,'08/06/2010 17:13','08/06/2010 17:13',3,149,'UK'),
(167,123166,'XYZ 00166','CAL 0166','Perpetual','Unlimited','Unlimited','09/15/2010','All','BL 0166','08/12/2010','Perpetual','CC 0166','VLAN 00166','New York Office','New York Office','Autodesk Reseller XYZ','SIN 00166','08/12/2010','PO 000166','USA','All','None','OK','Flexible','Both',465738,10000,'GBP',178723,12342,'08/06/2010 17:13','08/06/2010 17:13',3,150,'UK'),
(168,123167,'XYZ 00167','CAL 0167','Perpetual','Unlimited','Unlimited','09/16/2010','All','BL 0167','08/13/2010','Perpetual','CC 0167','VLAN 00167','New York Office','New York Office','Autodesk Reseller XYZ','SIN 00167','08/13/2010','PO 000167','USA','All','None','OK','Flexible','Both',320000,3,'USD',320000,20000,'08/06/2010 17:13','08/06/2010 17:13',3,1,'UK'),
(169,123168,'XYZ 00168','CAL 0168','Perpetual','Unlimited','Unlimited','09/17/2010','All','BL 0168','08/14/2010','Perpetual','CC 0168','VLAN 00168','New York Office','New York Office','Autodesk Reseller XYZ','SIN 00168','08/14/2010','PO 000168','USA','All','None','OK','Flexible','Both',64500,1000,'USD',2134,1234,'08/06/2010 17:13','08/06/2010 17:13',3,159,'UK'),
(170,123169,'XYZ 00169','CAL 0169','Perpetual','Unlimited','Unlimited','09/18/2010','All','BL 0169','08/15/2010','Perpetual','CC 0169','VLAN 00169','New York Office','New York Office','Autodesk Reseller XYZ','SIN 00169','08/15/2010','PO 000169','USA','All','None','OK','Flexible','Both',320000,3,'GBP',320000,20000,'08/06/2010 17:13','08/06/2010 17:13',3,158,'UK'),
(171,123170,'XYZ 00170','CAL 0170','Perpetual','Unlimited','Unlimited','09/19/2010','All','BL 0170','08/16/2010','Perpetual','CC 0170','VLAN 00170','New York Office','New York Office','Autodesk Reseller XYZ','SIN 00170','08/16/2010','PO 000170','USA','All','None','OK','Flexible','Both',24000,900,'GBP',210,123,'08/06/2010 17:13','08/06/2010 17:13',3,150,'UK'),
(172,123171,'XYZ 00171','CAL 0171','Perpetual','Unlimited','Unlimited','09/20/2010','All','BL 0171','08/17/2010','Perpetual','CC 0171','VLAN 00171','New York Office','New York Office','Autodesk Reseller XYZ','SIN 00171','08/17/2010','PO 000171','USA','All','None','OK','Flexible','Both',17500,800,'GBP',12,123,'08/06/2010 17:13','08/06/2010 17:13',4,82,'UK'),
(173,123172,'XYZ 00172','CAL 0172','Perpetual','Unlimited','Unlimited','09/21/2010','All','BL 0172','08/18/2010','Perpetual','CC 0172','VLAN 00172','New York Office','New York Office','Autodesk Reseller XYZ','SIN 00172','08/18/2010','PO 000172','USA','All','None','OK','Flexible','Both',29000,1000,'GBP',12,123,'08/06/2010 17:13','08/06/2010 17:13',4,83,'UK'),
(174,123173,'XYZ 00173','CAL 0173','Perpetual','Unlimited','Unlimited','09/22/2010','All','BL 0173','08/19/2010','Perpetual','CC 0173','VLAN 00173','New York Office','New York Office','Autodesk Reseller XYZ','SIN 00173','08/19/2010','PO 000173','USA','All','None','OK','Flexible','Both',35000,12000,'GBP',231243,123,'08/06/2010 17:13','08/06/2010 17:13',4,1,'UK'),
(175,123174,'XYZ 00174','CAL 0174','Perpetual','Unlimited','Unlimited','09/23/2010','All','BL 0174','08/20/2010','Perpetual','CC 0174','VLAN 00174','New York Office','New York Office','Autodesk Reseller XYZ','SIN 00174','08/20/2010','PO 000174','USA','All','None','OK','Flexible','Both',1200000,1400,'USD',2345,1,'08/06/2010 17:13','08/06/2010 17:13',4,2,'UK'),
(176,123175,'XYZ 00175','CAL 0175','Perpetual','Unlimited','Unlimited','09/24/2010','All','BL 0175','08/21/2010','Perpetual','CC 0175','VLAN 00175','New York Office','New York Office','Autodesk Reseller XYZ','SIN 00175','08/21/2010','PO 000175','USA','All','None','OK','Flexible','Both',145000,300,'USD',32456345,231,'08/06/2010 17:13','08/06/2010 17:13',4,3,'UK'),
(177,123176,'XYZ 00176','CAL 0176','Perpetual','Unlimited','Unlimited','09/25/2010','All','BL 0176','08/22/2010','Perpetual','CC 0176','VLAN 00176','New York Office','New York Office','Autodesk Reseller XYZ','SIN 00176','08/22/2010','PO 000176','USA','All','None','OK','Flexible','Both',167000,3,'GBP',634576,242,'08/06/2010 17:13','08/06/2010 17:13',4,149,'UK'),
(178,123177,'XYZ 00177','CAL 0177','Perpetual','Unlimited','Unlimited','09/26/2010','All','BL 0177','08/23/2010','Perpetual','CC 0177','VLAN 00177','New York Office','New York Office','Autodesk Reseller XYZ','SIN 00177','08/23/2010','PO 000177','USA','All','None','OK','Flexible','Both',200000,4,'GBP',4567,34,'08/06/2010 17:13','08/06/2010 17:13',4,1,'UK'),
(179,123178,'XYZ 00178','CAL 0178','Perpetual','Unlimited','Unlimited','09/27/2010','All','BL 0178','08/24/2010','Perpetual','CC 0178','VLAN 00178','New York Office','New York Office','Autodesk Reseller XYZ','SIN 00178','08/24/2010','PO 000178','USA','All','None','OK','Flexible','Both',2000000,26,'GBP',456745,23,'08/06/2010 17:13','08/06/2010 17:13',4,159,'UK'),
(180,123179,'XYZ 00179','CAL 0179','Perpetual','Unlimited','Unlimited','09/28/2010','All','BL 0179','08/25/2010','Perpetual','CC 0179','VLAN 00179','New York Office','New York Office','Autodesk Reseller XYZ','SIN 00179','08/25/2010','PO 000179','USA','All','None','OK','Flexible','Both',135000,35,'GBP',7865,12,'08/06/2010 17:13','08/06/2010 17:13',4,158,'UK'),
(181,123180,'XYZ 00180','CAL 0180','Perpetual','Unlimited','Unlimited','09/29/2010','All','BL 0180','08/26/2010','Perpetual','CC 0180','VLAN 00180','New York Office','New York Office','Autodesk Reseller XYZ','SIN 00180','08/26/2010','PO 000180','USA','All','None','OK','Flexible','Both',1350000,75,'GBP',786578,31,'08/06/2010 17:13','08/06/2010 17:13',4,150,'UK'),
(182,123181,'XYZ 00181','CAL 0181','Perpetual','Unlimited','Unlimited','09/30/2010','All','BL 0181','08/27/2010','Perpetual','CC 0181','VLAN 00181','New York Office','New York Office','Autodesk Reseller XYZ','SIN 00181','08/27/2010','PO 000181','USA','All','None','OK','Flexible','Both',45000,81,'USD',53,23,'08/06/2010 17:13','08/06/2010 17:13',4,82,'UK'),
(183,123182,'XYZ 00182','CAL 0182','Perpetual','Unlimited','Unlimited','10/01/2010','All','BL 0182','08/28/2010','Perpetual','CC 0182','VLAN 00182','New York Office','New York Office','Autodesk Reseller XYZ','SIN 00182','08/28/2010','PO 000182','USA','All','None','OK','Flexible','Both',500000,897,'USD',2452,123,'08/06/2010 17:13','08/06/2010 17:13',4,83,'UK'),
(184,123183,'XYZ 00183','CAL 0183','Perpetual','Unlimited','Unlimited','10/02/2010','All','BL 0183','08/29/2010','Perpetual','CC 0183','VLAN 00183','New York Office','New York Office','Autodesk Reseller XYZ','SIN 00183','08/29/2010','PO 000183','USA','All','None','OK','Flexible','Both',5000000,23,'GBP',345,421,'08/06/2010 17:13','08/06/2010 17:13',4,1,'UK'),
(185,123184,'XYZ 00184','CAL 0184','Perpetual','Unlimited','Unlimited','10/03/2010','All','BL 0184','08/30/2010','Perpetual','CC 0184','VLAN 00184','New York Office','New York Office','Autodesk Reseller XYZ','SIN 00184','08/30/2010','PO 000184','USA','All','None','OK','Flexible','Both',345000,123,'GBP',1234,34,'08/06/2010 17:13','08/06/2010 17:13',4,2,'UK'),
(186,123185,'XYZ 00185','CAL 0185','Perpetual','Unlimited','Unlimited','10/04/2010','All','BL 0185','08/31/2010','Perpetual','CC 0185','VLAN 00185','New York Office','New York Office','Autodesk Reseller XYZ','SIN 00185','08/31/2010','PO 000185','USA','All','None','OK','Flexible','Both',64500,432,'GBP',1245,234,'08/06/2010 17:13','08/06/2010 17:13',4,3,'UK'),
(187,123186,'XYZ 00186','CAL 0186','Perpetual','Unlimited','Unlimited','10/05/2010','All','BL 0186','09/01/2010','Perpetual','CC 0186','VLAN 00186','New York Office','New York Office','Autodesk Reseller XYZ','SIN 00186','09/01/2010','PO 000186','USA','All','None','OK','Flexible','Both',320000,543,'GBP',2345,2,'08/06/2010 17:13','08/06/2010 17:13',4,149,'UK'),
(188,123187,'XYZ 00187','CAL 0187','Perpetual','Unlimited','Unlimited','10/06/2010','All','BL 0187','09/02/2010','Perpetual','CC 0187','VLAN 00187','New York Office','New York Office','Autodesk Reseller XYZ','SIN 00187','09/02/2010','PO 000187','USA','All','None','OK','Flexible','Both',465738,345,'GBP',23,3452,'08/06/2010 17:13','08/06/2010 17:13',5,1,'UK'),
(189,123188,'XYZ 00188','CAL 0188','Perpetual','Unlimited','Unlimited','10/07/2010','All','BL 0188','09/03/2010','Perpetual','CC 0188','VLAN 00188','New York Office','New York Office','Autodesk Reseller XYZ','SIN 00188','09/03/2010','PO 000188','USA','All','None','OK','Flexible','Both',320000,65,'USD',452,345,'08/06/2010 17:13','08/06/2010 17:13',5,159,'UK'),
(190,123189,'XYZ 00189','CAL 0189','Perpetual','Unlimited','Unlimited','10/08/2010','All','BL 0189','09/04/2010','Perpetual','CC 0189','VLAN 00189','New York Office','New York Office','Autodesk Reseller XYZ','SIN 00189','09/04/2010','PO 000189','USA','All','None','OK','Flexible','Both',64500,76,'USD',345,23,'08/06/2010 17:13','08/06/2010 17:13',5,158,'UK'),
(191,123190,'XYZ 00190','CAL 0190','Perpetual','Unlimited','Unlimited','10/09/2010','All','BL 0190','09/05/2010','Perpetual','CC 0190','VLAN 00190','New York Office','New York Office','Autodesk Reseller XYZ','SIN 00190','09/05/2010','PO 000190','USA','All','None','OK','Flexible','Both',320000,34,'GBP',234,42,'08/06/2010 17:13','08/06/2010 17:13',5,150,'UK'),
(192,123191,'XYZ 00191','CAL 0191','Perpetual','Unlimited','Unlimited','10/10/2010','All','BL 0191','09/06/2010','Perpetual','CC 0191','VLAN 00191','New York Office','New York Office','Autodesk Reseller XYZ','SIN 00191','09/06/2010','PO 000191','USA','All','None','OK','Flexible','Both',24000,653,'GBP',523,34,'08/06/2010 17:13','08/06/2010 17:13',5,82,'UK'),
(193,123192,'XYZ 00192','CAL 0192','Perpetual','Unlimited','Unlimited','10/11/2010','All','BL 0192','09/07/2010','Perpetual','CC 0192','VLAN 00192','New York Office','New York Office','Autodesk Reseller XYZ','SIN 00192','09/07/2010','PO 000192','USA','All','None','OK','Flexible','Both',17500,33,'GBP',45,23,'08/06/2010 17:13','08/06/2010 17:13',5,83,'UK'),
(194,123193,'XYZ 00193','CAL 0193','Perpetual','Unlimited','Unlimited','10/12/2010','All','BL 0193','09/08/2010','Perpetual','CC 0193','VLAN 00193','New York Office','New York Office','Autodesk Reseller XYZ','SIN 00193','09/08/2010','PO 000193','USA','All','None','OK','Flexible','Both',29000,80,'GBP',2345,42,'08/06/2010 17:13','08/06/2010 17:13',5,1,'USA'),
(195,123194,'XYZ 00194','CAL 0194','Perpetual','Unlimited','Unlimited','10/13/2010','All','BL 0194','09/09/2010','Perpetual','CC 0194','VLAN 00194','New York Office','New York Office','Autodesk Reseller XYZ','SIN 00194','09/09/2010','PO 000194','USA','All','None','OK','Flexible','Both',35000,70,'GBP',23,34,'08/06/2010 17:13','08/06/2010 17:13',5,2,'USA'),
(196,123195,'XYZ 00195','CAL 0195','Perpetual','Unlimited','Unlimited','10/14/2010','All','BL 0195','09/10/2010','Perpetual','CC 0195','VLAN 00195','New York Office','New York Office','Autodesk Reseller XYZ','SIN 00195','09/10/2010','PO 000195','USA','All','None','OK','Flexible','Both',1200000,60,'USD',45,2,'08/06/2010 17:13','08/06/2010 17:13',5,3,'USA'),
(197,123196,'XYZ 00196','CAL 0196','Perpetual','Unlimited','Unlimited','10/15/2010','All','BL 0196','09/11/2010','Perpetual','CC 0196','VLAN 00196','New York Office','New York Office','Autodesk Reseller XYZ','SIN 00196','09/11/2010','PO 000196','USA','All','None','OK','Flexible','Both',145000,7,'USD',2345,34,'08/06/2010 17:13','08/06/2010 17:13',5,149,'USA'),
(198,123197,'XYZ 00197','CAL 0197','Perpetual','Unlimited','Unlimited','10/16/2010','All','BL 0197','09/12/2010','Perpetual','CC 0197','VLAN 00197','New York Office','New York Office','Autodesk Reseller XYZ','SIN 00197','09/12/2010','PO 000197','USA','All','None','OK','Flexible','Both',167000,8,'GBP',23,23,'08/06/2010 17:13','08/06/2010 17:13',5,1,'UK'),
(199,123198,'XYZ 00198','CAL 0198','Perpetual','Unlimited','Unlimited','10/17/2010','All','BL 0198','09/13/2010','Perpetual','CC 0198','VLAN 00198','New York Office','New York Office','Autodesk Reseller XYZ','SIN 00198','09/13/2010','PO 000198','USA','All','None','OK','Flexible','Both',200000,89,'GBP',452,42,'08/06/2010 17:13','08/06/2010 17:13',4,159,'UK'),
(200,123199,'XYZ 00199','CAL 0199','Perpetual','Unlimited','Unlimited','10/18/2010','All','BL 0199','09/14/2010','Perpetual','CC 0199','VLAN 00199','New York Office','New York Office','Autodesk Reseller XYZ','SIN 00199','09/14/2010','PO 000199','USA','All','None','OK','Flexible','Both',2000000,778,'GBP',345,34,'08/06/2010 17:13','08/06/2010 17:13',4,158,'UK'),
(201,123200,'XYZ 00200','CAL 0200','Perpetual','Unlimited','Unlimited','10/19/2010','All','BL 0200','09/15/2010','Perpetual','CC 0200','VLAN 00200','New York Office','New York Office','Autodesk Reseller XYZ','SIN 00200','09/15/2010','PO 000200','USA','All','None','OK','Flexible','Both',135000,87,'GBP',23,23,'08/06/2010 17:13','08/06/2010 17:13',4,150,'UK'),
(202,123201,'XYZ 00201','CAL 0201','Perpetual','Unlimited','Unlimited','10/20/2010','All','BL 0201','09/16/2010','Perpetual','CC 0201','VLAN 00201','New York Office','New York Office','Autodesk Reseller XYZ','SIN 00201','09/16/2010','PO 000201','USA','All','None','OK','Flexible','Both',1350000,67,'GBP',452,42,'08/06/2010 17:13','08/06/2010 17:13',4,82,'UK'),
(203,123202,'XYZ 00202','CAL 0202','Perpetual','Unlimited','Unlimited','10/21/2010','All','BL 0202','09/17/2010','Perpetual','CC 0202','VLAN 00202','New York Office','New York Office','Autodesk Reseller XYZ','SIN 00202','09/17/2010','PO 000202','USA','All','None','OK','Flexible','Both',45000,56,'USD',345,34,'08/06/2010 17:13','08/06/2010 17:13',4,83,'UK'),
(204,123203,'XYZ 00203','CAL 0203','Perpetual','Unlimited','Unlimited','10/22/2010','All','BL 0203','09/18/2010','Perpetual','CC 0203','VLAN 00203','New York Office','New York Office','Autodesk Reseller XYZ','SIN 00203','09/18/2010','PO 000203','USA','All','None','OK','Flexible','Both',500000,45,'USD',23,2,'08/06/2010 17:13','08/06/2010 17:13',4,1,'UK'),
(205,123204,'XYZ 00204','CAL 0204','Perpetual','Unlimited','Unlimited','10/23/2010','All','BL 0204','09/19/2010','Perpetual','CC 0204','VLAN 00204','New York Office','New York Office','Autodesk Reseller XYZ','SIN 00204','09/19/2010','PO 000204','USA','All','None','OK','Flexible','Both',5000000,34,'GBP',45234,34,'08/06/2010 17:13','08/06/2010 17:13',4,2,'UK'),
(206,123205,'XYZ 00205','CAL 0205','Perpetual','Unlimited','Unlimited','10/24/2010','All','BL 0205','09/20/2010','Perpetual','CC 0205','VLAN 00205','New York Office','New York Office','Autodesk Reseller XYZ','SIN 00205','09/20/2010','PO 000205','USA','All','None','OK','Flexible','Both',64500,1000,'GBP',2134,1234,'08/06/2010 17:13','08/06/2010 17:13',4,3,'UK'),
(207,123206,'XYZ 00206','CAL 0206','Perpetual','Unlimited','Unlimited','10/25/2010','All','BL 0206','09/21/2010','Perpetual','CC 0206','VLAN 00206','New York Office','New York Office','Autodesk Reseller XYZ','SIN 00206','09/21/2010','PO 000206','USA','All','None','OK','Flexible','Both',320000,3,'GBP',320000,20000,'08/06/2010 17:13','08/06/2010 17:13',3,149,'UK'),
(208,123207,'XYZ 00207','CAL 0207','Perpetual','Unlimited','Unlimited','10/26/2010','All','BL 0207','09/22/2010','Perpetual','CC 0207','VLAN 00207','New York Office','New York Office','Autodesk Reseller XYZ','SIN 00207','09/22/2010','PO 000207','USA','All','None','OK','Flexible','Both',465738,10000,'GBP',178723,12342,'08/06/2010 17:13','08/06/2010 17:13',3,150,'UK'),
(209,123208,'XYZ 00208','CAL 0208','Perpetual','Unlimited','Unlimited','10/27/2010','All','BL 0208','09/23/2010','Perpetual','CC 0208','VLAN 00208','New York Office','New York Office','Autodesk Reseller XYZ','SIN 00208','09/23/2010','PO 000208','USA','All','None','OK','Flexible','Both',320000,3,'GBP',320000,20000,'08/06/2010 17:13','08/06/2010 17:13',3,1,'UK'),
(210,123209,'XYZ 00209','CAL 0209','Perpetual','Unlimited','Unlimited','10/28/2010','All','BL 0209','09/24/2010','Perpetual','CC 0209','VLAN 00209','New York Office','New York Office','Autodesk Reseller XYZ','SIN 00209','09/24/2010','PO 000209','USA','All','None','OK','Flexible','Both',64500,1000,'USD',2134,1234,'08/06/2010 17:13','08/06/2010 17:13',3,159,'UK'),
(211,123210,'XYZ 00210','CAL 0210','Perpetual','Unlimited','Unlimited','10/29/2010','All','BL 0210','09/25/2010','Perpetual','CC 0210','VLAN 00210','New York Office','New York Office','Autodesk Reseller XYZ','SIN 00210','09/25/2010','PO 000210','USA','All','None','OK','Flexible','Both',320000,3,'USD',320000,20000,'08/06/2010 17:13','08/06/2010 17:13',3,158,'UK'),
(212,123211,'XYZ 00211','CAL 0211','Perpetual','Unlimited','Unlimited','10/30/2010','All','BL 0211','09/26/2010','Perpetual','CC 0211','VLAN 00211','New York Office','New York Office','Autodesk Reseller XYZ','SIN 00211','09/26/2010','PO 000211','USA','All','None','OK','Flexible','Both',24000,900,'GBP',210,123,'08/06/2010 17:13','08/06/2010 17:13',1,150,'UK'),
(213,123212,'XYZ 00212','CAL 0212','Perpetual','Unlimited','Unlimited','10/31/2010','All','BL 0212','09/27/2010','Perpetual','CC 0212','VLAN 00212','New York Office','New York Office','Autodesk Reseller XYZ','SIN 00212','09/27/2010','PO 000212','USA','All','None','OK','Flexible','Both',17500,800,'GBP',12,123,'08/06/2010 17:13','08/06/2010 17:13',1,82,'UK'),
(214,123213,'XYZ 00213','CAL 0213','Perpetual','Unlimited','Unlimited','11/01/2010','All','BL 0213','09/28/2010','Perpetual','CC 0213','VLAN 00213','New York Office','New York Office','Autodesk Reseller XYZ','SIN 00213','09/28/2010','PO 000213','USA','All','None','OK','Flexible','Both',29000,1000,'GBP',12,123,'08/06/2010 17:13','08/06/2010 17:13',1,83,'UK'),
(215,123214,'XYZ 00214','CAL 0214','Perpetual','Unlimited','Unlimited','11/02/2010','All','BL 0214','09/29/2010','Perpetual','CC 0214','VLAN 00214','New York Office','New York Office','Autodesk Reseller XYZ','SIN 00214','09/29/2010','PO 000214','USA','All','None','OK','Flexible','Both',35000,12000,'GBP',231243,123,'08/06/2010 17:13','08/06/2010 17:13',1,1,'UK'),
(216,123215,'XYZ 00215','CAL 0215','Perpetual','Unlimited','Unlimited','11/03/2010','All','BL 0215','09/30/2010','Perpetual','CC 0215','VLAN 00215','New York Office','New York Office','Autodesk Reseller XYZ','SIN 00215','09/30/2010','PO 000215','USA','All','None','OK','Flexible','Both',1200000,1400,'GBP',2345,1,'08/06/2010 17:13','08/06/2010 17:13',1,2,'UK'),
(217,123216,'XYZ 00216','CAL 0216','Perpetual','Unlimited','Unlimited','11/04/2010','All','BL 0216','10/01/2010','Perpetual','CC 0216','VLAN 00216','New York Office','New York Office','Autodesk Reseller XYZ','SIN 00216','10/01/2010','PO 000216','USA','All','None','OK','Flexible','Both',145000,300,'USD',32456345,231,'08/06/2010 17:13','08/06/2010 17:13',1,3,'UK'),
(218,123217,'XYZ 00217','CAL 0217','Perpetual','Unlimited','Unlimited','11/05/2010','All','BL 0217','10/02/2010','Perpetual','CC 0217','VLAN 00217','New York Office','New York Office','Autodesk Reseller XYZ','SIN 00217','10/02/2010','PO 000217','USA','All','None','OK','Flexible','Both',167000,3,'USD',634576,242,'08/06/2010 17:13','08/06/2010 17:13',1,149,'UK'),
(219,123218,'XYZ 00218','CAL 0218','Perpetual','Unlimited','Unlimited','11/06/2010','All','BL 0218','10/03/2010','Perpetual','CC 0218','VLAN 00218','New York Office','New York Office','Autodesk Reseller XYZ','SIN 00218','10/03/2010','PO 000218','USA','All','None','OK','Flexible','Both',200000,4,'GBP',4567,34,'08/06/2010 17:13','08/06/2010 17:13',1,1,'UK'),
(220,123219,'XYZ 00219','CAL 0219','Perpetual','Unlimited','Unlimited','11/07/2010','All','BL 0219','10/04/2010','Perpetual','CC 0219','VLAN 00219','New York Office','New York Office','Autodesk Reseller XYZ','SIN 00219','10/04/2010','PO 000219','USA','All','None','OK','Flexible','Both',2000000,26,'GBP',456745,23,'08/06/2010 17:13','08/06/2010 17:13',1,159,'UK'),
(221,123220,'XYZ 00220','CAL 0220','Perpetual','Unlimited','Unlimited','11/08/2010','All','BL 0220','10/05/2010','Perpetual','CC 0220','VLAN 00220','New York Office','New York Office','Autodesk Reseller XYZ','SIN 00220','10/05/2010','PO 000220','USA','All','None','OK','Flexible','Both',135000,35,'GBP',7865,12,'08/06/2010 17:13','08/06/2010 17:13',1,158,'UK'),
(222,123221,'XYZ 00221','CAL 0221','Perpetual','Unlimited','Unlimited','11/09/2010','All','BL 0221','10/06/2010','Perpetual','CC 0221','VLAN 00221','New York Office','New York Office','Autodesk Reseller XYZ','SIN 00221','10/06/2010','PO 000221','USA','All','None','OK','Flexible','Both',1350000,75,'GBP',786578,31,'08/06/2010 17:13','08/06/2010 17:13',1,150,'UK'),
(223,123222,'XYZ 00222','CAL 0222','Perpetual','Unlimited','Unlimited','11/10/2010','All','BL 0222','10/07/2010','Perpetual','CC 0222','VLAN 00222','New York Office','New York Office','Autodesk Reseller XYZ','SIN 00222','10/07/2010','PO 000222','USA','All','None','OK','Flexible','Both',45000,81,'GBP',53,23,'08/06/2010 17:13','08/06/2010 17:13',1,82,'UK'),
(224,123223,'XYZ 00223','CAL 0223','Perpetual','Unlimited','Unlimited','11/11/2010','All','BL 0223','10/08/2010','Perpetual','CC 0223','VLAN 00223','New York Office','New York Office','Autodesk Reseller XYZ','SIN 00223','10/08/2010','PO 000223','USA','All','None','OK','Flexible','Both',500000,897,'USD',2452,123,'08/06/2010 17:13','08/06/2010 17:13',1,83,'UK'),
(225,123224,'XYZ 00224','CAL 0224','Perpetual','Unlimited','Unlimited','11/12/2010','All','BL 0224','10/09/2010','Perpetual','CC 0224','VLAN 00224','New York Office','New York Office','Autodesk Reseller XYZ','SIN 00224','10/09/2010','PO 000224','USA','All','None','OK','Flexible','Both',5000000,23,'USD',345,421,'08/06/2010 17:13','08/06/2010 17:13',1,1,'UK'),
(226,123225,'XYZ 00225','CAL 0225','Perpetual','Unlimited','Unlimited','11/13/2010','All','BL 0225','10/10/2010','Perpetual','CC 0225','VLAN 00225','New York Office','New York Office','Autodesk Reseller XYZ','SIN 00225','10/10/2010','PO 000225','USA','All','None','OK','Flexible','Both',345000,123,'GBP',1234,34,'08/06/2010 17:13','08/06/2010 17:13',1,2,'UK'),
(227,123226,'XYZ 00226','CAL 0226','Perpetual','Unlimited','Unlimited','11/14/2010','All','BL 0226','10/11/2010','Perpetual','CC 0226','VLAN 00226','New York Office','New York Office','Autodesk Reseller XYZ','SIN 00226','10/11/2010','PO 000226','USA','All','None','OK','Flexible','Both',64500,432,'GBP',1245,234,'08/06/2010 17:13','08/06/2010 17:13',1,3,'UK'),
(228,123227,'XYZ 00227','CAL 0227','Perpetual','Unlimited','Unlimited','11/15/2010','All','BL 0227','10/12/2010','Perpetual','CC 0227','VLAN 00227','New York Office','New York Office','Autodesk Reseller XYZ','SIN 00227','10/12/2010','PO 000227','USA','All','None','OK','Flexible','Both',320000,543,'GBP',2345,2,'08/06/2010 17:13','08/06/2010 17:13',1,149,'UK'),
(229,123228,'XYZ 00228','CAL 0228','Perpetual','Unlimited','Unlimited','11/16/2010','All','BL 0228','10/13/2010','Perpetual','CC 0228','VLAN 00228','New York Office','New York Office','Autodesk Reseller XYZ','SIN 00228','10/13/2010','PO 000228','USA','All','None','OK','Flexible','Both',465738,345,'GBP',23,3452,'08/06/2010 17:13','08/06/2010 17:13',1,1,'UK'),
(230,123229,'XYZ 00229','CAL 0229','Perpetual','Unlimited','Unlimited','11/17/2010','All','BL 0229','10/14/2010','Perpetual','CC 0229','VLAN 00229','New York Office','New York Office','Autodesk Reseller XYZ','SIN 00229','10/14/2010','PO 000229','USA','All','None','OK','Flexible','Both',320000,65,'GBP',452,345,'08/06/2010 17:13','08/06/2010 17:13',1,159,'UK'),
(231,123230,'XYZ 00230','CAL 0230','Perpetual','Unlimited','Unlimited','11/18/2010','All','BL 0230','10/15/2010','Perpetual','CC 0230','VLAN 00230','New York Office','New York Office','Autodesk Reseller XYZ','SIN 00230','10/15/2010','PO 000230','USA','All','None','OK','Flexible','Both',64500,76,'USD',345,23,'08/06/2010 17:13','08/06/2010 17:13',1,158,'UK'),
(232,123231,'XYZ 00231','CAL 0231','Perpetual','Unlimited','Unlimited','11/19/2010','All','BL 0231','10/16/2010','Perpetual','CC 0231','VLAN 00231','New York Office','New York Office','Autodesk Reseller XYZ','SIN 00231','10/16/2010','PO 000231','USA','All','None','OK','Flexible','Both',320000,34,'USD',234,42,'08/06/2010 17:13','08/06/2010 17:13',1,150,'UK'),
(233,123232,'XYZ 00232','CAL 0232','Perpetual','Unlimited','Unlimited','11/20/2010','All','BL 0232','10/17/2010','Perpetual','CC 0232','VLAN 00232','New York Office','New York Office','Autodesk Reseller XYZ','SIN 00232','10/17/2010','PO 000232','USA','All','None','OK','Flexible','Both',24000,653,'GBP',523,34,'08/06/2010 17:13','08/06/2010 17:13',1,82,'UK'),
(234,123233,'XYZ 00233','CAL 0233','Perpetual','Unlimited','Unlimited','11/21/2010','All','BL 0233','10/18/2010','Perpetual','CC 0233','VLAN 00233','New York Office','New York Office','Autodesk Reseller XYZ','SIN 00233','10/18/2010','PO 000233','USA','All','None','OK','Flexible','Both',17500,33,'GBP',45,23,'08/06/2010 17:13','08/06/2010 17:13',1,83,'UK'),
(235,123234,'XYZ 00234','CAL 0234','Perpetual','Unlimited','Unlimited','11/22/2010','All','BL 0234','10/19/2010','Perpetual','CC 0234','VLAN 00234','New York Office','New York Office','Autodesk Reseller XYZ','SIN 00234','10/19/2010','PO 000234','USA','All','None','OK','Flexible','Both',29000,80,'GBP',2345,42,'08/06/2010 17:13','08/06/2010 17:13',1,1,'UK'),
(236,123235,'XYZ 00235','CAL 0235','Perpetual','Unlimited','Unlimited','11/23/2010','All','BL 0235','10/20/2010','Perpetual','CC 0235','VLAN 00235','New York Office','New York Office','Autodesk Reseller XYZ','SIN 00235','10/20/2010','PO 000235','USA','All','None','OK','Flexible','Both',35000,70,'GBP',23,34,'08/06/2010 17:13','08/06/2010 17:13',1,159,'UK'),
(237,123236,'XYZ 00236','CAL 0236','Perpetual','Unlimited','Unlimited','11/24/2010','All','BL 0236','10/21/2010','Perpetual','CC 0236','VLAN 00236','New York Office','New York Office','Autodesk Reseller XYZ','SIN 00236','10/21/2010','PO 000236','USA','All','None','OK','Flexible','Both',1200000,60,'GBP',45,2,'08/06/2010 17:13','08/06/2010 17:13',1,158,'UK'),
(238,123237,'XYZ 00237','CAL 0237','Perpetual','Unlimited','Unlimited','11/25/2010','All','BL 0237','10/22/2010','Perpetual','CC 0237','VLAN 00237','New York Office','New York Office','Autodesk Reseller XYZ','SIN 00237','10/22/2010','PO 000237','USA','All','None','OK','Flexible','Both',145000,7,'USD',2345,34,'08/06/2010 17:13','08/06/2010 17:13',1,150,'UK'),
(239,123238,'XYZ 00238','CAL 0238','Perpetual','Unlimited','Unlimited','11/26/2010','All','BL 0238','10/23/2010','Perpetual','CC 0238','VLAN 00238','New York Office','New York Office','Autodesk Reseller XYZ','SIN 00238','10/23/2010','PO 000238','USA','All','None','OK','Flexible','Both',167000,8,'USD',23,23,'08/06/2010 17:13','08/06/2010 17:13',1,82,'UK'),
(240,123239,'XYZ 00239','CAL 0239','Perpetual','Unlimited','Unlimited','11/27/2010','All','BL 0239','10/24/2010','Perpetual','CC 0239','VLAN 00239','New York Office','New York Office','Autodesk Reseller XYZ','SIN 00239','10/24/2010','PO 000239','USA','All','None','OK','Flexible','Both',200000,89,'GBP',452,42,'08/06/2010 17:13','08/06/2010 17:13',1,83,'UK'),
(241,123240,'XYZ 00240','CAL 0240','Perpetual','Unlimited','Unlimited','11/28/2010','All','BL 0240','10/25/2010','Perpetual','CC 0240','VLAN 00240','New York Office','New York Office','Autodesk Reseller XYZ','SIN 00240','10/25/2010','PO 000240','USA','All','None','OK','Flexible','Both',2000000,778,'GBP',345,34,'08/06/2010 17:13','08/06/2010 17:13',1,1,'UK'),
(242,123241,'XYZ 00241','CAL 0241','Perpetual','Unlimited','Unlimited','11/29/2010','All','BL 0241','10/26/2010','Perpetual','CC 0241','VLAN 00241','New York Office','New York Office','Autodesk Reseller XYZ','SIN 00241','10/26/2010','PO 000241','USA','All','None','OK','Flexible','Both',135000,87,'GBP',23,23,'08/06/2010 17:13','08/06/2010 17:13',2,2,'UK'),
(243,123242,'XYZ 00242','CAL 0242','Perpetual','Unlimited','Unlimited','11/30/2010','All','BL 0242','10/27/2010','Perpetual','CC 0242','VLAN 00242','New York Office','New York Office','Autodesk Reseller XYZ','SIN 00242','10/27/2010','PO 000242','USA','All','None','OK','Flexible','Both',1350000,67,'GBP',452,42,'08/06/2010 17:13','08/06/2010 17:13',2,3,'UK'),
(244,123243,'XYZ 00243','CAL 0243','Perpetual','Unlimited','Unlimited','12/01/2010','All','BL 0243','10/28/2010','Perpetual','CC 0243','VLAN 00243','New York Office','New York Office','Autodesk Reseller XYZ','SIN 00243','10/28/2010','PO 000243','USA','All','None','OK','Flexible','Both',45000,56,'GBP',345,34,'08/06/2010 17:13','08/06/2010 17:13',2,149,'UK'),
(245,123244,'XYZ 00244','CAL 0244','Perpetual','Unlimited','Unlimited','12/02/2010','All','BL 0244','10/29/2010','Perpetual','CC 0244','VLAN 00244','New York Office','New York Office','Autodesk Reseller XYZ','SIN 00244','10/29/2010','PO 000244','USA','All','None','OK','Flexible','Both',500000,45,'USD',23,2,'08/06/2010 17:13','08/06/2010 17:13',2,150,'UK'),
(246,123245,'XYZ 00245','CAL 0245','Perpetual','Unlimited','Unlimited','12/03/2010','All','BL 0245','10/30/2010','Perpetual','CC 0245','VLAN 00245','New York Office','New York Office','Autodesk Reseller XYZ','SIN 00245','10/30/2010','PO 000245','USA','All','None','OK','Flexible','Both',5000000,34,'USD',45234,34,'08/06/2010 17:13','08/06/2010 17:13',2,1,'UK'),
(247,123246,'XYZ 00246','CAL 0246','Perpetual','Unlimited','Unlimited','12/04/2010','All','BL 0246','10/31/2010','Perpetual','CC 0246','VLAN 00246','New York Office','New York Office','Autodesk Reseller XYZ','SIN 00246','10/31/2010','PO 000246','USA','All','None','OK','Flexible','Both',64500,1000,'GBP',2134,1234,'08/06/2010 17:13','08/06/2010 17:13',2,159,'UK'),
(248,123247,'XYZ 00247','CAL 0247','Perpetual','Unlimited','Unlimited','12/05/2010','All','BL 0247','11/01/2010','Perpetual','CC 0247','VLAN 00247','New York Office','New York Office','Autodesk Reseller XYZ','SIN 00247','11/01/2010','PO 000247','USA','All','None','OK','Flexible','Both',320000,3,'GBP',320000,20000,'08/06/2010 17:13','08/06/2010 17:13',2,158,'UK'),
(249,123248,'XYZ 00248','CAL 0248','Perpetual','Unlimited','Unlimited','12/06/2010','All','BL 0248','11/02/2010','Perpetual','CC 0248','VLAN 00248','New York Office','New York Office','Autodesk Reseller XYZ','SIN 00248','11/02/2010','PO 000248','USA','All','None','OK','Flexible','Both',465738,10000,'GBP',178723,12342,'08/06/2010 17:13','08/06/2010 17:13',2,150,'UK'),
(250,123249,'XYZ 00249','CAL 0249','Perpetual','Unlimited','Unlimited','12/07/2010','All','BL 0249','11/03/2010','Perpetual','CC 0249','VLAN 00249','New York Office','New York Office','Autodesk Reseller XYZ','SIN 00249','11/03/2010','PO 000249','USA','All','None','OK','Flexible','Both',320000,3,'GBP',320000,20000,'08/06/2010 17:13','08/06/2010 17:13',2,82,'UK'),
(251,123250,'XYZ 00250','CAL 0250','Perpetual','Unlimited','Unlimited','12/08/2010','All','BL 0250','11/04/2010','Perpetual','CC 0250','VLAN 00250','New York Office','New York Office','Autodesk Reseller XYZ','SIN 00250','11/04/2010','PO 000250','USA','All','None','OK','Flexible','Both',64500,1000,'GBP',2134,1234,'08/06/2010 17:13','08/06/2010 17:13',3,83,'UK'),
(252,123251,'XYZ 00251','CAL 0251','Perpetual','Unlimited','Unlimited','12/09/2010','All','BL 0251','11/05/2010','Perpetual','CC 0251','VLAN 00251','New York Office','New York Office','Autodesk Reseller XYZ','SIN 00251','11/05/2010','PO 000251','USA','All','None','OK','Flexible','Both',320000,3,'USD',320000,20000,'08/06/2010 17:13','08/06/2010 17:13',4,1,'UK'),
(253,123252,'XYZ 00252','CAL 0252','Perpetual','Unlimited','Unlimited','12/10/2010','All','BL 0252','11/06/2010','Perpetual','CC 0252','VLAN 00252','New York Office','New York Office','Autodesk Reseller XYZ','SIN 00252','11/06/2010','PO 000252','USA','All','None','OK','Flexible','Both',24000,900,'USD',210,123,'08/06/2010 17:13','08/06/2010 17:13',4,2,'UK'),
(254,123253,'XYZ 00253','CAL 0253','Perpetual','Unlimited','Unlimited','12/11/2010','All','BL 0253','11/07/2010','Perpetual','CC 0253','VLAN 00253','New York Office','New York Office','Autodesk Reseller XYZ','SIN 00253','11/07/2010','PO 000253','USA','All','None','OK','Flexible','Both',17500,800,'GBP',12,123,'08/06/2010 17:13','08/06/2010 17:13',5,3,'UK'),
(255,123254,'XYZ 00254','CAL 0254','Perpetual','Unlimited','Unlimited','12/12/2010','All','BL 0254','11/08/2010','Perpetual','CC 0254','VLAN 00254','New York Office','New York Office','Autodesk Reseller XYZ','SIN 00254','11/08/2010','PO 000254','USA','All','None','OK','Flexible','Both',29000,1000,'GBP',12,123,'08/06/2010 17:13','08/06/2010 17:13',5,149,'UK'),
(256,123255,'XYZ 00255','CAL 0255','Perpetual','Unlimited','Unlimited','12/13/2010','All','BL 0255','11/09/2010','Perpetual','CC 0255','VLAN 00255','New York Office','New York Office','Autodesk Reseller XYZ','SIN 00255','11/09/2010','PO 000255','USA','All','None','OK','Flexible','Both',35000,12000,'GBP',231243,123,'08/06/2010 17:13','08/06/2010 17:13',5,1,'UK'),
(257,123256,'XYZ 00256','CAL 0256','Perpetual','Unlimited','Unlimited','12/14/2010','All','BL 0256','11/10/2010','Perpetual','CC 0256','VLAN 00256','New York Office','New York Office','Autodesk Reseller XYZ','SIN 00256','11/10/2010','PO 000256','USA','All','None','OK','Flexible','Both',1200000,1400,'GBP',2345,1,'08/06/2010 17:13','08/06/2010 17:13',5,159,'UK'),
(258,123257,'XYZ 00257','CAL 0257','Perpetual','Unlimited','Unlimited','12/15/2010','All','BL 0257','11/11/2010','Perpetual','CC 0257','VLAN 00257','New York Office','New York Office','Autodesk Reseller XYZ','SIN 00257','11/11/2010','PO 000257','USA','All','None','OK','Flexible','Both',145000,300,'GBP',32456345,231,'08/06/2010 17:13','08/06/2010 17:13',1,158,'UK'),
(259,123258,'XYZ 00258','CAL 0258','Perpetual','Unlimited','Unlimited','12/16/2010','All','BL 0258','11/12/2010','Perpetual','CC 0258','VLAN 00258','New York Office','New York Office','Autodesk Reseller XYZ','SIN 00258','11/12/2010','PO 000258','USA','All','None','OK','Flexible','Both',167000,3,'USD',634576,242,'08/06/2010 17:13','08/06/2010 17:13',1,150,'UK'),
(260,123259,'XYZ 00259','CAL 0259','Perpetual','Unlimited','Unlimited','12/17/2010','All','BL 0259','11/13/2010','Perpetual','CC 0259','VLAN 00259','New York Office','New York Office','Autodesk Reseller XYZ','SIN 00259','11/13/2010','PO 000259','USA','All','None','OK','Flexible','Both',200000,4,'USD',4567,34,'08/06/2010 17:13','08/06/2010 17:13',1,82,'UK'),
(261,123260,'XYZ 00260','CAL 0260','Perpetual','Unlimited','Unlimited','12/18/2010','All','BL 0260','11/14/2010','Perpetual','CC 0260','VLAN 00260','New York Office','New York Office','Autodesk Reseller XYZ','SIN 00260','11/14/2010','PO 000260','USA','All','None','OK','Flexible','Both',2000000,26,'GBP',456745,23,'08/06/2010 17:13','08/06/2010 17:13',1,83,'UK'),
(262,123261,'XYZ 00261','CAL 0261','Perpetual','Unlimited','Unlimited','12/19/2010','All','BL 0261','11/15/2010','Perpetual','CC 0261','VLAN 00261','New York Office','New York Office','Autodesk Reseller XYZ','SIN 00261','11/15/2010','PO 000261','USA','All','None','OK','Flexible','Both',135000,35,'GBP',7865,12,'08/06/2010 17:13','08/06/2010 17:13',1,1,'UK'),
(263,123262,'XYZ 00262','CAL 0262','Perpetual','Unlimited','Unlimited','12/20/2010','All','BL 0262','11/16/2010','Perpetual','CC 0262','VLAN 00262','New York Office','New York Office','Autodesk Reseller XYZ','SIN 00262','11/16/2010','PO 000262','USA','All','None','OK','Flexible','Both',1350000,75,'GBP',786578,31,'08/06/2010 17:13','08/06/2010 17:13',1,2,'UK'),
(264,123263,'XYZ 00263','CAL 0263','Perpetual','Unlimited','Unlimited','12/21/2010','All','BL 0263','11/17/2010','Perpetual','CC 0263','VLAN 00263','New York Office','New York Office','Autodesk Reseller XYZ','SIN 00263','11/17/2010','PO 000263','USA','All','None','OK','Flexible','Both',45000,81,'GBP',53,23,'08/06/2010 17:13','08/06/2010 17:13',1,3,'UK'),
(265,123264,'XYZ 00264','CAL 0264','Perpetual','Unlimited','Unlimited','12/22/2010','All','BL 0264','11/18/2010','Perpetual','CC 0264','VLAN 00264','New York Office','New York Office','Autodesk Reseller XYZ','SIN 00264','11/18/2010','PO 000264','USA','All','None','OK','Flexible','Both',500000,897,'GBP',2452,123,'08/06/2010 17:13','08/06/2010 17:13',1,149,'UK'),
(266,123265,'XYZ 00265','CAL 0265','Perpetual','Unlimited','Unlimited','12/23/2010','All','BL 0265','11/19/2010','Perpetual','CC 0265','VLAN 00265','New York Office','New York Office','Autodesk Reseller XYZ','SIN 00265','11/19/2010','PO 000265','USA','All','None','OK','Flexible','Both',5000000,23,'USD',345,421,'08/06/2010 17:13','08/06/2010 17:13',1,1,'UK'),
(267,123266,'XYZ 00266','CAL 0266','Perpetual','Unlimited','Unlimited','12/24/2010','All','BL 0266','11/20/2010','Perpetual','CC 0266','VLAN 00266','New York Office','New York Office','Autodesk Reseller XYZ','SIN 00266','11/20/2010','PO 000266','USA','All','None','OK','Flexible','Both',345000,123,'USD',1234,34,'08/06/2010 17:13','08/06/2010 17:13',2,159,'UK'),
(268,123267,'XYZ 00267','CAL 0267','Perpetual','Unlimited','Unlimited','12/25/2010','All','BL 0267','11/21/2010','Perpetual','CC 0267','VLAN 00267','New York Office','New York Office','Autodesk Reseller XYZ','SIN 00267','11/21/2010','PO 000267','USA','All','None','OK','Flexible','Both',64500,432,'GBP',1245,234,'08/06/2010 17:13','08/06/2010 17:13',1,158,'UK'),
(269,123268,'XYZ 00268','CAL 0268','Perpetual','Unlimited','Unlimited','12/26/2010','All','BL 0268','11/22/2010','Perpetual','CC 0268','VLAN 00268','New York Office','New York Office','Autodesk Reseller XYZ','SIN 00268','11/22/2010','PO 000268','USA','All','None','OK','Flexible','Both',320000,543,'GBP',2345,2,'08/06/2010 17:13','08/06/2010 17:13',1,150,'UK'),
(270,123269,'XYZ 00269','CAL 0269','Perpetual','Unlimited','Unlimited','12/27/2010','All','BL 0269','11/23/2010','Perpetual','CC 0269','VLAN 00269','New York Office','New York Office','Autodesk Reseller XYZ','SIN 00269','11/23/2010','PO 000269','USA','All','None','OK','Flexible','Both',465738,345,'GBP',23,3452,'08/06/2010 17:13','08/06/2010 17:13',1,82,'UK'),
(271,123270,'XYZ 00270','CAL 0270','Perpetual','Unlimited','Unlimited','12/28/2010','All','BL 0270','11/24/2010','Perpetual','CC 0270','VLAN 00270','New York Office','New York Office','Autodesk Reseller XYZ','SIN 00270','11/24/2010','PO 000270','USA','All','None','OK','Flexible','Both',320000,65,'GBP',452,345,'08/06/2010 17:13','08/06/2010 17:13',1,83,'UK'),
(272,123271,'XYZ 00271','CAL 0271','Perpetual','Unlimited','Unlimited','12/29/2010','All','BL 0271','11/25/2010','Perpetual','CC 0271','VLAN 00271','New York Office','New York Office','Autodesk Reseller XYZ','SIN 00271','11/25/2010','PO 000271','USA','All','None','OK','Flexible','Both',64500,76,'GBP',345,23,'08/06/2010 17:13','08/06/2010 17:13',3,1,'USA'),
(273,123272,'XYZ 00272','CAL 0272','Perpetual','Unlimited','Unlimited','12/30/2010','All','BL 0272','11/26/2010','Perpetual','CC 0272','VLAN 00272','New York Office','New York Office','Autodesk Reseller XYZ','SIN 00272','11/26/2010','PO 000272','USA','All','None','OK','Flexible','Both',320000,34,'USD',234,42,'08/06/2010 17:13','08/06/2010 17:13',3,2,'USA'),
(274,123273,'XYZ 00273','CAL 0273','Perpetual','Unlimited','Unlimited','12/31/2010','All','BL 0273','11/27/2010','Perpetual','CC 0273','VLAN 00273','New York Office','New York Office','Autodesk Reseller XYZ','SIN 00273','11/27/2010','PO 000273','USA','All','None','OK','Flexible','Both',24000,653,'USD',523,34,'08/06/2010 17:13','08/06/2010 17:13',3,3,'USA'),
(275,123274,'XYZ 00274','CAL 0274','Perpetual','Unlimited','Unlimited','01/01/2011','All','BL 0274','11/28/2010','Perpetual','CC 0274','VLAN 00274','New York Office','New York Office','Autodesk Reseller XYZ','SIN 00274','11/28/2010','PO 000274','USA','All','None','OK','Flexible','Both',17500,33,'GBP',45,23,'08/06/2010 17:13','08/06/2010 17:13',3,149,'USA'),
(276,123275,'XYZ 00275','CAL 0275','Perpetual','Unlimited','Unlimited','01/02/2011','All','BL 0275','11/29/2010','Perpetual','CC 0275','VLAN 00275','New York Office','New York Office','Autodesk Reseller XYZ','SIN 00275','11/29/2010','PO 000275','USA','All','None','OK','Flexible','Both',29000,80,'GBP',2345,42,'08/06/2010 17:13','08/06/2010 17:13',3,1,'UK'),
(277,123276,'XYZ 00276','CAL 0276','Perpetual','Unlimited','Unlimited','01/03/2011','All','BL 0276','11/30/2010','Perpetual','CC 0276','VLAN 00276','New York Office','New York Office','Autodesk Reseller XYZ','SIN 00276','11/30/2010','PO 000276','USA','All','None','OK','Flexible','Both',35000,70,'GBP',23,34,'08/06/2010 17:13','08/06/2010 17:13',3,159,'UK'),
(278,123277,'XYZ 00277','CAL 0277','Perpetual','Unlimited','Unlimited','01/04/2011','All','BL 0277','12/01/2010','Perpetual','CC 0277','VLAN 00277','New York Office','New York Office','Autodesk Reseller XYZ','SIN 00277','12/01/2010','PO 000277','USA','All','None','OK','Flexible','Both',1200000,60,'GBP',45,2,'08/06/2010 17:13','08/06/2010 17:13',3,158,'UK'),
(279,123278,'XYZ 00278','CAL 0278','Perpetual','Unlimited','Unlimited','01/05/2011','All','BL 0278','12/02/2010','Perpetual','CC 0278','VLAN 00278','New York Office','New York Office','Autodesk Reseller XYZ','SIN 00278','12/02/2010','PO 000278','USA','All','None','OK','Flexible','Both',145000,7,'GBP',2345,34,'08/06/2010 17:13','08/06/2010 17:13',3,150,'UK'),
(280,123279,'XYZ 00279','CAL 0279','Perpetual','Unlimited','Unlimited','01/06/2011','All','BL 0279','12/03/2010','Perpetual','CC 0279','VLAN 00279','New York Office','New York Office','Autodesk Reseller XYZ','SIN 00279','12/03/2010','PO 000279','USA','All','None','OK','Flexible','Both',167000,8,'USD',23,23,'08/06/2010 17:13','08/06/2010 17:13',4,82,'UK'),
(281,123280,'XYZ 00280','CAL 0280','Perpetual','Unlimited','Unlimited','01/07/2011','All','BL 0280','12/04/2010','Perpetual','CC 0280','VLAN 00280','New York Office','New York Office','Autodesk Reseller XYZ','SIN 00280','12/04/2010','PO 000280','USA','All','None','OK','Flexible','Both',200000,89,'USD',452,42,'08/06/2010 17:13','08/06/2010 17:13',4,83,'UK'),
(282,123281,'XYZ 00281','CAL 0281','Perpetual','Unlimited','Unlimited','01/08/2011','All','BL 0281','12/05/2010','Perpetual','CC 0281','VLAN 00281','New York Office','New York Office','Autodesk Reseller XYZ','SIN 00281','12/05/2010','PO 000281','USA','All','None','OK','Flexible','Both',2000000,778,'GBP',345,34,'08/06/2010 17:13','08/06/2010 17:13',4,1,'UK'),
(283,123282,'XYZ 00282','CAL 0282','Perpetual','Unlimited','Unlimited','01/09/2011','All','BL 0282','12/06/2010','Perpetual','CC 0282','VLAN 00282','New York Office','New York Office','Autodesk Reseller XYZ','SIN 00282','12/06/2010','PO 000282','USA','All','None','OK','Flexible','Both',135000,87,'GBP',23,23,'08/06/2010 17:13','08/06/2010 17:13',4,2,'UK'),
(284,123283,'XYZ 00283','CAL 0283','Perpetual','Unlimited','Unlimited','01/10/2011','All','BL 0283','12/07/2010','Perpetual','CC 0283','VLAN 00283','New York Office','New York Office','Autodesk Reseller XYZ','SIN 00283','12/07/2010','PO 000283','USA','All','None','OK','Flexible','Both',1350000,67,'GBP',452,42,'08/06/2010 17:13','08/06/2010 17:13',4,3,'UK'),
(285,123284,'XYZ 00284','CAL 0284','Perpetual','Unlimited','Unlimited','01/11/2011','All','BL 0284','12/08/2010','Perpetual','CC 0284','VLAN 00284','New York Office','New York Office','Autodesk Reseller XYZ','SIN 00284','12/08/2010','PO 000284','USA','All','None','OK','Flexible','Both',45000,56,'GBP',345,34,'08/06/2010 17:13','08/06/2010 17:13',4,149,'UK'),
(286,123285,'XYZ 00285','CAL 0285','Perpetual','Unlimited','Unlimited','01/12/2011','All','BL 0285','12/09/2010','Perpetual','CC 0285','VLAN 00285','New York Office','New York Office','Autodesk Reseller XYZ','SIN 00285','12/09/2010','PO 000285','USA','All','None','OK','Flexible','Both',500000,45,'GBP',23,2,'08/06/2010 17:13','08/06/2010 17:13',4,150,'UK'),
(287,123286,'XYZ 00286','CAL 0286','Perpetual','Unlimited','Unlimited','01/13/2011','All','BL 0286','12/10/2010','Perpetual','CC 0286','VLAN 00286','New York Office','New York Office','Autodesk Reseller XYZ','SIN 00286','12/10/2010','PO 000286','USA','All','None','OK','Flexible','Both',5000000,34,'USD',45234,34,'08/06/2010 17:13','08/06/2010 17:13',4,1,'UK'),
(288,123287,'XYZ 00287','CAL 0287','Perpetual','Unlimited','Unlimited','01/14/2011','All','BL 0287','12/11/2010','Perpetual','CC 0287','VLAN 00287','New York Office','New York Office','Autodesk Reseller XYZ','SIN 00287','12/11/2010','PO 000287','USA','All','None','OK','Flexible','Both',64500,1000,'USD',2134,1234,'08/06/2010 17:13','08/06/2010 17:13',4,159,'UK'),
(289,123288,'XYZ 00288','CAL 0288','Perpetual','Unlimited','Unlimited','01/15/2011','All','BL 0288','12/12/2010','Perpetual','CC 0288','VLAN 00288','New York Office','New York Office','Autodesk Reseller XYZ','SIN 00288','12/12/2010','PO 000288','USA','All','None','OK','Flexible','Both',320000,3,'GBP',320000,20000,'08/06/2010 17:13','08/06/2010 17:13',4,158,'UK'),
(290,123289,'XYZ 00289','CAL 0289','Perpetual','Unlimited','Unlimited','01/16/2011','All','BL 0289','12/13/2010','Perpetual','CC 0289','VLAN 00289','New York Office','New York Office','Autodesk Reseller XYZ','SIN 00289','12/13/2010','PO 000289','USA','All','None','OK','Flexible','Both',465738,10000,'GBP',178723,12342,'08/06/2010 17:13','08/06/2010 17:13',4,150,'UK'),
(291,123290,'XYZ 00290','CAL 0290','Perpetual','Unlimited','Unlimited','01/17/2011','All','BL 0290','12/14/2010','Perpetual','CC 0290','VLAN 00290','New York Office','New York Office','Autodesk Reseller XYZ','SIN 00290','12/14/2010','PO 000290','USA','All','None','OK','Flexible','Both',320000,3,'GBP',320000,20000,'08/06/2010 17:13','08/06/2010 17:13',4,82,'UK'),
(292,123291,'XYZ 00291','CAL 0291','Perpetual','Unlimited','Unlimited','01/18/2011','All','BL 0291','12/15/2010','Perpetual','CC 0291','VLAN 00291','New York Office','New York Office','Autodesk Reseller XYZ','SIN 00291','12/15/2010','PO 000291','USA','All','None','OK','Flexible','Both',64500,1000,'GBP',2134,1234,'08/06/2010 17:13','08/06/2010 17:13',4,83,'UK'),
(293,123292,'XYZ 00292','CAL 0292','Perpetual','Unlimited','Unlimited','01/19/2011','All','BL 0292','12/16/2010','Perpetual','CC 0292','VLAN 00292','New York Office','New York Office','Autodesk Reseller XYZ','SIN 00292','12/16/2010','PO 000292','USA','All','None','OK','Flexible','Both',320000,3,'GBP',320000,20000,'08/06/2010 17:13','08/06/2010 17:13',4,1,'UK'),
(294,123293,'XYZ 00293','CAL 0293','Perpetual','Unlimited','Unlimited','01/20/2011','All','BL 0293','12/17/2010','Perpetual','CC 0293','VLAN 00293','New York Office','New York Office','Autodesk Reseller XYZ','SIN 00293','12/17/2010','PO 000293','USA','All','None','OK','Flexible','Both',24000,900,'USD',210,123,'08/06/2010 17:13','08/06/2010 17:13',4,2,'UK'),
(295,123294,'XYZ 00294','CAL 0294','Perpetual','Unlimited','Unlimited','01/21/2011','All','BL 0294','12/18/2010','Perpetual','CC 0294','VLAN 00294','New York Office','New York Office','Autodesk Reseller XYZ','SIN 00294','12/18/2010','PO 000294','USA','All','None','OK','Flexible','Both',17500,800,'USD',12,123,'08/06/2010 17:13','08/06/2010 17:13',4,3,'UK'),
(296,123295,'XYZ 00295','CAL 0295','Perpetual','Unlimited','Unlimited','01/22/2011','All','BL 0295','12/19/2010','Perpetual','CC 0295','VLAN 00295','New York Office','New York Office','Autodesk Reseller XYZ','SIN 00295','12/19/2010','PO 000295','USA','All','None','OK','Flexible','Both',29000,1000,'GBP',12,123,'08/06/2010 17:13','08/06/2010 17:13',5,149,'UK'),
(297,123296,'XYZ 00296','CAL 0296','Perpetual','Unlimited','Unlimited','01/23/2011','All','BL 0296','12/20/2010','Perpetual','CC 0296','VLAN 00296','New York Office','New York Office','Autodesk Reseller XYZ','SIN 00296','12/20/2010','PO 000296','USA','All','None','OK','Flexible','Both',35000,12000,'GBP',231243,123,'08/06/2010 17:13','08/06/2010 17:13',5,1,'UK'),
(298,123297,'XYZ 00297','CAL 0297','Perpetual','Unlimited','Unlimited','01/24/2011','All','BL 0297','12/21/2010','Perpetual','CC 0297','VLAN 00297','New York Office','New York Office','Autodesk Reseller XYZ','SIN 00297','12/21/2010','PO 000297','USA','All','None','OK','Flexible','Both',1200000,1400,'GBP',2345,1,'08/06/2010 17:13','08/06/2010 17:13',5,159,'UK'),
(299,123298,'XYZ 00298','CAL 0298','Perpetual','Unlimited','Unlimited','01/25/2011','All','BL 0298','12/22/2010','Perpetual','CC 0298','VLAN 00298','New York Office','New York Office','Autodesk Reseller XYZ','SIN 00298','12/22/2010','PO 000298','USA','All','None','OK','Flexible','Both',145000,300,'GBP',32456345,231,'08/06/2010 17:13','08/06/2010 17:13',5,158,'UK'),
(300,123299,'XYZ 00299','CAL 0299','Perpetual','Unlimited','Unlimited','01/26/2011','All','BL 0299','12/23/2010','Perpetual','CC 0299','VLAN 00299','New York Office','New York Office','Autodesk Reseller XYZ','SIN 00299','12/23/2010','PO 000299','USA','All','None','OK','Flexible','Both',167000,3,'GBP',634576,242,'08/06/2010 17:13','08/06/2010 17:13',5,150,'UK'),
(301,123300,'XYZ 00300','CAL 0300','Perpetual','Unlimited','Unlimited','01/27/2011','All','BL 0300','12/24/2010','Perpetual','CC 0300','VLAN 00300','New York Office','New York Office','Autodesk Reseller XYZ','SIN 00300','12/24/2010','PO 000300','USA','All','None','OK','Flexible','Both',200000,4,'USD',4567,34,'08/06/2010 17:13','08/06/2010 17:13',5,82,'UK'),
(302,123301,'XYZ 00301','CAL 0301','Perpetual','Unlimited','Unlimited','01/28/2011','All','BL 0301','12/25/2010','Perpetual','CC 0301','VLAN 00301','New York Office','New York Office','Autodesk Reseller XYZ','SIN 00301','12/25/2010','PO 000301','USA','All','None','OK','Flexible','Both',2000000,26,'USD',456745,23,'08/06/2010 17:13','08/06/2010 17:13',5,83,'UK'),
(303,123302,'XYZ 00302','CAL 0302','Perpetual','Unlimited','Unlimited','01/29/2011','All','BL 0302','12/26/2010','Perpetual','CC 0302','VLAN 00302','New York Office','New York Office','Autodesk Reseller XYZ','SIN 00302','12/26/2010','PO 000302','USA','All','None','OK','Flexible','Both',135000,35,'GBP',7865,12,'08/06/2010 17:13','08/06/2010 17:13',5,1,'UK'),
(304,123303,'XYZ 00303','CAL 0303','Perpetual','Unlimited','Unlimited','01/30/2011','All','BL 0303','12/27/2010','Perpetual','CC 0303','VLAN 00303','New York Office','New York Office','Autodesk Reseller XYZ','SIN 00303','12/27/2010','PO 000303','USA','All','None','OK','Flexible','Both',1350000,75,'GBP',786578,31,'08/06/2010 17:13','08/06/2010 17:13',5,2,'UK'),
(305,123304,'XYZ 00304','CAL 0304','Perpetual','Unlimited','Unlimited','01/31/2011','All','BL 0304','12/28/2010','Perpetual','CC 0304','VLAN 00304','New York Office','New York Office','Autodesk Reseller XYZ','SIN 00304','12/28/2010','PO 000304','USA','All','None','OK','Flexible','Both',45000,81,'GBP',53,23,'08/06/2010 17:13','08/06/2010 17:13',5,3,'UK'),
(306,123305,'XYZ 00305','CAL 0305','Perpetual','Unlimited','Unlimited','02/01/2011','All','BL 0305','12/29/2010','Perpetual','CC 0305','VLAN 00305','New York Office','New York Office','Autodesk Reseller XYZ','SIN 00305','12/29/2010','PO 000305','USA','All','None','OK','Flexible','Both',500000,897,'GBP',2452,123,'08/06/2010 17:13','08/06/2010 17:13',5,149,'UK'),
(307,123306,'XYZ 00306','CAL 0306','Perpetual','Unlimited','Unlimited','02/02/2011','All','BL 0306','12/30/2010','Perpetual','CC 0306','VLAN 00306','New York Office','New York Office','Autodesk Reseller XYZ','SIN 00306','12/30/2010','PO 000306','USA','All','None','OK','Flexible','Both',5000000,23,'GBP',345,421,'08/06/2010 17:13','08/06/2010 17:13',4,1,'UK'),
(308,123307,'XYZ 00307','CAL 0307','Perpetual','Unlimited','Unlimited','02/03/2011','All','BL 0307','12/31/2010','Perpetual','CC 0307','VLAN 00307','New York Office','New York Office','Autodesk Reseller XYZ','SIN 00307','12/31/2010','PO 000307','USA','All','None','OK','Flexible','Both',345000,123,'USD',1234,34,'08/06/2010 17:13','08/06/2010 17:13',4,159,'UK'),
(309,123308,'XYZ 00308','CAL 0308','Perpetual','Unlimited','Unlimited','02/04/2011','All','BL 0308','01/01/2011','Perpetual','CC 0308','VLAN 00308','New York Office','New York Office','Autodesk Reseller XYZ','SIN 00308','01/01/2011','PO 000308','USA','All','None','OK','Flexible','Both',64500,432,'USD',1245,234,'08/06/2010 17:13','08/06/2010 17:13',4,158,'UK'),
(310,123309,'XYZ 00309','CAL 0309','Perpetual','Unlimited','Unlimited','02/05/2011','All','BL 0309','01/02/2011','Perpetual','CC 0309','VLAN 00309','New York Office','New York Office','Autodesk Reseller XYZ','SIN 00309','01/02/2011','PO 000309','USA','All','None','OK','Flexible','Both',320000,543,'GBP',2345,2,'08/06/2010 17:13','08/06/2010 17:13',4,150,'UK'),
(311,123310,'XYZ 00310','CAL 0310','Perpetual','Unlimited','Unlimited','02/06/2011','All','BL 0310','01/03/2011','Perpetual','CC 0310','VLAN 00310','New York Office','New York Office','Autodesk Reseller XYZ','SIN 00310','01/03/2011','PO 000310','USA','All','None','OK','Flexible','Both',465738,345,'GBP',23,3452,'08/06/2010 17:13','08/06/2010 17:13',4,82,'UK'),
(312,123311,'XYZ 00311','CAL 0311','Perpetual','Unlimited','Unlimited','02/07/2011','All','BL 0311','01/04/2011','Perpetual','CC 0311','VLAN 00311','New York Office','New York Office','Autodesk Reseller XYZ','SIN 00311','01/04/2011','PO 000311','USA','All','None','OK','Flexible','Both',320000,65,'GBP',452,345,'08/06/2010 17:13','08/06/2010 17:13',4,83,'UK'),
(313,123312,'XYZ 00312','CAL 0312','Perpetual','Unlimited','Unlimited','02/08/2011','All','BL 0312','01/05/2011','Perpetual','CC 0312','VLAN 00312','New York Office','New York Office','Autodesk Reseller XYZ','SIN 00312','01/05/2011','PO 000312','USA','All','None','OK','Flexible','Both',64500,76,'GBP',345,23,'08/06/2010 17:13','08/06/2010 17:13',4,1,'UK'),
(314,123313,'XYZ 00313','CAL 0313','Perpetual','Unlimited','Unlimited','02/09/2011','All','BL 0313','01/06/2011','Perpetual','CC 0313','VLAN 00313','New York Office','New York Office','Autodesk Reseller XYZ','SIN 00313','01/06/2011','PO 000313','USA','All','None','OK','Flexible','Both',320000,34,'GBP',234,42,'08/06/2010 17:13','08/06/2010 17:13',4,159,'UK'),
(315,123314,'XYZ 00314','CAL 0314','Perpetual','Unlimited','Unlimited','02/10/2011','All','BL 0314','01/07/2011','Perpetual','CC 0314','VLAN 00314','New York Office','New York Office','Autodesk Reseller XYZ','SIN 00314','01/07/2011','PO 000314','USA','All','None','OK','Flexible','Both',24000,653,'USD',523,34,'08/06/2010 17:13','08/06/2010 17:13',3,158,'UK'),
(316,123315,'XYZ 00315','CAL 0315','Perpetual','Unlimited','Unlimited','02/11/2011','All','BL 0315','01/08/2011','Perpetual','CC 0315','VLAN 00315','New York Office','New York Office','Autodesk Reseller XYZ','SIN 00315','01/08/2011','PO 000315','USA','All','None','OK','Flexible','Both',17500,33,'USD',45,23,'08/06/2010 17:13','08/06/2010 17:13',3,150,'UK'),
(317,123316,'XYZ 00316','CAL 0316','Perpetual','Unlimited','Unlimited','02/12/2011','All','BL 0316','01/09/2011','Perpetual','CC 0316','VLAN 00316','New York Office','New York Office','Autodesk Reseller XYZ','SIN 00316','01/09/2011','PO 000316','USA','All','None','OK','Flexible','Both',29000,80,'GBP',2345,42,'08/06/2010 17:13','08/06/2010 17:13',3,82,'UK'),
(318,123317,'XYZ 00317','CAL 0317','Perpetual','Unlimited','Unlimited','02/13/2011','All','BL 0317','01/10/2011','Perpetual','CC 0317','VLAN 00317','New York Office','New York Office','Autodesk Reseller XYZ','SIN 00317','01/10/2011','PO 000317','USA','All','None','OK','Flexible','Both',35000,70,'GBP',23,34,'08/06/2010 17:13','08/06/2010 17:13',3,83,'UK'),
(319,123318,'XYZ 00318','CAL 0318','Perpetual','Unlimited','Unlimited','02/14/2011','All','BL 0318','01/11/2011','Perpetual','CC 0318','VLAN 00318','New York Office','New York Office','Autodesk Reseller XYZ','SIN 00318','01/11/2011','PO 000318','USA','All','None','OK','Flexible','Both',1200000,60,'GBP',45,2,'08/06/2010 17:13','08/06/2010 17:13',3,1,'UK'),
(320,123319,'XYZ 00319','CAL 0319','Perpetual','Unlimited','Unlimited','02/15/2011','All','BL 0319','01/12/2011','Perpetual','CC 0319','VLAN 00319','New York Office','New York Office','Autodesk Reseller XYZ','SIN 00319','01/12/2011','PO 000319','USA','All','None','OK','Flexible','Both',145000,7,'GBP',2345,34,'08/06/2010 17:13','08/06/2010 17:13',1,2,'UK'),
(321,123320,'XYZ 00320','CAL 0320','Perpetual','Unlimited','Unlimited','02/16/2011','All','BL 0320','01/13/2011','Perpetual','CC 0320','VLAN 00320','New York Office','New York Office','Autodesk Reseller XYZ','SIN 00320','01/13/2011','PO 000320','USA','All','None','OK','Flexible','Both',167000,8,'GBP',23,23,'08/06/2010 17:13','08/06/2010 17:13',1,3,'UK'),
(322,123321,'XYZ 00321','CAL 0321','Perpetual','Unlimited','Unlimited','02/17/2011','All','BL 0321','01/14/2011','Perpetual','CC 0321','VLAN 00321','New York Office','New York Office','Autodesk Reseller XYZ','SIN 00321','01/14/2011','PO 000321','USA','All','None','OK','Flexible','Both',200000,89,'USD',452,42,'08/06/2010 17:13','08/06/2010 17:13',1,149,'UK'),
(323,123322,'XYZ 00322','CAL 0322','Perpetual','Unlimited','Unlimited','02/18/2011','All','BL 0322','01/15/2011','Perpetual','CC 0322','VLAN 00322','New York Office','New York Office','Autodesk Reseller XYZ','SIN 00322','01/15/2011','PO 000322','USA','All','None','OK','Flexible','Both',2000000,778,'USD',345,34,'08/06/2010 17:13','08/06/2010 17:13',1,150,'UK'),
(324,123323,'XYZ 00323','CAL 0323','Perpetual','Unlimited','Unlimited','02/19/2011','All','BL 0323','01/16/2011','Perpetual','CC 0323','VLAN 00323','New York Office','New York Office','Autodesk Reseller XYZ','SIN 00323','01/16/2011','PO 000323','USA','All','None','OK','Flexible','Both',135000,87,'GBP',23,23,'08/06/2010 17:13','08/06/2010 17:13',1,1,'UK'),
(325,123324,'XYZ 00324','CAL 0324','Perpetual','Unlimited','Unlimited','02/20/2011','All','BL 0324','01/17/2011','Perpetual','CC 0324','VLAN 00324','New York Office','New York Office','Autodesk Reseller XYZ','SIN 00324','01/17/2011','PO 000324','USA','All','None','OK','Flexible','Both',1350000,67,'GBP',452,42,'08/06/2010 17:13','08/06/2010 17:13',1,159,'UK'),
(326,123325,'XYZ 00325','CAL 0325','Perpetual','Unlimited','Unlimited','02/21/2011','All','BL 0325','01/18/2011','Perpetual','CC 0325','VLAN 00325','New York Office','New York Office','Autodesk Reseller XYZ','SIN 00325','01/18/2011','PO 000325','USA','All','None','OK','Flexible','Both',45000,56,'GBP',345,34,'08/06/2010 17:13','08/06/2010 17:13',1,158,'UK'),
(327,123326,'XYZ 00326','CAL 0326','Perpetual','Unlimited','Unlimited','02/22/2011','All','BL 0326','01/19/2011','Perpetual','CC 0326','VLAN 00326','New York Office','New York Office','Autodesk Reseller XYZ','SIN 00326','01/19/2011','PO 000326','USA','All','None','OK','Flexible','Both',500000,45,'GBP',23,2,'08/06/2010 17:13','08/06/2010 17:13',1,150,'UK'),
(328,123327,'XYZ 00327','CAL 0327','Perpetual','Unlimited','Unlimited','02/23/2011','All','BL 0327','01/20/2011','Perpetual','CC 0327','VLAN 00327','New York Office','New York Office','Autodesk Reseller XYZ','SIN 00327','01/20/2011','PO 000327','USA','All','None','OK','Flexible','Both',5000000,34,'GBP',45234,34,'08/06/2010 17:13','08/06/2010 17:13',1,82,'UK'),
(329,123328,'XYZ 00328','CAL 0328','Perpetual','Unlimited','Unlimited','02/24/2011','All','BL 0328','01/21/2011','Perpetual','CC 0328','VLAN 00328','New York Office','New York Office','Autodesk Reseller XYZ','SIN 00328','01/21/2011','PO 000328','USA','All','None','OK','Flexible','Both',64500,1000,'USD',2134,1234,'08/06/2010 17:13','08/06/2010 17:13',1,83,'UK'),
(330,123329,'XYZ 00329','CAL 0329','Perpetual','Unlimited','Unlimited','02/25/2011','All','BL 0329','01/22/2011','Perpetual','CC 0329','VLAN 00329','New York Office','New York Office','Autodesk Reseller XYZ','SIN 00329','01/22/2011','PO 000329','USA','All','None','OK','Flexible','Both',320000,3,'USD',320000,20000,'08/06/2010 17:13','08/06/2010 17:13',1,1,'UK'),
(331,123330,'XYZ 00330','CAL 0330','Perpetual','Unlimited','Unlimited','02/26/2011','All','BL 0330','01/23/2011','Perpetual','CC 0330','VLAN 00330','New York Office','New York Office','Autodesk Reseller XYZ','SIN 00330','01/23/2011','PO 000330','USA','All','None','OK','Flexible','Both',465738,10000,'GBP',178723,12342,'08/06/2010 17:13','08/06/2010 17:13',1,2,'UK'),
(332,123331,'XYZ 00331','CAL 0331','Perpetual','Unlimited','Unlimited','02/27/2011','All','BL 0331','01/24/2011','Perpetual','CC 0331','VLAN 00331','New York Office','New York Office','Autodesk Reseller XYZ','SIN 00331','01/24/2011','PO 000331','USA','All','None','OK','Flexible','Both',320000,3,'GBP',320000,20000,'08/06/2010 17:13','08/06/2010 17:13',1,3,'UK'),
(333,123332,'XYZ 00332','CAL 0332','Perpetual','Unlimited','Unlimited','02/28/2011','All','BL 0332','01/25/2011','Perpetual','CC 0332','VLAN 00332','New York Office','New York Office','Autodesk Reseller XYZ','SIN 00332','01/25/2011','PO 000332','USA','All','None','OK','Flexible','Both',64500,1000,'GBP',2134,1234,'08/06/2010 17:13','08/06/2010 17:13',1,149,'UK'),
(334,123333,'XYZ 00333','CAL 0333','Perpetual','Unlimited','Unlimited','03/01/2011','All','BL 0333','01/26/2011','Perpetual','CC 0333','VLAN 00333','New York Office','New York Office','Autodesk Reseller XYZ','SIN 00333','01/26/2011','PO 000333','USA','All','None','OK','Flexible','Both',320000,3,'GBP',320000,20000,'08/06/2010 17:13','08/06/2010 17:13',1,1,'UK'),
(335,123334,'XYZ 00334','CAL 0334','Perpetual','Unlimited','Unlimited','03/02/2011','All','BL 0334','01/27/2011','Perpetual','CC 0334','VLAN 00334','New York Office','New York Office','Autodesk Reseller XYZ','SIN 00334','01/27/2011','PO 000334','USA','All','None','OK','Flexible','Both',24000,900,'GBP',210,123,'08/06/2010 17:13','08/06/2010 17:13',1,159,'UK'),
(336,123335,'XYZ 00335','CAL 0335','Perpetual','Unlimited','Unlimited','03/03/2011','All','BL 0335','01/28/2011','Perpetual','CC 0335','VLAN 00335','New York Office','New York Office','Autodesk Reseller XYZ','SIN 00335','01/28/2011','PO 000335','USA','All','None','OK','Flexible','Both',17500,800,'USD',12,123,'08/06/2010 17:13','08/06/2010 17:13',1,158,'UK'),
(337,123336,'XYZ 00336','CAL 0336','Perpetual','Unlimited','Unlimited','03/04/2011','All','BL 0336','01/29/2011','Perpetual','CC 0336','VLAN 00336','New York Office','New York Office','Autodesk Reseller XYZ','SIN 00336','01/29/2011','PO 000336','USA','All','None','OK','Flexible','Both',29000,1000,'USD',12,123,'08/06/2010 17:13','08/06/2010 17:13',1,150,'UK'),
(338,123337,'XYZ 00337','CAL 0337','Perpetual','Unlimited','Unlimited','03/05/2011','All','BL 0337','01/30/2011','Perpetual','CC 0337','VLAN 00337','New York Office','New York Office','Autodesk Reseller XYZ','SIN 00337','01/30/2011','PO 000337','USA','All','None','OK','Flexible','Both',35000,12000,'GBP',231243,123,'08/06/2010 17:13','08/06/2010 17:13',1,82,'UK'),
(339,123338,'XYZ 00338','CAL 0338','Perpetual','Unlimited','Unlimited','03/06/2011','All','BL 0338','01/31/2011','Perpetual','CC 0338','VLAN 00338','New York Office','New York Office','Autodesk Reseller XYZ','SIN 00338','01/31/2011','PO 000338','USA','All','None','OK','Flexible','Both',1200000,1400,'GBP',2345,1,'08/06/2010 17:13','08/06/2010 17:13',1,83,'UK'),
(340,123339,'XYZ 00339','CAL 0339','Perpetual','Unlimited','Unlimited','03/07/2011','All','BL 0339','02/01/2011','Perpetual','CC 0339','VLAN 00339','New York Office','New York Office','Autodesk Reseller XYZ','SIN 00339','02/01/2011','PO 000339','USA','All','None','OK','Flexible','Both',145000,300,'GBP',32456345,231,'08/06/2010 17:13','08/06/2010 17:13',1,1,'UK'),
(341,123340,'XYZ 00340','CAL 0340','Perpetual','Unlimited','Unlimited','03/08/2011','All','BL 0340','02/02/2011','Perpetual','CC 0340','VLAN 00340','New York Office','New York Office','Autodesk Reseller XYZ','SIN 00340','02/02/2011','PO 000340','USA','All','None','OK','Flexible','Both',167000,3,'GBP',634576,242,'08/06/2010 17:13','08/06/2010 17:13',1,2,'UK'),
(342,123341,'XYZ 00341','CAL 0341','Perpetual','Unlimited','Unlimited','03/09/2011','All','BL 0341','02/03/2011','Perpetual','CC 0341','VLAN 00341','New York Office','New York Office','Autodesk Reseller XYZ','SIN 00341','02/03/2011','PO 000341','USA','All','None','OK','Flexible','Both',200000,4,'GBP',4567,34,'08/06/2010 17:13','08/06/2010 17:13',1,3,'UK'),
(343,123342,'XYZ 00342','CAL 0342','Perpetual','Unlimited','Unlimited','03/10/2011','All','BL 0342','02/04/2011','Perpetual','CC 0342','VLAN 00342','New York Office','New York Office','Autodesk Reseller XYZ','SIN 00342','02/04/2011','PO 000342','USA','All','None','OK','Flexible','Both',2000000,26,'USD',456745,23,'08/06/2010 17:13','08/06/2010 17:13',1,149,'UK'),
(344,123343,'XYZ 00343','CAL 0343','Perpetual','Unlimited','Unlimited','03/11/2011','All','BL 0343','02/05/2011','Perpetual','CC 0343','VLAN 00343','New York Office','New York Office','Autodesk Reseller XYZ','SIN 00343','02/05/2011','PO 000343','USA','All','None','OK','Flexible','Both',135000,35,'USD',7865,12,'08/06/2010 17:13','08/06/2010 17:13',1,1,'UK'),
(345,123344,'XYZ 00344','CAL 0344','Perpetual','Unlimited','Unlimited','03/12/2011','All','BL 0344','02/06/2011','Perpetual','CC 0344','VLAN 00344','New York Office','New York Office','Autodesk Reseller XYZ','SIN 00344','02/06/2011','PO 000344','USA','All','None','OK','Flexible','Both',1350000,75,'GBP',786578,31,'08/06/2010 17:13','08/06/2010 17:13',1,159,'UK'),
(346,123345,'XYZ 00345','CAL 0345','Perpetual','Unlimited','Unlimited','03/13/2011','All','BL 0345','02/07/2011','Perpetual','CC 0345','VLAN 00345','New York Office','New York Office','Autodesk Reseller XYZ','SIN 00345','02/07/2011','PO 000345','USA','All','None','OK','Flexible','Both',45000,81,'GBP',53,23,'08/06/2010 17:13','08/06/2010 17:13',1,158,'UK'),
(347,123346,'XYZ 00346','CAL 0346','Perpetual','Unlimited','Unlimited','03/14/2011','All','BL 0346','02/08/2011','Perpetual','CC 0346','VLAN 00346','New York Office','New York Office','Autodesk Reseller XYZ','SIN 00346','02/08/2011','PO 000346','USA','All','None','OK','Flexible','Both',500000,897,'GBP',2452,123,'08/06/2010 17:13','08/06/2010 17:13',1,150,'UK'),
(348,123347,'XYZ 00347','CAL 0347','Perpetual','Unlimited','Unlimited','03/15/2011','All','BL 0347','02/09/2011','Perpetual','CC 0347','VLAN 00347','New York Office','New York Office','Autodesk Reseller XYZ','SIN 00347','02/09/2011','PO 000347','USA','All','None','OK','Flexible','Both',5000000,23,'GBP',345,421,'08/06/2010 17:13','08/06/2010 17:13',1,82,'UK'),
(349,123348,'XYZ 00348','CAL 0348','Perpetual','Unlimited','Unlimited','03/16/2011','All','BL 0348','02/10/2011','Perpetual','CC 0348','VLAN 00348','New York Office','New York Office','Autodesk Reseller XYZ','SIN 00348','02/10/2011','PO 000348','USA','All','None','OK','Flexible','Both',345000,123,'GBP',1234,34,'08/06/2010 17:13','08/06/2010 17:13',1,83,'UK'),
(350,123349,'XYZ 00349','CAL 0349','Perpetual','Unlimited','Unlimited','03/17/2011','All','BL 0349','02/11/2011','Perpetual','CC 0349','VLAN 00349','New York Office','New York Office','Autodesk Reseller XYZ','SIN 00349','02/11/2011','PO 000349','USA','All','None','OK','Flexible','Both',64500,432,'USD',1245,234,'08/06/2010 17:13','08/06/2010 17:13',2,1,'USA'),
(351,123350,'XYZ 00350','CAL 0350','Perpetual','Unlimited','Unlimited','03/18/2011','All','BL 0350','02/12/2011','Perpetual','CC 0350','VLAN 00350','New York Office','New York Office','Autodesk Reseller XYZ','SIN 00350','02/12/2011','PO 000350','USA','All','None','OK','Flexible','Both',320000,543,'USD',2345,2,'08/06/2010 17:13','08/06/2010 17:13',2,2,'USA'),
(352,123351,'XYZ 00351','CAL 0351','Perpetual','Unlimited','Unlimited','03/19/2011','All','BL 0351','02/13/2011','Perpetual','CC 0351','VLAN 00351','New York Office','New York Office','Autodesk Reseller XYZ','SIN 00351','02/13/2011','PO 000351','USA','All','None','OK','Flexible','Both',465738,345,'GBP',23,3452,'08/06/2010 17:13','08/06/2010 17:13',2,3,'USA'),
(353,123352,'XYZ 00352','CAL 0352','Perpetual','Unlimited','Unlimited','03/20/2011','All','BL 0352','02/14/2011','Perpetual','CC 0352','VLAN 00352','New York Office','New York Office','Autodesk Reseller XYZ','SIN 00352','02/14/2011','PO 000352','USA','All','None','OK','Flexible','Both',320000,65,'GBP',452,345,'08/06/2010 17:13','08/06/2010 17:13',2,149,'USA'),
(354,123353,'XYZ 00353','CAL 0353','Perpetual','Unlimited','Unlimited','03/21/2011','All','BL 0353','02/15/2011','Perpetual','CC 0353','VLAN 00353','New York Office','New York Office','Autodesk Reseller XYZ','SIN 00353','02/15/2011','PO 000353','USA','All','None','OK','Flexible','Both',64500,76,'GBP',345,23,'08/06/2010 17:13','08/06/2010 17:13',2,1,'UK'),
(355,123354,'XYZ 00354','CAL 0354','Perpetual','Unlimited','Unlimited','03/22/2011','All','BL 0354','02/16/2011','Perpetual','CC 0354','VLAN 00354','New York Office','New York Office','Autodesk Reseller XYZ','SIN 00354','02/16/2011','PO 000354','USA','All','None','OK','Flexible','Both',320000,34,'GBP',234,42,'08/06/2010 17:13','08/06/2010 17:13',2,159,'UK'),
(356,123355,'XYZ 00355','CAL 0355','Perpetual','Unlimited','Unlimited','03/23/2011','All','BL 0355','02/17/2011','Perpetual','CC 0355','VLAN 00355','New York Office','New York Office','Autodesk Reseller XYZ','SIN 00355','02/17/2011','PO 000355','USA','All','None','OK','Flexible','Both',24000,653,'GBP',523,34,'08/06/2010 17:13','08/06/2010 17:13',2,158,'UK'),
(357,123356,'XYZ 00356','CAL 0356','Perpetual','Unlimited','Unlimited','03/24/2011','All','BL 0356','02/18/2011','Perpetual','CC 0356','VLAN 00356','New York Office','New York Office','Autodesk Reseller XYZ','SIN 00356','02/18/2011','PO 000356','USA','All','None','OK','Flexible','Both',17500,33,'USD',45,23,'08/06/2010 17:13','08/06/2010 17:13',2,150,'UK'),
(358,123357,'XYZ 00357','CAL 0357','Perpetual','Unlimited','Unlimited','03/25/2011','All','BL 0357','02/19/2011','Perpetual','CC 0357','VLAN 00357','New York Office','New York Office','Autodesk Reseller XYZ','SIN 00357','02/19/2011','PO 000357','USA','All','None','OK','Flexible','Both',29000,80,'USD',2345,42,'08/06/2010 17:13','08/06/2010 17:13',2,82,'UK'),
(359,123358,'XYZ 00358','CAL 0358','Perpetual','Unlimited','Unlimited','03/26/2011','All','BL 0358','02/20/2011','Perpetual','CC 0358','VLAN 00358','New York Office','New York Office','Autodesk Reseller XYZ','SIN 00358','02/20/2011','PO 000358','USA','All','None','OK','Flexible','Both',35000,70,'GBP',23,34,'08/06/2010 17:13','08/06/2010 17:13',3,83,'UK'),
(360,123359,'XYZ 00359','CAL 0359','Perpetual','Unlimited','Unlimited','03/27/2011','All','BL 0359','02/21/2011','Perpetual','CC 0359','VLAN 00359','New York Office','New York Office','Autodesk Reseller XYZ','SIN 00359','02/21/2011','PO 000359','USA','All','None','OK','Flexible','Both',1200000,60,'GBP',45,2,'08/06/2010 17:13','08/06/2010 17:13',4,1,'UK'),
(361,123360,'XYZ 00360','CAL 0360','Perpetual','Unlimited','Unlimited','03/28/2011','All','BL 0360','02/22/2011','Perpetual','CC 0360','VLAN 00360','New York Office','New York Office','Autodesk Reseller XYZ','SIN 00360','02/22/2011','PO 000360','USA','All','None','OK','Flexible','Both',145000,7,'GBP',2345,34,'08/06/2010 17:13','08/06/2010 17:13',4,2,'UK'),
(362,123361,'XYZ 00361','CAL 0361','Perpetual','Unlimited','Unlimited','03/29/2011','All','BL 0361','02/23/2011','Perpetual','CC 0361','VLAN 00361','New York Office','New York Office','Autodesk Reseller XYZ','SIN 00361','02/23/2011','PO 000361','USA','All','None','OK','Flexible','Both',167000,8,'GBP',23,23,'08/06/2010 17:13','08/06/2010 17:13',5,3,'UK'),
(363,123362,'XYZ 00362','CAL 0362','Perpetual','Unlimited','Unlimited','03/30/2011','All','BL 0362','02/24/2011','Perpetual','CC 0362','VLAN 00362','New York Office','New York Office','Autodesk Reseller XYZ','SIN 00362','02/24/2011','PO 000362','USA','All','None','OK','Flexible','Both',200000,89,'GBP',452,42,'08/06/2010 17:13','08/06/2010 17:13',5,149,'UK'),
(364,123363,'XYZ 00363','CAL 0363','Perpetual','Unlimited','Unlimited','03/31/2011','All','BL 0363','02/25/2011','Perpetual','CC 0363','VLAN 00363','New York Office','New York Office','Autodesk Reseller XYZ','SIN 00363','02/25/2011','PO 000363','USA','All','None','OK','Flexible','Both',2000000,778,'USD',345,34,'08/06/2010 17:13','08/06/2010 17:13',5,150,'UK'),
(365,123364,'XYZ 00364','CAL 0364','Perpetual','Unlimited','Unlimited','04/01/2011','All','BL 0364','02/26/2011','Perpetual','CC 0364','VLAN 00364','New York Office','New York Office','Autodesk Reseller XYZ','SIN 00364','02/26/2011','PO 000364','USA','All','None','OK','Flexible','Both',135000,87,'USD',23,23,'08/06/2010 17:13','08/06/2010 17:13',5,1,'UK'),
(366,123365,'XYZ 00365','CAL 0365','Perpetual','Unlimited','Unlimited','04/02/2011','All','BL 0365','02/27/2011','Perpetual','CC 0365','VLAN 00365','New York Office','New York Office','Autodesk Reseller XYZ','SIN 00365','02/27/2011','PO 000365','USA','All','None','OK','Flexible','Both',1350000,67,'GBP',452,42,'08/06/2010 17:13','08/06/2010 17:13',1,159,'UK'),
(367,123366,'XYZ 00366','CAL 0366','Perpetual','Unlimited','Unlimited','04/03/2011','All','BL 0366','02/28/2011','Perpetual','CC 0366','VLAN 00366','New York Office','New York Office','Autodesk Reseller XYZ','SIN 00366','02/28/2011','PO 000366','USA','All','None','OK','Flexible','Both',45000,56,'GBP',345,34,'08/06/2010 17:13','08/06/2010 17:13',1,158,'UK'),
(368,123367,'XYZ 00367','CAL 0367','Perpetual','Unlimited','Unlimited','04/04/2011','All','BL 0367','03/01/2011','Perpetual','CC 0367','VLAN 00367','New York Office','New York Office','Autodesk Reseller XYZ','SIN 00367','03/01/2011','PO 000367','USA','All','None','OK','Flexible','Both',500000,45,'GBP',23,2,'08/06/2010 17:13','08/06/2010 17:13',1,150,'UK'),
(369,123368,'XYZ 00368','CAL 0368','Perpetual','Unlimited','Unlimited','04/05/2011','All','BL 0368','03/02/2011','Perpetual','CC 0368','VLAN 00368','New York Office','New York Office','Autodesk Reseller XYZ','SIN 00368','03/02/2011','PO 000368','USA','All','None','OK','Flexible','Both',5000000,34,'GBP',45234,34,'08/06/2010 17:13','08/06/2010 17:13',1,82,'UK'),
(370,123369,'XYZ 00369','CAL 0369','Perpetual','Unlimited','Unlimited','04/06/2011','All','BL 0369','03/03/2011','Perpetual','CC 0369','VLAN 00369','New York Office','New York Office','Autodesk Reseller XYZ','SIN 00369','03/03/2011','PO 000369','USA','All','None','OK','Flexible','Both',64500,1000,'GBP',2134,1234,'08/06/2010 17:13','08/06/2010 17:13',1,83,'UK'),
(371,123370,'XYZ 00370','CAL 0370','Perpetual','Unlimited','Unlimited','04/07/2011','All','BL 0370','03/04/2011','Perpetual','CC 0370','VLAN 00370','New York Office','New York Office','Autodesk Reseller XYZ','SIN 00370','03/04/2011','PO 000370','USA','All','None','OK','Flexible','Both',320000,3,'USD',320000,20000,'08/06/2010 17:13','08/06/2010 17:13',1,1,'UK'),
(372,123371,'XYZ 00371','CAL 0371','Perpetual','Unlimited','Unlimited','04/08/2011','All','BL 0371','03/05/2011','Perpetual','CC 0371','VLAN 00371','New York Office','New York Office','Autodesk Reseller XYZ','SIN 00371','03/05/2011','PO 000371','USA','All','None','OK','Flexible','Both',465738,10000,'USD',178723,12342,'08/06/2010 17:13','08/06/2010 17:13',1,2,'UK'),
(373,123372,'XYZ 00372','CAL 0372','Perpetual','Unlimited','Unlimited','04/09/2011','All','BL 0372','03/06/2011','Perpetual','CC 0372','VLAN 00372','New York Office','New York Office','Autodesk Reseller XYZ','SIN 00372','03/06/2011','PO 000372','USA','All','None','OK','Flexible','Both',320000,3,'GBP',320000,20000,'08/06/2010 17:13','08/06/2010 17:13',1,3,'UK'),
(374,123373,'XYZ 00373','CAL 0373','Perpetual','Unlimited','Unlimited','04/10/2011','All','BL 0373','03/07/2011','Perpetual','CC 0373','VLAN 00373','New York Office','New York Office','Autodesk Reseller XYZ','SIN 00373','03/07/2011','PO 000373','USA','All','None','OK','Flexible','Both',64500,1000,'GBP',2134,1234,'08/06/2010 17:13','08/06/2010 17:13',1,149,'UK'),
(375,123374,'XYZ 00374','CAL 0374','Perpetual','Unlimited','Unlimited','04/11/2011','All','BL 0374','03/08/2011','Perpetual','CC 0374','VLAN 00374','New York Office','New York Office','Autodesk Reseller XYZ','SIN 00374','03/08/2011','PO 000374','USA','All','None','OK','Flexible','Both',320000,3,'GBP',320000,20000,'08/06/2010 17:13','08/06/2010 17:13',2,1,'UK'),
(376,123375,'XYZ 00375','CAL 0375','Perpetual','Unlimited','Unlimited','04/12/2011','All','BL 0375','03/09/2011','Perpetual','CC 0375','VLAN 00375','New York Office','New York Office','Autodesk Reseller XYZ','SIN 00375','03/09/2011','PO 000375','USA','All','None','OK','Flexible','Both',24000,900,'GBP',210,123,'08/06/2010 17:13','08/06/2010 17:13',1,159,'UK'),
(377,123376,'XYZ 00376','CAL 0376','Perpetual','Unlimited','Unlimited','04/13/2011','All','BL 0376','03/10/2011','Perpetual','CC 0376','VLAN 00376','New York Office','New York Office','Autodesk Reseller XYZ','SIN 00376','03/10/2011','PO 000376','USA','All','None','OK','Flexible','Both',17500,800,'GBP',12,123,'08/06/2010 17:13','08/06/2010 17:13',1,158,'UK'),
(378,123377,'XYZ 00377','CAL 0377','Perpetual','Unlimited','Unlimited','04/14/2011','All','BL 0377','03/11/2011','Perpetual','CC 0377','VLAN 00377','New York Office','New York Office','Autodesk Reseller XYZ','SIN 00377','03/11/2011','PO 000377','USA','All','None','OK','Flexible','Both',29000,1000,'USD',12,123,'08/06/2010 17:13','08/06/2010 17:13',1,150,'UK'),
(379,123378,'XYZ 00378','CAL 0378','Perpetual','Unlimited','Unlimited','04/15/2011','All','BL 0378','03/12/2011','Perpetual','CC 0378','VLAN 00378','New York Office','New York Office','Autodesk Reseller XYZ','SIN 00378','03/12/2011','PO 000378','USA','All','None','OK','Flexible','Both',35000,12000,'USD',231243,123,'08/06/2010 17:13','08/06/2010 17:13',1,82,'UK'),
(380,123379,'XYZ 00379','CAL 0379','Perpetual','Unlimited','Unlimited','04/16/2011','All','BL 0379','03/13/2011','Perpetual','CC 0379','VLAN 00379','New York Office','New York Office','Autodesk Reseller XYZ','SIN 00379','03/13/2011','PO 000379','USA','All','None','OK','Flexible','Both',1200000,1400,'GBP',2345,1,'08/06/2010 17:13','08/06/2010 17:13',3,83,'UK'),
(381,123380,'XYZ 00380','CAL 0380','Perpetual','Unlimited','Unlimited','04/17/2011','All','BL 0380','03/14/2011','Perpetual','CC 0380','VLAN 00380','New York Office','New York Office','Autodesk Reseller XYZ','SIN 00380','03/14/2011','PO 000380','USA','All','None','OK','Flexible','Both',145000,300,'GBP',32456345,231,'08/06/2010 17:13','08/06/2010 17:13',3,1,'UK'),
(382,123381,'XYZ 00381','CAL 0381','Perpetual','Unlimited','Unlimited','04/18/2011','All','BL 0381','03/15/2011','Perpetual','CC 0381','VLAN 00381','New York Office','New York Office','Autodesk Reseller XYZ','SIN 00381','03/15/2011','PO 000381','USA','All','None','OK','Flexible','Both',167000,3,'GBP',634576,242,'08/06/2010 17:13','08/06/2010 17:13',3,2,'UK'),
(383,123382,'XYZ 00382','CAL 0382','Perpetual','Unlimited','Unlimited','04/19/2011','All','BL 0382','03/16/2011','Perpetual','CC 0382','VLAN 00382','New York Office','New York Office','Autodesk Reseller XYZ','SIN 00382','03/16/2011','PO 000382','USA','All','None','OK','Flexible','Both',200000,4,'GBP',4567,34,'08/06/2010 17:13','08/06/2010 17:13',3,3,'UK'),
(384,123383,'XYZ 00383','CAL 0383','Perpetual','Unlimited','Unlimited','04/20/2011','All','BL 0383','03/17/2011','Perpetual','CC 0383','VLAN 00383','New York Office','New York Office','Autodesk Reseller XYZ','SIN 00383','03/17/2011','PO 000383','USA','All','None','OK','Flexible','Both',2000000,26,'GBP',456745,23,'08/06/2010 17:13','08/06/2010 17:13',3,149,'UK'),
(385,123384,'XYZ 00384','CAL 0384','Perpetual','Unlimited','Unlimited','04/21/2011','All','BL 0384','03/18/2011','Perpetual','CC 0384','VLAN 00384','New York Office','New York Office','Autodesk Reseller XYZ','SIN 00384','03/18/2011','PO 000384','USA','All','None','OK','Flexible','Both',135000,35,'USD',7865,12,'08/06/2010 17:13','08/06/2010 17:13',3,1,'UK'),
(386,123385,'XYZ 00385','CAL 0385','Perpetual','Unlimited','Unlimited','04/22/2011','All','BL 0385','03/19/2011','Perpetual','CC 0385','VLAN 00385','New York Office','New York Office','Autodesk Reseller XYZ','SIN 00385','03/19/2011','PO 000385','USA','All','None','OK','Flexible','Both',1350000,75,'USD',786578,31,'08/06/2010 17:13','08/06/2010 17:13',3,159,'UK'),
(387,123386,'XYZ 00386','CAL 0386','Perpetual','Unlimited','Unlimited','04/23/2011','All','BL 0386','03/20/2011','Perpetual','CC 0386','VLAN 00386','New York Office','New York Office','Autodesk Reseller XYZ','SIN 00386','03/20/2011','PO 000386','USA','All','None','OK','Flexible','Both',45000,81,'GBP',53,23,'08/06/2010 17:13','08/06/2010 17:13',3,158,'UK'),
(388,123387,'XYZ 00387','CAL 0387','Perpetual','Unlimited','Unlimited','04/24/2011','All','BL 0387','03/21/2011','Perpetual','CC 0387','VLAN 00387','New York Office','New York Office','Autodesk Reseller XYZ','SIN 00387','03/21/2011','PO 000387','USA','All','None','OK','Flexible','Both',500000,897,'GBP',2452,123,'08/06/2010 17:13','08/06/2010 17:13',4,150,'UK'),
(389,123388,'XYZ 00388','CAL 0388','Perpetual','Unlimited','Unlimited','04/25/2011','All','BL 0388','03/22/2011','Perpetual','CC 0388','VLAN 00388','New York Office','New York Office','Autodesk Reseller XYZ','SIN 00388','03/22/2011','PO 000388','USA','All','None','OK','Flexible','Both',5000000,23,'GBP',345,421,'08/06/2010 17:13','08/06/2010 17:13',4,82,'UK'),
(390,123389,'XYZ 00389','CAL 0389','Perpetual','Unlimited','Unlimited','04/26/2011','All','BL 0389','03/23/2011','Perpetual','CC 0389','VLAN 00389','New York Office','New York Office','Autodesk Reseller XYZ','SIN 00389','03/23/2011','PO 000389','USA','All','None','OK','Flexible','Both',345000,123,'GBP',1234,34,'08/06/2010 17:13','08/06/2010 17:13',4,83,'UK'),
(391,123390,'XYZ 00390','CAL 0390','Perpetual','Unlimited','Unlimited','04/27/2011','All','BL 0390','03/24/2011','Perpetual','CC 0390','VLAN 00390','New York Office','New York Office','Autodesk Reseller XYZ','SIN 00390','03/24/2011','PO 000390','USA','All','None','OK','Flexible','Both',64500,432,'GBP',1245,234,'08/06/2010 17:13','08/06/2010 17:13',4,1,'UK'),
(392,123391,'XYZ 00391','CAL 0391','Perpetual','Unlimited','Unlimited','04/28/2011','All','BL 0391','03/25/2011','Perpetual','CC 0391','VLAN 00391','New York Office','New York Office','Autodesk Reseller XYZ','SIN 00391','03/25/2011','PO 000391','USA','All','None','OK','Flexible','Both',320000,543,'USD',2345,2,'08/06/2010 17:13','08/06/2010 17:13',4,159,'UK'),
(393,123392,'XYZ 00392','CAL 0392','Perpetual','Unlimited','Unlimited','04/29/2011','All','BL 0392','03/26/2011','Perpetual','CC 0392','VLAN 00392','New York Office','New York Office','Autodesk Reseller XYZ','SIN 00392','03/26/2011','PO 000392','USA','All','None','OK','Flexible','Both',465738,345,'USD',23,3452,'08/06/2010 17:13','08/06/2010 17:13',4,158,'UK'),
(394,123393,'XYZ 00393','CAL 0393','Perpetual','Unlimited','Unlimited','04/30/2011','All','BL 0393','03/27/2011','Perpetual','CC 0393','VLAN 00393','New York Office','New York Office','Autodesk Reseller XYZ','SIN 00393','03/27/2011','PO 000393','USA','All','None','OK','Flexible','Both',320000,65,'GBP',452,345,'08/06/2010 17:13','08/06/2010 17:13',4,150,'UK'),
(395,123394,'XYZ 00394','CAL 0394','Perpetual','Unlimited','Unlimited','05/01/2011','All','BL 0394','03/28/2011','Perpetual','CC 0394','VLAN 00394','New York Office','New York Office','Autodesk Reseller XYZ','SIN 00394','03/28/2011','PO 000394','USA','All','None','OK','Flexible','Both',64500,76,'GBP',345,23,'08/06/2010 17:13','08/06/2010 17:13',4,82,'UK'),
(396,123395,'XYZ 00395','CAL 0395','Perpetual','Unlimited','Unlimited','05/02/2011','All','BL 0395','03/29/2011','Perpetual','CC 0395','VLAN 00395','New York Office','New York Office','Autodesk Reseller XYZ','SIN 00395','03/29/2011','PO 000395','USA','All','None','OK','Flexible','Both',320000,34,'GBP',234,42,'08/06/2010 17:13','08/06/2010 17:13',4,83,'UK'),
(397,123396,'XYZ 00396','CAL 0396','Perpetual','Unlimited','Unlimited','05/03/2011','All','BL 0396','03/30/2011','Perpetual','CC 0396','VLAN 00396','New York Office','New York Office','Autodesk Reseller XYZ','SIN 00396','03/30/2011','PO 000396','USA','All','None','OK','Flexible','Both',24000,653,'GBP',523,34,'08/06/2010 17:13','08/06/2010 17:13',4,1,'UK'),
(398,123397,'XYZ 00397','CAL 0397','Perpetual','Unlimited','Unlimited','05/04/2011','All','BL 0397','03/31/2011','Perpetual','CC 0397','VLAN 00397','New York Office','New York Office','Autodesk Reseller XYZ','SIN 00397','03/31/2011','PO 000397','USA','All','None','OK','Flexible','Both',17500,33,'GBP',45,23,'08/06/2010 17:13','08/06/2010 17:13',4,2,'UK'),
(399,123398,'XYZ 00398','CAL 0398','Perpetual','Unlimited','Unlimited','05/05/2011','All','BL 0398','04/01/2011','Perpetual','CC 0398','VLAN 00398','New York Office','New York Office','Autodesk Reseller XYZ','SIN 00398','04/01/2011','PO 000398','USA','All','None','OK','Flexible','Both',29000,80,'USD',2345,42,'08/06/2010 17:13','08/06/2010 17:13',4,3,'UK'),
(400,123399,'XYZ 00399','CAL 0399','Perpetual','Unlimited','Unlimited','05/06/2011','All','BL 0399','04/02/2011','Perpetual','CC 0399','VLAN 00399','New York Office','New York Office','Autodesk Reseller XYZ','SIN 00399','04/02/2011','PO 000399','USA','All','None','OK','Flexible','Both',35000,70,'USD',23,34,'08/06/2010 17:13','08/06/2010 17:13',4,149,'UK'),
(401,123400,'XYZ 00400','CAL 0400','Perpetual','Unlimited','Unlimited','05/07/2011','All','BL 0400','04/03/2011','Perpetual','CC 0400','VLAN 00400','New York Office','New York Office','Autodesk Reseller XYZ','SIN 00400','04/03/2011','PO 000400','USA','All','None','OK','Flexible','Both',1200000,60,'GBP',45,2,'08/06/2010 17:13','08/06/2010 17:13',4,150,'UK'),
(402,123401,'XYZ 00401','CAL 0401','Perpetual','Unlimited','Unlimited','05/08/2011','All','BL 0401','04/04/2011','Perpetual','CC 0401','VLAN 00401','New York Office','New York Office','Autodesk Reseller XYZ','SIN 00401','04/04/2011','PO 000401','USA','All','None','OK','Flexible','Both',145000,7,'GBP',2345,34,'08/06/2010 17:13','08/06/2010 17:13',4,1,'UK'),
(403,123402,'XYZ 00402','CAL 0402','Perpetual','Unlimited','Unlimited','05/09/2011','All','BL 0402','04/05/2011','Perpetual','CC 0402','VLAN 00402','New York Office','New York Office','Autodesk Reseller XYZ','SIN 00402','04/05/2011','PO 000402','USA','All','None','OK','Flexible','Both',167000,8,'GBP',23,23,'08/06/2010 17:13','08/06/2010 17:13',4,159,'UK'),
(404,123403,'XYZ 00403','CAL 0403','Perpetual','Unlimited','Unlimited','05/10/2011','All','BL 0403','04/06/2011','Perpetual','CC 0403','VLAN 00403','New York Office','New York Office','Autodesk Reseller XYZ','SIN 00403','04/06/2011','PO 000403','USA','All','None','OK','Flexible','Both',200000,89,'GBP',452,42,'08/06/2010 17:13','08/06/2010 17:13',5,158,'UK'),
(405,123404,'XYZ 00404','CAL 0404','Perpetual','Unlimited','Unlimited','05/11/2011','All','BL 0404','04/07/2011','Perpetual','CC 0404','VLAN 00404','New York Office','New York Office','Autodesk Reseller XYZ','SIN 00404','04/07/2011','PO 000404','USA','All','None','OK','Flexible','Both',2000000,778,'GBP',345,34,'08/06/2010 17:13','08/06/2010 17:13',5,150,'UK'),
(406,123405,'XYZ 00405','CAL 0405','Perpetual','Unlimited','Unlimited','05/12/2011','All','BL 0405','04/08/2011','Perpetual','CC 0405','VLAN 00405','New York Office','New York Office','Autodesk Reseller XYZ','SIN 00405','04/08/2011','PO 000405','USA','All','None','OK','Flexible','Both',135000,87,'USD',23,23,'08/06/2010 17:13','08/06/2010 17:13',5,82,'UK'),
(407,123406,'XYZ 00406','CAL 0406','Perpetual','Unlimited','Unlimited','05/13/2011','All','BL 0406','04/09/2011','Perpetual','CC 0406','VLAN 00406','New York Office','New York Office','Autodesk Reseller XYZ','SIN 00406','04/09/2011','PO 000406','USA','All','None','OK','Flexible','Both',1350000,67,'USD',452,42,'08/06/2010 17:13','08/06/2010 17:13',5,83,'UK'),
(408,123407,'XYZ 00407','CAL 0407','Perpetual','Unlimited','Unlimited','05/14/2011','All','BL 0407','04/10/2011','Perpetual','CC 0407','VLAN 00407','New York Office','New York Office','Autodesk Reseller XYZ','SIN 00407','04/10/2011','PO 000407','USA','All','None','OK','Flexible','Both',45000,56,'GBP',345,34,'08/06/2010 17:13','08/06/2010 17:13',5,1,'UK'),
(409,123408,'XYZ 00408','CAL 0408','Perpetual','Unlimited','Unlimited','05/15/2011','All','BL 0408','04/11/2011','Perpetual','CC 0408','VLAN 00408','New York Office','New York Office','Autodesk Reseller XYZ','SIN 00408','04/11/2011','PO 000408','USA','All','None','OK','Flexible','Both',500000,45,'GBP',23,2,'08/06/2010 17:13','08/06/2010 17:13',5,2,'UK'),
(410,123409,'XYZ 00409','CAL 0409','Perpetual','Unlimited','Unlimited','05/16/2011','All','BL 0409','04/12/2011','Perpetual','CC 0409','VLAN 00409','New York Office','New York Office','Autodesk Reseller XYZ','SIN 00409','04/12/2011','PO 000409','USA','All','None','OK','Flexible','Both',5000000,34,'GBP',45234,34,'08/06/2010 17:13','08/06/2010 17:13',5,3,'UK'),
(411,123410,'XYZ 00410','CAL 0410','Perpetual','Unlimited','Unlimited','05/17/2011','All','BL 0410','04/13/2011','Perpetual','CC 0410','VLAN 00410','New York Office','New York Office','Autodesk Reseller XYZ','SIN 00410','04/13/2011','PO 000410','USA','All','None','OK','Flexible','Both',64500,1000,'GBP',2134,1234,'08/06/2010 17:13','08/06/2010 17:13',5,149,'UK'),
(412,123411,'XYZ 00411','CAL 0411','Perpetual','Unlimited','Unlimited','05/18/2011','All','BL 0411','04/14/2011','Perpetual','CC 0411','VLAN 00411','New York Office','New York Office','Autodesk Reseller XYZ','SIN 00411','04/14/2011','PO 000411','USA','All','None','OK','Flexible','Both',320000,3,'GBP',320000,20000,'08/06/2010 17:13','08/06/2010 17:13',5,1,'UK'),
(413,123412,'XYZ 00412','CAL 0412','Perpetual','Unlimited','Unlimited','05/19/2011','All','BL 0412','04/15/2011','Perpetual','CC 0412','VLAN 00412','New York Office','New York Office','Autodesk Reseller XYZ','SIN 00412','04/15/2011','PO 000412','USA','All','None','OK','Flexible','Both',465738,10000,'USD',178723,12342,'08/06/2010 17:13','08/06/2010 17:13',5,159,'UK'),
(414,123413,'XYZ 00413','CAL 0413','Perpetual','Unlimited','Unlimited','05/20/2011','All','BL 0413','04/16/2011','Perpetual','CC 0413','VLAN 00413','New York Office','New York Office','Autodesk Reseller XYZ','SIN 00413','04/16/2011','PO 000413','USA','All','None','OK','Flexible','Both',320000,3,'USD',320000,20000,'08/06/2010 17:13','08/06/2010 17:13',5,158,'UK'),
(415,123414,'XYZ 00414','CAL 0414','Perpetual','Unlimited','Unlimited','05/21/2011','All','BL 0414','04/17/2011','Perpetual','CC 0414','VLAN 00414','New York Office','New York Office','Autodesk Reseller XYZ','SIN 00414','04/17/2011','PO 000414','USA','All','None','OK','Flexible','Both',64500,1000,'GBP',2134,1234,'08/06/2010 17:13','08/06/2010 17:13',4,150,'UK'),
(416,123415,'XYZ 00415','CAL 0415','Perpetual','Unlimited','Unlimited','05/22/2011','All','BL 0415','04/18/2011','Perpetual','CC 0415','VLAN 00415','New York Office','New York Office','Autodesk Reseller XYZ','SIN 00415','04/18/2011','PO 000415','USA','All','None','OK','Flexible','Both',320000,3,'GBP',320000,20000,'08/06/2010 17:13','08/06/2010 17:13',4,82,'UK'),
(417,123416,'XYZ 00416','CAL 0416','Perpetual','Unlimited','Unlimited','05/23/2011','All','BL 0416','04/19/2011','Perpetual','CC 0416','VLAN 00416','New York Office','New York Office','Autodesk Reseller XYZ','SIN 00416','04/19/2011','PO 000416','USA','All','None','OK','Flexible','Both',24000,900,'GBP',210,123,'08/06/2010 17:13','08/06/2010 17:13',4,83,'UK'),
(418,123417,'XYZ 00417','CAL 0417','Perpetual','Unlimited','Unlimited','05/24/2011','All','BL 0417','04/20/2011','Perpetual','CC 0417','VLAN 00417','New York Office','New York Office','Autodesk Reseller XYZ','SIN 00417','04/20/2011','PO 000417','USA','All','None','OK','Flexible','Both',17500,800,'GBP',12,123,'08/06/2010 17:13','08/06/2010 17:13',4,1,'UK'),
(419,123418,'XYZ 00418','CAL 0418','Perpetual','Unlimited','Unlimited','05/25/2011','All','BL 0418','04/21/2011','Perpetual','CC 0418','VLAN 00418','New York Office','New York Office','Autodesk Reseller XYZ','SIN 00418','04/21/2011','PO 000418','USA','All','None','OK','Flexible','Both',29000,1000,'GBP',12,123,'08/06/2010 17:13','08/06/2010 17:13',4,2,'UK'),
(420,123419,'XYZ 00419','CAL 0419','Perpetual','Unlimited','Unlimited','05/26/2011','All','BL 0419','04/22/2011','Perpetual','CC 0419','VLAN 00419','New York Office','New York Office','Autodesk Reseller XYZ','SIN 00419','04/22/2011','PO 000419','USA','All','None','OK','Flexible','Both',35000,12000,'USD',231243,123,'08/06/2010 17:13','08/06/2010 17:13',4,3,'UK'),
(421,123420,'XYZ 00420','CAL 0420','Perpetual','Unlimited','Unlimited','05/27/2011','All','BL 0420','04/23/2011','Perpetual','CC 0420','VLAN 00420','New York Office','New York Office','Autodesk Reseller XYZ','SIN 00420','04/23/2011','PO 000420','USA','All','None','OK','Flexible','Both',1200000,1400,'USD',2345,1,'08/06/2010 17:13','08/06/2010 17:13',4,149,'UK'),
(422,123421,'XYZ 00421','CAL 0421','Perpetual','Unlimited','Unlimited','05/28/2011','All','BL 0421','04/24/2011','Perpetual','CC 0421','VLAN 00421','New York Office','New York Office','Autodesk Reseller XYZ','SIN 00421','04/24/2011','PO 000421','USA','All','None','OK','Flexible','Both',145000,300,'GBP',32456345,231,'08/06/2010 17:13','08/06/2010 17:13',4,1,'UK'),
(423,123422,'XYZ 00422','CAL 0422','Perpetual','Unlimited','Unlimited','05/29/2011','All','BL 0422','04/25/2011','Perpetual','CC 0422','VLAN 00422','New York Office','New York Office','Autodesk Reseller XYZ','SIN 00422','04/25/2011','PO 000422','USA','All','None','OK','Flexible','Both',167000,3,'GBP',634576,242,'08/06/2010 17:13','08/06/2010 17:13',3,159,'UK'),
(424,123423,'XYZ 00423','CAL 0423','Perpetual','Unlimited','Unlimited','05/30/2011','All','BL 0423','04/26/2011','Perpetual','CC 0423','VLAN 00423','New York Office','New York Office','Autodesk Reseller XYZ','SIN 00423','04/26/2011','PO 000423','USA','All','None','OK','Flexible','Both',200000,4,'GBP',4567,34,'08/06/2010 17:13','08/06/2010 17:13',3,158,'UK'),
(425,123424,'XYZ 00424','CAL 0424','Perpetual','Unlimited','Unlimited','05/31/2011','All','BL 0424','04/27/2011','Perpetual','CC 0424','VLAN 00424','New York Office','New York Office','Autodesk Reseller XYZ','SIN 00424','04/27/2011','PO 000424','USA','All','None','OK','Flexible','Both',2000000,26,'GBP',456745,23,'08/06/2010 17:13','08/06/2010 17:13',3,150,'UK'),
(426,123425,'XYZ 00425','CAL 0425','Perpetual','Unlimited','Unlimited','06/01/2011','All','BL 0425','04/28/2011','Perpetual','CC 0425','VLAN 00425','New York Office','New York Office','Autodesk Reseller XYZ','SIN 00425','04/28/2011','PO 000425','USA','All','None','OK','Flexible','Both',135000,35,'GBP',7865,12,'08/06/2010 17:13','08/06/2010 17:13',3,82,'UK'),
(427,123426,'XYZ 00426','CAL 0426','Perpetual','Unlimited','Unlimited','06/02/2011','All','BL 0426','04/29/2011','Perpetual','CC 0426','VLAN 00426','New York Office','New York Office','Autodesk Reseller XYZ','SIN 00426','04/29/2011','PO 000426','USA','All','None','OK','Flexible','Both',1350000,75,'USD',786578,31,'08/06/2010 17:13','08/06/2010 17:13',3,83,'UK'),
(428,123427,'XYZ 00427','CAL 0427','Perpetual','Unlimited','Unlimited','06/03/2011','All','BL 0427','04/30/2011','Perpetual','CC 0427','VLAN 00427','New York Office','New York Office','Autodesk Reseller XYZ','SIN 00427','04/30/2011','PO 000427','USA','All','None','OK','Flexible','Both',45000,81,'USD',53,23,'08/06/2010 17:13','08/06/2010 17:13',1,1,'USA'),
(429,123428,'XYZ 00428','CAL 0428','Perpetual','Unlimited','Unlimited','06/04/2011','All','BL 0428','05/01/2011','Perpetual','CC 0428','VLAN 00428','New York Office','New York Office','Autodesk Reseller XYZ','SIN 00428','05/01/2011','PO 000428','USA','All','None','OK','Flexible','Both',500000,897,'GBP',2452,123,'08/06/2010 17:13','08/06/2010 17:13',1,2,'USA'),
(430,123429,'XYZ 00429','CAL 0429','Perpetual','Unlimited','Unlimited','06/05/2011','All','BL 0429','05/02/2011','Perpetual','CC 0429','VLAN 00429','New York Office','New York Office','Autodesk Reseller XYZ','SIN 00429','05/02/2011','PO 000429','USA','All','None','OK','Flexible','Both',5000000,23,'GBP',345,421,'08/06/2010 17:13','08/06/2010 17:13',1,3,'USA'),
(431,123430,'XYZ 00430','CAL 0430','Perpetual','Unlimited','Unlimited','06/06/2011','All','BL 0430','05/03/2011','Perpetual','CC 0430','VLAN 00430','New York Office','New York Office','Autodesk Reseller XYZ','SIN 00430','05/03/2011','PO 000430','USA','All','None','OK','Flexible','Both',345000,123,'GBP',1234,34,'08/06/2010 17:13','08/06/2010 17:13',1,149,'USA'),
(432,123431,'XYZ 00431','CAL 0431','Perpetual','Unlimited','Unlimited','06/07/2011','All','BL 0431','05/04/2011','Perpetual','CC 0431','VLAN 00431','New York Office','New York Office','Autodesk Reseller XYZ','SIN 00431','05/04/2011','PO 000431','USA','All','None','OK','Flexible','Both',64500,432,'GBP',1245,234,'08/06/2010 17:13','08/06/2010 17:13',1,1,'UK'),
(433,123432,'XYZ 00432','CAL 0432','Perpetual','Unlimited','Unlimited','06/08/2011','All','BL 0432','05/05/2011','Perpetual','CC 0432','VLAN 00432','New York Office','New York Office','Autodesk Reseller XYZ','SIN 00432','05/05/2011','PO 000432','USA','All','None','OK','Flexible','Both',320000,543,'GBP',2345,2,'08/06/2010 17:13','08/06/2010 17:13',1,159,'UK'),
(434,123433,'XYZ 00433','CAL 0433','Perpetual','Unlimited','Unlimited','06/09/2011','All','BL 0433','05/06/2011','Perpetual','CC 0433','VLAN 00433','New York Office','New York Office','Autodesk Reseller XYZ','SIN 00433','05/06/2011','PO 000433','USA','All','None','OK','Flexible','Both',465738,345,'USD',23,3452,'08/06/2010 17:13','08/06/2010 17:13',1,158,'UK'),
(435,123434,'XYZ 00434','CAL 0434','Perpetual','Unlimited','Unlimited','06/10/2011','All','BL 0434','05/07/2011','Perpetual','CC 0434','VLAN 00434','New York Office','New York Office','Autodesk Reseller XYZ','SIN 00434','05/07/2011','PO 000434','USA','All','None','OK','Flexible','Both',320000,65,'USD',452,345,'08/06/2010 17:13','08/06/2010 17:13',1,150,'UK'),
(436,123435,'XYZ 00435','CAL 0435','Perpetual','Unlimited','Unlimited','06/11/2011','All','BL 0435','05/08/2011','Perpetual','CC 0435','VLAN 00435','New York Office','New York Office','Autodesk Reseller XYZ','SIN 00435','05/08/2011','PO 000435','USA','All','None','OK','Flexible','Both',64500,76,'GBP',345,23,'08/06/2010 17:13','08/06/2010 17:13',1,82,'UK'),
(437,123436,'XYZ 00436','CAL 0436','Perpetual','Unlimited','Unlimited','06/12/2011','All','BL 0436','05/09/2011','Perpetual','CC 0436','VLAN 00436','New York Office','New York Office','Autodesk Reseller XYZ','SIN 00436','05/09/2011','PO 000436','USA','All','None','OK','Flexible','Both',320000,34,'GBP',234,42,'08/06/2010 17:13','08/06/2010 17:13',1,83,'UK'),
(438,123437,'XYZ 00437','CAL 0437','Perpetual','Unlimited','Unlimited','06/13/2011','All','BL 0437','05/10/2011','Perpetual','CC 0437','VLAN 00437','New York Office','New York Office','Autodesk Reseller XYZ','SIN 00437','05/10/2011','PO 000437','USA','All','None','OK','Flexible','Both',24000,653,'GBP',523,34,'08/06/2010 17:13','08/06/2010 17:13',1,1,'UK'),
(439,123438,'XYZ 00438','CAL 0438','Perpetual','Unlimited','Unlimited','06/14/2011','All','BL 0438','05/11/2011','Perpetual','CC 0438','VLAN 00438','New York Office','New York Office','Autodesk Reseller XYZ','SIN 00438','05/11/2011','PO 000438','USA','All','None','OK','Flexible','Both',17500,33,'GBP',45,23,'08/06/2010 17:13','08/06/2010 17:13',1,2,'UK'),
(440,123439,'XYZ 00439','CAL 0439','Perpetual','Unlimited','Unlimited','06/15/2011','All','BL 0439','05/12/2011','Perpetual','CC 0439','VLAN 00439','New York Office','New York Office','Autodesk Reseller XYZ','SIN 00439','05/12/2011','PO 000439','USA','All','None','OK','Flexible','Both',29000,80,'GBP',2345,42,'08/06/2010 17:13','08/06/2010 17:13',1,3,'UK'),
(441,123440,'XYZ 00440','CAL 0440','Perpetual','Unlimited','Unlimited','06/16/2011','All','BL 0440','05/13/2011','Perpetual','CC 0440','VLAN 00440','New York Office','New York Office','Autodesk Reseller XYZ','SIN 00440','05/13/2011','PO 000440','USA','All','None','OK','Flexible','Both',35000,70,'USD',23,34,'08/06/2010 17:13','08/06/2010 17:13',1,149,'UK'),
(442,123441,'XYZ 00441','CAL 0441','Perpetual','Unlimited','Unlimited','06/17/2011','All','BL 0441','05/14/2011','Perpetual','CC 0441','VLAN 00441','New York Office','New York Office','Autodesk Reseller XYZ','SIN 00441','05/14/2011','PO 000441','USA','All','None','OK','Flexible','Both',1200000,60,'USD',45,2,'08/06/2010 17:13','08/06/2010 17:13',1,150,'UK'),
(443,123442,'XYZ 00442','CAL 0442','Perpetual','Unlimited','Unlimited','06/18/2011','All','BL 0442','05/15/2011','Perpetual','CC 0442','VLAN 00442','New York Office','New York Office','Autodesk Reseller XYZ','SIN 00442','05/15/2011','PO 000442','USA','All','None','OK','Flexible','Both',145000,7,'GBP',2345,34,'08/06/2010 17:13','08/06/2010 17:13',1,1,'UK'),
(444,123443,'XYZ 00443','CAL 0443','Perpetual','Unlimited','Unlimited','06/19/2011','All','BL 0443','05/16/2011','Perpetual','CC 0443','VLAN 00443','New York Office','New York Office','Autodesk Reseller XYZ','SIN 00443','05/16/2011','PO 000443','USA','All','None','OK','Flexible','Both',167000,8,'GBP',23,23,'08/06/2010 17:13','08/06/2010 17:13',1,159,'UK'),
(445,123444,'XYZ 00444','CAL 0444','Perpetual','Unlimited','Unlimited','06/20/2011','All','BL 0444','05/17/2011','Perpetual','CC 0444','VLAN 00444','New York Office','New York Office','Autodesk Reseller XYZ','SIN 00444','05/17/2011','PO 000444','USA','All','None','OK','Flexible','Both',200000,89,'GBP',452,42,'08/06/2010 17:13','08/06/2010 17:13',1,158,'UK'),
(446,123445,'XYZ 00445','CAL 0445','Perpetual','Unlimited','Unlimited','06/21/2011','All','BL 0445','05/18/2011','Perpetual','CC 0445','VLAN 00445','New York Office','New York Office','Autodesk Reseller XYZ','SIN 00445','05/18/2011','PO 000445','USA','All','None','OK','Flexible','Both',2000000,778,'GBP',345,34,'08/06/2010 17:13','08/06/2010 17:13',1,150,'UK'),
(447,123446,'XYZ 00446','CAL 0446','Perpetual','Unlimited','Unlimited','06/22/2011','All','BL 0446','05/19/2011','Perpetual','CC 0446','VLAN 00446','New York Office','New York Office','Autodesk Reseller XYZ','SIN 00446','05/19/2011','PO 000446','USA','All','None','OK','Flexible','Both',135000,87,'GBP',23,23,'08/06/2010 17:13','08/06/2010 17:13',1,82,'UK'),
(448,123447,'XYZ 00447','CAL 0447','Perpetual','Unlimited','Unlimited','06/23/2011','All','BL 0447','05/20/2011','Perpetual','CC 0447','VLAN 00447','New York Office','New York Office','Autodesk Reseller XYZ','SIN 00447','05/20/2011','PO 000447','USA','All','None','OK','Flexible','Both',1350000,67,'USD',452,42,'08/06/2010 17:13','08/06/2010 17:13',1,83,'UK'),
(449,123448,'XYZ 00448','CAL 0448','Perpetual','Unlimited','Unlimited','06/24/2011','All','BL 0448','05/21/2011','Perpetual','CC 0448','VLAN 00448','New York Office','New York Office','Autodesk Reseller XYZ','SIN 00448','05/21/2011','PO 000448','USA','All','None','OK','Flexible','Both',45000,56,'USD',345,34,'08/06/2010 17:13','08/06/2010 17:13',1,1,'UK'),
(450,123449,'XYZ 00449','CAL 0449','Perpetual','Unlimited','Unlimited','06/25/2011','All','BL 0449','05/22/2011','Perpetual','CC 0449','VLAN 00449','New York Office','New York Office','Autodesk Reseller XYZ','SIN 00449','05/22/2011','PO 000449','USA','All','None','OK','Flexible','Both',500000,45,'GBP',23,2,'08/06/2010 17:13','08/06/2010 17:13',1,2,'UK'),
(451,123450,'XYZ 00450','CAL 0450','Perpetual','Unlimited','Unlimited','06/26/2011','All','BL 0450','05/23/2011','Perpetual','CC 0450','VLAN 00450','New York Office','New York Office','Autodesk Reseller XYZ','SIN 00450','05/23/2011','PO 000450','USA','All','None','OK','Flexible','Both',5000000,34,'GBP',45234,34,'08/06/2010 17:13','08/06/2010 17:13',1,3,'UK'),
(452,123451,'XYZ 00451','CAL 0451','Perpetual','Unlimited','Unlimited','06/27/2011','All','BL 0451','05/24/2011','Perpetual','CC 0451','VLAN 00451','New York Office','New York Office','Autodesk Reseller XYZ','SIN 00451','05/24/2011','PO 000451','USA','All','None','OK','Flexible','Both',64500,1000,'GBP',2134,1234,'08/06/2010 17:13','08/06/2010 17:13',1,149,'UK'),
(453,123452,'XYZ 00452','CAL 0452','Perpetual','Unlimited','Unlimited','06/28/2011','All','BL 0452','05/25/2011','Perpetual','CC 0452','VLAN 00452','New York Office','New York Office','Autodesk Reseller XYZ','SIN 00452','05/25/2011','PO 000452','USA','All','None','OK','Flexible','Both',320000,3,'GBP',320000,20000,'08/06/2010 17:13','08/06/2010 17:13',1,1,'UK'),
(454,123453,'XYZ 00453','CAL 0453','Perpetual','Unlimited','Unlimited','06/29/2011','All','BL 0453','05/26/2011','Perpetual','CC 0453','VLAN 00453','New York Office','New York Office','Autodesk Reseller XYZ','SIN 00453','05/26/2011','PO 000453','USA','All','None','OK','Flexible','Both',465738,10000,'GBP',178723,12342,'08/06/2010 17:13','08/06/2010 17:13',1,159,'UK'),
(455,123454,'XYZ 00454','CAL 0454','Perpetual','Unlimited','Unlimited','06/30/2011','All','BL 0454','05/27/2011','Perpetual','CC 0454','VLAN 00454','New York Office','New York Office','Autodesk Reseller XYZ','SIN 00454','05/27/2011','PO 000454','USA','All','None','OK','Flexible','Both',320000,3,'USD',320000,20000,'08/06/2010 17:13','08/06/2010 17:13',1,158,'UK'),
(456,123455,'XYZ 00455','CAL 0455','Perpetual','Unlimited','Unlimited','07/01/2011','All','BL 0455','05/28/2011','Perpetual','CC 0455','VLAN 00455','New York Office','New York Office','Autodesk Reseller XYZ','SIN 00455','05/28/2011','PO 000455','USA','All','None','OK','Flexible','Both',64500,1000,'USD',2134,1234,'08/06/2010 17:13','08/06/2010 17:13',1,150,'UK'),
(457,123456,'XYZ 00456','CAL 0456','Perpetual','Unlimited','Unlimited','07/02/2011','All','BL 0456','05/29/2011','Perpetual','CC 0456','VLAN 00456','New York Office','New York Office','Autodesk Reseller XYZ','SIN 00456','05/29/2011','PO 000456','USA','All','None','OK','Flexible','Both',320000,3,'GBP',320000,20000,'08/06/2010 17:13','08/06/2010 17:13',1,82,'UK'),
(458,123457,'XYZ 00457','CAL 0457','Perpetual','Unlimited','Unlimited','07/03/2011','All','BL 0457','05/30/2011','Perpetual','CC 0457','VLAN 00457','New York Office','New York Office','Autodesk Reseller XYZ','SIN 00457','05/30/2011','PO 000457','USA','All','None','OK','Flexible','Both',24000,900,'GBP',210,123,'08/06/2010 17:13','08/06/2010 17:13',2,83,'UK'),
(459,123458,'XYZ 00458','CAL 0458','Perpetual','Unlimited','Unlimited','07/04/2011','All','BL 0458','05/31/2011','Perpetual','CC 0458','VLAN 00458','New York Office','New York Office','Autodesk Reseller XYZ','SIN 00458','05/31/2011','PO 000458','USA','All','None','OK','Flexible','Both',17500,800,'GBP',12,123,'08/06/2010 17:13','08/06/2010 17:13',2,1,'UK'),
(460,123459,'XYZ 00459','CAL 0459','Perpetual','Unlimited','Unlimited','07/05/2011','All','BL 0459','06/01/2011','Perpetual','CC 0459','VLAN 00459','New York Office','New York Office','Autodesk Reseller XYZ','SIN 00459','06/01/2011','PO 000459','USA','All','None','OK','Flexible','Both',29000,1000,'GBP',12,123,'08/06/2010 17:13','08/06/2010 17:13',2,2,'UK'),
(461,123460,'XYZ 00460','CAL 0460','Perpetual','Unlimited','Unlimited','07/06/2011','All','BL 0460','06/02/2011','Perpetual','CC 0460','VLAN 00460','New York Office','New York Office','Autodesk Reseller XYZ','SIN 00460','06/02/2011','PO 000460','USA','All','None','OK','Flexible','Both',35000,12000,'GBP',231243,123,'08/06/2010 17:13','08/06/2010 17:13',2,3,'UK'),
(462,123461,'XYZ 00461','CAL 0461','Perpetual','Unlimited','Unlimited','07/07/2011','All','BL 0461','06/03/2011','Perpetual','CC 0461','VLAN 00461','New York Office','New York Office','Autodesk Reseller XYZ','SIN 00461','06/03/2011','PO 000461','USA','All','None','OK','Flexible','Both',1200000,1400,'USD',2345,1,'08/06/2010 17:13','08/06/2010 17:13',2,149,'UK'),
(463,123462,'XYZ 00462','CAL 0462','Perpetual','Unlimited','Unlimited','07/08/2011','All','BL 0462','06/04/2011','Perpetual','CC 0462','VLAN 00462','New York Office','New York Office','Autodesk Reseller XYZ','SIN 00462','06/04/2011','PO 000462','USA','All','None','OK','Flexible','Both',145000,300,'USD',32456345,231,'08/06/2010 17:13','08/06/2010 17:13',2,1,'UK'),
(464,123463,'XYZ 00463','CAL 0463','Perpetual','Unlimited','Unlimited','07/09/2011','All','BL 0463','06/05/2011','Perpetual','CC 0463','VLAN 00463','New York Office','New York Office','Autodesk Reseller XYZ','SIN 00463','06/05/2011','PO 000463','USA','All','None','OK','Flexible','Both',167000,3,'GBP',634576,242,'08/06/2010 17:13','08/06/2010 17:13',2,159,'UK'),
(465,123464,'XYZ 00464','CAL 0464','Perpetual','Unlimited','Unlimited','07/10/2011','All','BL 0464','06/06/2011','Perpetual','CC 0464','VLAN 00464','New York Office','New York Office','Autodesk Reseller XYZ','SIN 00464','06/06/2011','PO 000464','USA','All','None','OK','Flexible','Both',200000,4,'GBP',4567,34,'08/06/2010 17:13','08/06/2010 17:13',2,158,'UK'),
(466,123465,'XYZ 00465','CAL 0465','Perpetual','Unlimited','Unlimited','07/11/2011','All','BL 0465','06/07/2011','Perpetual','CC 0465','VLAN 00465','New York Office','New York Office','Autodesk Reseller XYZ','SIN 00465','06/07/2011','PO 000465','USA','All','None','OK','Flexible','Both',2000000,26,'GBP',456745,23,'08/06/2010 17:13','08/06/2010 17:13',2,150,'UK'),
(467,123466,'XYZ 00466','CAL 0466','Perpetual','Unlimited','Unlimited','07/12/2011','All','BL 0466','06/08/2011','Perpetual','CC 0466','VLAN 00466','New York Office','New York Office','Autodesk Reseller XYZ','SIN 00466','06/08/2011','PO 000466','USA','All','None','OK','Flexible','Both',135000,35,'GBP',7865,12,'08/06/2010 17:13','08/06/2010 17:13',3,82,'UK'),
(468,123467,'XYZ 00467','CAL 0467','Perpetual','Unlimited','Unlimited','07/13/2011','All','BL 0467','06/09/2011','Perpetual','CC 0467','VLAN 00467','New York Office','New York Office','Autodesk Reseller XYZ','SIN 00467','06/09/2011','PO 000467','USA','All','None','OK','Flexible','Both',1350000,75,'GBP',786578,31,'08/06/2010 17:13','08/06/2010 17:13',4,83,'UK'),
(469,123468,'XYZ 00468','CAL 0468','Perpetual','Unlimited','Unlimited','07/14/2011','All','BL 0468','06/10/2011','Perpetual','CC 0468','VLAN 00468','New York Office','New York Office','Autodesk Reseller XYZ','SIN 00468','06/10/2011','PO 000468','USA','All','None','OK','Flexible','Both',45000,81,'USD',53,23,'08/06/2010 17:13','08/06/2010 17:13',4,1,'UK'),
(470,123469,'XYZ 00469','CAL 0469','Perpetual','Unlimited','Unlimited','07/15/2011','All','BL 0469','06/11/2011','Perpetual','CC 0469','VLAN 00469','New York Office','New York Office','Autodesk Reseller XYZ','SIN 00469','06/11/2011','PO 000469','USA','All','None','OK','Flexible','Both',500000,897,'USD',2452,123,'08/06/2010 17:13','08/06/2010 17:13',5,159,'UK'),
(471,123470,'XYZ 00470','CAL 0470','Perpetual','Unlimited','Unlimited','07/16/2011','All','BL 0470','06/12/2011','Perpetual','CC 0470','VLAN 00470','New York Office','New York Office','Autodesk Reseller XYZ','SIN 00470','06/12/2011','PO 000470','USA','All','None','OK','Flexible','Both',5000000,23,'GBP',345,421,'08/06/2010 17:13','08/06/2010 17:13',5,158,'UK'),
(472,123471,'XYZ 00471','CAL 0471','Perpetual','Unlimited','Unlimited','07/17/2011','All','BL 0471','06/13/2011','Perpetual','CC 0471','VLAN 00471','New York Office','New York Office','Autodesk Reseller XYZ','SIN 00471','06/13/2011','PO 000471','USA','All','None','OK','Flexible','Both',345000,123,'GBP',1234,34,'08/06/2010 17:13','08/06/2010 17:13',5,150,'UK'),
(473,123472,'XYZ 00472','CAL 0472','Perpetual','Unlimited','Unlimited','07/18/2011','All','BL 0472','06/14/2011','Perpetual','CC 0472','VLAN 00472','New York Office','New York Office','Autodesk Reseller XYZ','SIN 00472','06/14/2011','PO 000472','USA','All','None','OK','Flexible','Both',64500,432,'GBP',1245,234,'08/06/2010 17:13','08/06/2010 17:13',5,82,'UK'),
(474,123473,'XYZ 00473','CAL 0473','Perpetual','Unlimited','Unlimited','07/19/2011','All','BL 0473','06/15/2011','Perpetual','CC 0473','VLAN 00473','New York Office','New York Office','Autodesk Reseller XYZ','SIN 00473','06/15/2011','PO 000473','USA','All','None','OK','Flexible','Both',320000,543,'GBP',2345,2,'08/06/2010 17:13','08/06/2010 17:13',1,83,'UK'),
(475,123474,'XYZ 00474','CAL 0474','Perpetual','Unlimited','Unlimited','07/20/2011','All','BL 0474','06/16/2011','Perpetual','CC 0474','VLAN 00474','New York Office','New York Office','Autodesk Reseller XYZ','SIN 00474','06/16/2011','PO 000474','USA','All','None','OK','Flexible','Both',465738,345,'GBP',23,3452,'08/06/2010 17:13','08/06/2010 17:13',1,1,'UK'),
(476,123475,'XYZ 00475','CAL 0475','Perpetual','Unlimited','Unlimited','07/21/2011','All','BL 0475','06/17/2011','Perpetual','CC 0475','VLAN 00475','New York Office','New York Office','Autodesk Reseller XYZ','SIN 00475','06/17/2011','PO 000475','USA','All','None','OK','Flexible','Both',320000,65,'USD',452,345,'08/06/2010 17:13','08/06/2010 17:13',1,2,'UK'),
(477,123476,'XYZ 00476','CAL 0476','Perpetual','Unlimited','Unlimited','07/22/2011','All','BL 0476','06/18/2011','Perpetual','CC 0476','VLAN 00476','New York Office','New York Office','Autodesk Reseller XYZ','SIN 00476','06/18/2011','PO 000476','USA','All','None','OK','Flexible','Both',64500,76,'USD',345,23,'08/06/2010 17:13','08/06/2010 17:13',1,3,'UK'),
(478,123477,'XYZ 00477','CAL 0477','Perpetual','Unlimited','Unlimited','07/23/2011','All','BL 0477','06/19/2011','Perpetual','CC 0477','VLAN 00477','New York Office','New York Office','Autodesk Reseller XYZ','SIN 00477','06/19/2011','PO 000477','USA','All','None','OK','Flexible','Both',320000,34,'GBP',234,42,'08/06/2010 17:13','08/06/2010 17:13',1,149,'UK'),
(479,123478,'XYZ 00478','CAL 0478','Perpetual','Unlimited','Unlimited','07/24/2011','All','BL 0478','06/20/2011','Perpetual','CC 0478','VLAN 00478','New York Office','New York Office','Autodesk Reseller XYZ','SIN 00478','06/20/2011','PO 000478','USA','All','None','OK','Flexible','Both',24000,653,'GBP',523,34,'08/06/2010 17:13','08/06/2010 17:13',1,150,'UK'),
(480,123479,'XYZ 00479','CAL 0479','Perpetual','Unlimited','Unlimited','07/25/2011','All','BL 0479','06/21/2011','Perpetual','CC 0479','VLAN 00479','New York Office','New York Office','Autodesk Reseller XYZ','SIN 00479','06/21/2011','PO 000479','USA','All','None','OK','Flexible','Both',17500,33,'GBP',45,23,'08/06/2010 17:13','08/06/2010 17:13',1,1,'UK'),
(481,123480,'XYZ 00480','CAL 0480','Perpetual','Unlimited','Unlimited','07/26/2011','All','BL 0480','06/22/2011','Perpetual','CC 0480','VLAN 00480','New York Office','New York Office','Autodesk Reseller XYZ','SIN 00480','06/22/2011','PO 000480','USA','All','None','OK','Flexible','Both',29000,80,'GBP',2345,42,'08/06/2010 17:13','08/06/2010 17:13',1,159,'UK'),
(482,123481,'XYZ 00481','CAL 0481','Perpetual','Unlimited','Unlimited','07/27/2011','All','BL 0481','06/23/2011','Perpetual','CC 0481','VLAN 00481','New York Office','New York Office','Autodesk Reseller XYZ','SIN 00481','06/23/2011','PO 000481','USA','All','None','OK','Flexible','Both',35000,70,'GBP',23,34,'08/06/2010 17:13','08/06/2010 17:13',1,158,'UK'),
(483,123482,'XYZ 00482','CAL 0482','Perpetual','Unlimited','Unlimited','07/28/2011','All','BL 0482','06/24/2011','Perpetual','CC 0482','VLAN 00482','New York Office','New York Office','Autodesk Reseller XYZ','SIN 00482','06/24/2011','PO 000482','USA','All','None','OK','Flexible','Both',1200000,60,'USD',45,2,'08/06/2010 17:13','08/06/2010 17:13',2,150,'UK'),
(484,123483,'XYZ 00483','CAL 0483','Perpetual','Unlimited','Unlimited','07/29/2011','All','BL 0483','06/25/2011','Perpetual','CC 0483','VLAN 00483','New York Office','New York Office','Autodesk Reseller XYZ','SIN 00483','06/25/2011','PO 000483','USA','All','None','OK','Flexible','Both',145000,7,'USD',2345,34,'08/06/2010 17:13','08/06/2010 17:13',1,82,'UK'),
(485,123484,'XYZ 00484','CAL 0484','Perpetual','Unlimited','Unlimited','07/30/2011','All','BL 0484','06/26/2011','Perpetual','CC 0484','VLAN 00484','New York Office','New York Office','Autodesk Reseller XYZ','SIN 00484','06/26/2011','PO 000484','USA','All','None','OK','Flexible','Both',167000,8,'GBP',23,23,'08/06/2010 17:13','08/06/2010 17:13',1,83,'UK'),
(486,123485,'XYZ 00485','CAL 0485','Perpetual','Unlimited','Unlimited','07/31/2011','All','BL 0485','06/27/2011','Perpetual','CC 0485','VLAN 00485','New York Office','New York Office','Autodesk Reseller XYZ','SIN 00485','06/27/2011','PO 000485','USA','All','None','OK','Flexible','Both',200000,89,'GBP',452,42,'08/06/2010 17:13','08/06/2010 17:13',1,1,'UK'),
(487,123486,'XYZ 00486','CAL 0486','Perpetual','Unlimited','Unlimited','08/01/2011','All','BL 0486','06/28/2011','Perpetual','CC 0486','VLAN 00486','New York Office','New York Office','Autodesk Reseller XYZ','SIN 00486','06/28/2011','PO 000486','USA','All','None','OK','Flexible','Both',2000000,778,'GBP',345,34,'08/06/2010 17:13','08/06/2010 17:13',1,2,'UK'),
(488,123487,'XYZ 00487','CAL 0487','Perpetual','Unlimited','Unlimited','08/02/2011','All','BL 0487','06/29/2011','Perpetual','CC 0487','VLAN 00487','New York Office','New York Office','Autodesk Reseller XYZ','SIN 00487','06/29/2011','PO 000487','USA','All','None','OK','Flexible','Both',135000,87,'GBP',23,23,'08/06/2010 17:13','08/06/2010 17:13',2,3,'UK'),
(489,123488,'XYZ 00488','CAL 0488','Perpetual','Unlimited','Unlimited','08/03/2011','All','BL 0488','06/30/2011','Perpetual','CC 0488','VLAN 00488','New York Office','New York Office','Autodesk Reseller XYZ','SIN 00488','06/30/2011','PO 000488','USA','All','None','OK','Flexible','Both',1350000,67,'GBP',452,42,'08/06/2010 17:13','08/06/2010 17:13',2,149,'UK'),
(490,123489,'XYZ 00489','CAL 0489','Perpetual','Unlimited','Unlimited','08/04/2011','All','BL 0489','07/01/2011','Perpetual','CC 0489','VLAN 00489','New York Office','New York Office','Autodesk Reseller XYZ','SIN 00489','07/01/2011','PO 000489','USA','All','None','OK','Flexible','Both',45000,56,'USD',345,34,'08/06/2010 17:13','08/06/2010 17:13',2,1,'UK'),
(491,123490,'XYZ 00490','CAL 0490','Perpetual','Unlimited','Unlimited','08/05/2011','All','BL 0490','07/02/2011','Perpetual','CC 0490','VLAN 00490','New York Office','New York Office','Autodesk Reseller XYZ','SIN 00490','07/02/2011','PO 000490','USA','All','None','OK','Flexible','Both',500000,45,'USD',23,2,'08/06/2010 17:13','08/06/2010 17:13',2,159,'UK'),
(492,123491,'XYZ 00491','CAL 0491','Perpetual','Unlimited','Unlimited','08/06/2011','All','BL 0491','07/03/2011','Perpetual','CC 0491','VLAN 00491','New York Office','New York Office','Autodesk Reseller XYZ','SIN 00491','07/03/2011','PO 000491','USA','All','None','OK','Flexible','Both',5000000,34,'GBP',45234,34,'08/06/2010 17:13','08/06/2010 17:13',2,158,'UK'),
(493,123492,'XYZ 00492','CAL 0492','Perpetual','Unlimited','Unlimited','08/07/2011','All','BL 0492','07/04/2011','Perpetual','CC 0492','VLAN 00492','New York Office','New York Office','Autodesk Reseller XYZ','SIN 00492','07/04/2011','PO 000492','USA','All','None','OK','Flexible','Both',64500,432,'GBP',2134,1234,'08/06/2010 17:13','08/06/2010 17:13',2,150,'UK'),
(494,123493,'XYZ 00493','CAL 0493','Perpetual','Unlimited','Unlimited','08/08/2011','All','BL 0493','07/05/2011','Perpetual','CC 0493','VLAN 00493','New York Office','New York Office','Autodesk Reseller XYZ','SIN 00493','07/05/2011','PO 000493','USA','All','None','OK','Flexible','Both',320000,543,'GBP',320000,20000,'08/06/2010 17:13','08/06/2010 17:13',2,82,'UK'),
(495,123494,'XYZ 00494','CAL 0494','Perpetual','Unlimited','Unlimited','08/09/2011','All','BL 0494','07/06/2011','Perpetual','CC 0494','VLAN 00494','New York Office','New York Office','Autodesk Reseller XYZ','SIN 00494','07/06/2011','PO 000494','USA','All','None','OK','Flexible','Both',465738,345,'GBP',178723,12342,'08/06/2010 17:13','08/06/2010 17:13',2,83,'UK'),
(496,123495,'XYZ 00495','CAL 0495','Perpetual','Unlimited','Unlimited','08/10/2011','All','BL 0495','07/07/2011','Perpetual','CC 0495','VLAN 00495','New York Office','New York Office','Autodesk Reseller XYZ','SIN 00495','07/07/2011','PO 000495','USA','All','None','OK','Flexible','Both',320000,65,'GBP',320000,20000,'08/06/2010 17:13','08/06/2010 17:13',3,1,'UK'),
(497,123496,'XYZ 00496','CAL 0496','Perpetual','Unlimited','Unlimited','08/11/2011','All','BL 0496','07/08/2011','Perpetual','CC 0496','VLAN 00496','New York Office','New York Office','Autodesk Reseller XYZ','SIN 00496','07/08/2011','PO 000496','USA','All','None','OK','Flexible','Both',64500,76,'USD',2134,1234,'08/06/2010 17:13','08/06/2010 17:13',3,2,'UK'),
(498,123497,'XYZ 00497','CAL 0497','Perpetual','Unlimited','Unlimited','08/12/2011','All','BL 0497','07/09/2011','Perpetual','CC 0497','VLAN 00497','New York Office','New York Office','Autodesk Reseller XYZ','SIN 00497','07/09/2011','PO 000497','USA','All','None','OK','Flexible','Both',320000,34,'USD',320000,20000,'08/06/2010 17:13','08/06/2010 17:13',3,3,'UK'),
(499,123498,'XYZ 00498','CAL 0498','Perpetual','Unlimited','Unlimited','08/13/2011','All','BL 0498','07/10/2011','Perpetual','CC 0498','VLAN 00498','New York Office','New York Office','Autodesk Reseller XYZ','SIN 00498','07/10/2011','PO 000498','USA','All','None','OK','Flexible','Both',24000,653,'GBP',210,123,'08/06/2010 17:13','08/06/2010 17:13',3,149,'UK'),
(500,123499,'XYZ 00499','CAL 0499','Perpetual','Unlimited','Unlimited','08/14/2011','All','BL 0499','07/11/2011','Perpetual','CC 0499','VLAN 00499','New York Office','New York Office','Autodesk Reseller XYZ','SIN 00499','07/11/2011','PO 000499','USA','All','None','OK','Flexible','Both',17500,33,'GBP',12,123,'08/06/2010 17:13','08/06/2010 17:13',3,1,'UK'),
(501,123500,'XYZ 00500','CAL 0500','Perpetual','Unlimited','Unlimited','08/15/2011','All','BL 0500','07/12/2011','Perpetual','CC 0500','VLAN 00500','New York Office','New York Office','Autodesk Reseller XYZ','SIN 00500','07/12/2011','PO 000500','USA','All','None','OK','Flexible','Both',29000,80,'GBP',12,123,'08/06/2010 17:13','08/06/2010 17:13',3,159,'UK'),
(502,123501,'XYZ 00501','CAL 0501','Perpetual','Unlimited','Unlimited','08/16/2011','All','BL 0501','07/13/2011','Perpetual','CC 0501','VLAN 00501','New York Office','New York Office','Autodesk Reseller XYZ','SIN 00501','07/13/2011','PO 000501','USA','All','None','OK','Flexible','Both',35000,70,'GBP',231243,123,'08/06/2010 17:13','08/06/2010 17:13',4,158,'UK'),
(503,123502,'XYZ 00502','CAL 0502','Perpetual','Unlimited','Unlimited','08/17/2011','All','BL 0502','07/14/2011','Perpetual','CC 0502','VLAN 00502','New York Office','New York Office','Autodesk Reseller XYZ','SIN 00502','07/14/2011','PO 000502','USA','All','None','OK','Flexible','Both',1200000,60,'GBP',2345,1,'08/06/2010 17:13','08/06/2010 17:13',4,150,'UK'),
(504,123503,'XYZ 00503','CAL 0503','Perpetual','Unlimited','Unlimited','08/18/2011','All','BL 0503','07/15/2011','Perpetual','CC 0503','VLAN 00503','New York Office','New York Office','Autodesk Reseller XYZ','SIN 00503','07/15/2011','PO 000503','USA','All','None','OK','Flexible','Both',145000,7,'USD',32456345,231,'08/06/2010 17:13','08/06/2010 17:13',4,82,'UK'),
(505,123504,'XYZ 00504','CAL 0504','Perpetual','Unlimited','Unlimited','08/19/2011','All','BL 0504','07/16/2011','Perpetual','CC 0504','VLAN 00504','New York Office','New York Office','Autodesk Reseller XYZ','SIN 00504','07/16/2011','PO 000504','USA','All','None','OK','Flexible','Both',167000,8,'USD',634576,242,'08/06/2010 17:13','08/06/2010 17:13',4,83,'UK'),
(506,123505,'XYZ 00505','CAL 0505','Perpetual','Unlimited','Unlimited','08/20/2011','All','BL 0505','07/17/2011','Perpetual','CC 0505','VLAN 00505','New York Office','New York Office','Autodesk Reseller XYZ','SIN 00505','07/17/2011','PO 000505','USA','All','None','OK','Flexible','Both',200000,89,'GBP',4567,34,'08/06/2010 17:13','08/06/2010 17:13',4,1,'USA'),
(507,123506,'XYZ 00506','CAL 0506','Perpetual','Unlimited','Unlimited','08/21/2011','All','BL 0506','07/18/2011','Perpetual','CC 0506','VLAN 00506','New York Office','New York Office','Autodesk Reseller XYZ','SIN 00506','07/18/2011','PO 000506','USA','All','None','OK','Flexible','Both',2000000,778,'GBP',456745,23,'08/06/2010 17:13','08/06/2010 17:13',4,2,'USA'),
(508,123507,'XYZ 00507','CAL 0507','Perpetual','Unlimited','Unlimited','08/22/2011','All','BL 0507','07/19/2011','Perpetual','CC 0507','VLAN 00507','New York Office','New York Office','Autodesk Reseller XYZ','SIN 00507','07/19/2011','PO 000507','USA','All','None','OK','Flexible','Both',135000,87,'GBP',7865,12,'08/06/2010 17:13','08/06/2010 17:13',1,3,'USA'),
(509,123508,'XYZ 00508','CAL 0508','Perpetual','Unlimited','Unlimited','08/23/2011','All','BL 0508','07/20/2011','Perpetual','CC 0508','VLAN 00508','New York Office','New York Office','Autodesk Reseller XYZ','SIN 00508','07/20/2011','PO 000508','USA','All','None','OK','Flexible','Both',1350000,67,'GBP',786578,31,'08/06/2010 17:13','08/06/2010 17:13',1,149,'USA');



DROP TABLE IF EXISTS `locations`;

CREATE TABLE `locations`(
	`id` SMALLINT UNSIGNED NOT NULL AUTO_INCREMENT,
	`name` VARCHAR(256),
	`reference` VARCHAR(256),
	`address1` VARCHAR(256),
	`address2` VARCHAR(256),
	`address3` VARCHAR(256),
	`address4` VARCHAR(256),
	`country` VARCHAR(256),
	`postcode` VARCHAR(256),
  `created_at` DATETIME,
  `updated_at` DATETIME,
  `site_id` SMALLINT,
	`client_id` SMALLINT,
	PRIMARY KEY (`id`)
);

INSERT INTO `locations` VALUES
(1,'Operations Headquarters',1234,'1342 Ocean Boulevard','Santa Ana','California',NULL,'USA',98231,'2010-06-10 14:19:36','2010-06-10 14:19:36',NULL,1),
(2,'Vega Virtual Hosting Centre',89223,'The Point','1 London Bridge','London',NULL,'UK','SE1 1AZ','2010-06-10 14:19:36','2010-06-10 14:19:36',NULL,1),
(3,'Sirius Training Center',66473,'Sirius Plaza','345 Steinerstrasse','Frankfurt','Deutschland','Germany',891002,'2010-06-10 14:19:36','2010-06-10 14:19:36',NULL,4),
(4,'Aquarius Logistics Hub',477382,'The Glass House','10 Great Pulteney Street','London',NULL,'UK','W1N 3RT','2010-06-10 14:19:36','2010-06-10 14:19:36',NULL,3),
(5,'Orion Centre',283991,'Axe Yard','5 Tooley Street','London',NULL,'UK','EC1 5XY','2010-06-10 14:19:36','2010-06-10 14:19:36',NULL,2),
(6,'Saturn Parkway',283991,'Hamley Way','Stallybridge','Milton Keynes',NULL,'UK','MK23 7AU','2010-06-10 14:19:36','2010-06-10 14:19:36',NULL,4);

DROP TABLE IF EXISTS `products`;

CREATE TABLE `products`(
	`id` SMALLINT UNSIGNED NOT NULL AUTO_INCREMENT,
	`name` VARCHAR(256),
	`fullname` VARCHAR(256),
	`publisher_id` SMALLINT,
	`serial` VARCHAR(256),
	`sku` VARCHAR(256),
	`identifier` VARCHAR(256),
  `created_at` DATETIME,
  `updated_at` DATETIME,
	PRIMARY KEY (`id`)
);

INSERT INTO `products` VALUES
(1,'Acrobat','Acrobat',1,1234567,99999988222,'XAS','27/05/2010 11:25','27/05/2010 11:25'),
(2,'Photoshop','Photoshop CS4',1,2314534,99999988222,'KJH','27/05/2010 11:25','27/05/2010 11:25'),
(3,'Illustrator','Photoshop CS4',1,2314535,99999988222,'KJH','27/05/2010 11:25','27/05/2010 11:25'),
(4,'AutoCAD','AutoCAD',2,2314536,99999988222,'WER','27/05/2010 11:25','27/05/2010 11:25'),
(5,'Autodesk Maya','Autodesk Maya',2,2314537,99999988222,'ERT','27/05/2010 11:25','27/05/2010 11:25'),
(6,'Autodesk Inventor','Autodesk Inventor',2,2314538,99999988222,'YTR','27/05/2010 11:25','27/05/2010 11:25'),
(7,'TrapTester','TrapTester',3,2314539,99999988222,'DFG','27/05/2010 11:25','27/05/2010 11:25'),
(8,'EarthGrid','EarthGrid',3,2314540,99999988222,'HGF','27/05/2010 11:25','27/05/2010 11:25'),
(9,'Triangle','Triangle',3,2314541,99999988222,'XSR','27/05/2010 11:25','27/05/2010 11:25'),
(10,'Audit Logger','Audit Logger',4,2314542,99999988222,'THN','27/05/2010 11:25','27/05/2010 11:25'),
(11,'Applications Manager','Applications Manager',4,2314543,99999988222,'AWD','27/05/2010 11:25','27/05/2010 11:25'),
(12,'OTCTrader Instant Messenging','OTCTrader Instant Messenging',4,2314544,99999988222,'IJH','27/05/2010 11:25','27/05/2010 11:25'),
(13,'Front Office','Front Office',5,2314545,99999988222,'OKL','27/05/2010 11:25','27/05/2010 11:25'),
(14,'Back Office','Back Office',5,2314546,99999988222,'POU','27/05/2010 11:25','27/05/2010 11:25'),
(15,'Enterprise','Enterprise',5,2314547,99999988222,'HGG','27/05/2010 11:25','27/05/2010 11:25'),
(16,'PowerCenter','PowerCenter',6,2314548,99999988222,'RED','27/05/2010 11:25','27/05/2010 11:25'),
(17,'RulePoint','RulePoint',6,2314549,99999988222,'FCV','27/05/2010 11:25','27/05/2010 11:25'),
(18,'Power Exchange','Power Exchange',6,2314550,99999988222,'GGF','27/05/2010 11:25','27/05/2010 11:25'),
(19,'WebFocus','WebFocus',7,2314551,99999988222,'DDG','27/05/2010 11:25','27/05/2010 11:25'),
(20,'WebFocus PM','WebFocus PM',7,2314552,99999988222,'BJJ','27/05/2010 11:25','27/05/2010 11:25'),
(21,'WebFocus Magnify','WebFocus Magnify',7,2314553,99999988222,'KHH','27/05/2010 11:25','27/05/2010 11:25'),
(22,'ECM','ECM',8,2314554,99999988222,'DDD','27/05/2010 11:25','27/05/2010 11:25'),
(23,'ECM Document Management','ECM Document Management',8,2314555,99999988222,'FSF','27/05/2010 11:25','27/05/2010 11:25'),
(24,'ECM Suite','ECM Suite',8,2314556,99999988222,'GFD','27/05/2010 11:25','27/05/2010 11:25'),
(25,'P6 Enterprise PPM','P6 Enterprise PPM',9,2314557,99999988222,'EFG','27/05/2010 11:25','27/05/2010 11:25'),
(26,'P6 Pro PM','P6 Pro PM',9,2314558,99999988222,'GHJ','27/05/2010 11:25','27/05/2010 11:25'),
(27,'Contract Management','Contract Management',9,2314559,99999988222,'DFG','27/05/2010 11:25','27/05/2010 11:25'),
(28,'Toad for Oracle','Toad for Oracle',10,2314560,99999988222,'SDF','27/05/2010 11:25','27/05/2010 11:25'),
(29,'Toad for SQLServer','Toad for SQLServer',10,2314561,99999988222,'ERT','27/05/2010 11:25','27/05/2010 11:25'),
(30,'Spotlight','Spotlight',10,2314562,99999988222,'RTY','27/05/2010 11:25','27/05/2010 11:25'),
(31,'Sales Cloud 2','Sales Cloud 3',11,2314563,99999988222,'HGF','27/05/2010 11:25','27/05/2010 11:25'),
(32,'Small Business','Small Business',11,2314564,99999988222,'DFG','27/05/2010 11:25','27/05/2010 11:25'),
(33,'Service Cloud 2','Service Cloud 3',11,2314565,99999988222,'GFD','27/05/2010 11:25','27/05/2010 11:25'),
(34,'SAS Base','SAS Base',12,2314566,99999988222,'BVC','27/05/2010 11:25','27/05/2010 11:25'),
(35,'DataFlux','DataFlux',12,2314567,99999988222,'NTY','27/05/2010 11:25','27/05/2010 11:25'),
(36,'SAS/SECURE','SAS/SECURE',12,2314568,99999988222,'RFV','27/05/2010 11:25','27/05/2010 11:25'),
(37,'ECM SCM','ECM Server Configuration Manager',13,2314569,99999988222,'TGG','27/05/2010 11:25','27/05/2010 11:25'),
(38,'ECM NCM','ECM Network Configuration Manager',13,2314570,99999988222,'YJJ','27/05/2010 11:25','27/05/2010 11:25'),
(39,'ECM CAM','ECM Configuration Analytics Manager',13,2314571,99999988222,'NHG','27/05/2010 11:25','27/05/2010 11:25'),
(40,'HPC CLOUD','HPC CLOUD',14,2314572,99999988222,'SDD','27/05/2010 11:25','27/05/2010 11:25'),
(41,'Cyclone BIO','Cyclone BIO',14,2314573,99999988222,'CDH','27/05/2010 11:25','27/05/2010 11:25'),
(42,'Cyclone CFD','Cyclone CFD',14,2314574,99999988222,'OPP','27/05/2010 11:25','27/05/2010 11:25'),
(43,'MATLAB','MATLAB',15,2314575,99999988222,'HJJ','27/05/2010 11:25','27/05/2010 11:25'),
(44,'Simevents','Simevents',15,2314576,99999988222,'OID','27/05/2010 11:25','27/05/2010 11:25'),
(45,'Stateflow','Stateflow',15,2314577,99999988222,'EWQ','27/05/2010 11:25','27/05/2010 11:25'),
(46,'Triton','Triton',16,2314578,99999988222,'WER','27/05/2010 11:25','27/05/2010 11:25'),
(47,'Data Security Suite','Data Security Suite',16,2314579,99999988222,'TER','27/05/2010 11:25','27/05/2010 11:25'),
(48,'Data Discover','Data Discover',16,2314580,99999988222,'ASD','27/05/2010 11:25','27/05/2010 11:25'),
(49,'Windows','Windows',17,2314581,99999988222,'FGH','27/05/2010 11:25','27/05/2010 11:25'),
(50,'Office','Office',17,2314582,99999988222,'DFG','27/05/2010 11:25','27/05/2010 11:25'),
(51,'Internet Explorer','Internet Explorer',17,2314583,99999988222,'VVV','27/05/2010 11:25','27/05/2010 11:25');

DROP TABLE IF EXISTS `publishers`;

CREATE TABLE `publishers` (
	`id`	SMALLINT UNSIGNED NOT NULL AUTO_INCREMENT,
	`name` VARCHAR (256) NOT NULL,
	`shortname` VARCHAR (256),
	`description` TEXT,
  `created_at` DATETIME,
	`updated_at` DATETIME,
	`url` VARCHAR (256),
	PRIMARY KEY (`id`)
);

INSERT INTO `publishers` VALUES
(1,'Adobe','Adobe','Graphics and Visual Design Software','2010-05-25 09:25:56','2010-05-25 09:25:56','http://www.adobe.com/'),
(2,'Autodesk','Autodesk','Computer Aided Design Software (CAD)','2010-05-25 09:25:56','2010-05-25 09:25:56','http://www.autodesk.co.uk/'),
(3,'Badley Geoscience','Badley Geoscience','Geoscience software','2010-05-25 09:25:56','2010-05-25 09:25:56','http://www.badleys.co.uk/'),
(4,'ePulse','ePulse','Dealing and Brokerage solutions','2010-05-25 09:25:56','2010-05-25 09:25:56','http://www.epulse.ltd.uk/'),
(5,'Globalview Software Inc.','Globalview','Energy Market Data Solutions','2010-05-25 09:25:56','2010-05-25 09:25:56','http://www.gvsi.com/'),
(6,'Informatica Corporation','Informatica','Data Integration','2010-05-25 09:25:56','2010-05-25 09:25:56','http://www.informatica.com/'),
(7,'Information Builders','Information Builders','Business Data Analysis','2010-05-25 09:25:56','2010-05-25 09:25:56','http://www.informationbuilders.co.uk/'),
(8,'Open Text Corporation','Open Text','Content Management','2010-05-25 09:25:56','2010-05-25 09:25:56','http://www.opentext.com/'),
(9,'Primavera System Inc.','Primavera','Project Portfolio Management','2010-05-25 09:25:56','2010-05-25 09:25:56','http://www.oracle.com/primavera/'),
(10,'Quest Software','Quest','Smart Systems Management','2010-05-25 09:25:56','2010-05-25 09:25:56','http://www.quest.com/'),
(11,'Salesforce.com Inc.','Salesforce','Customer Relationship Management Software Cloud Computing','2010-05-25 09:25:56','2010-05-25 09:25:56','http://www.salesforce.com/'),
(12,'SAS Institute Inc.','SAS Institute','Business Analytics Software','2010-05-25 09:25:56','2010-05-25 09:25:56','http://www.sas.com/'),
(13,'Serverware Group Inc.','Serverware','Compliance Change and Configuration Management Solutions','2010-05-25 09:25:56','2010-05-25 09:25:56','http://www.serverware.com/'),
(14,'Silicon Graphics Inc.','Silicon Graphics','HPC Servers Storage Data Center Solutions Cloud Computing','2010-05-25 09:25:56','2010-05-25 09:25:56','http://www.sgi.com/'),
(15,'The Mathworks Limited','The Mathworks','Science and Engineering Software','2010-05-25 09:25:56','2010-05-25 09:25:56','http://www.mathworks.com/'),
(16,'Websense Inc.','Websense','Information Protection','2010-05-25 09:25:56','2010-05-25 09:25:56','http://www.websense.com'),
(17,'Microsoft','Microsoft','Operating System and Office Software','2010-05-25 09:25:56','2010-05-25 09:25:56','http://www.microsoft.com');

DROP TABLE IF EXISTS `registers`;

CREATE TABLE `registers` (
	`id`	SMALLINT UNSIGNED NOT NULL AUTO_INCREMENT,
  `name` VARCHAR(24),
  `client_id` SMALLINT,
  `date` DATETIME,
  `frequency` VARCHAR(24),
  `regtype` VARCHAR(24),
  `accuracy` SMALLINT,
  `device_id` SMALLINT,
  `asset_id` SMALLINT,
  `created_at` DATETIME,
	`updated_at` DATETIME,
	PRIMARY KEY (`id`)
);

INSERT INTO `registers` VALUES
(1, "Walkaround Audit", 1, "2010-03-25 18:36:09","Annual","Catalog X",99, 1, 1,"2010-03-18 18:25:09","2010-03-18 18:25:09"),
(2, "Network Discovery", 1, "2010-03-25 18:36:09","Monthly","Catalog Y",89, 1, 1,"2010-03-18 18:25:09","2010-03-18 18:25:09"),
(3, "Fixed Asset Register", 1, "2010-03-25 18:36:09","Once","Catalog Z",72, 1, 1,"2010-03-18 18:25:09","2010-03-18 18:25:09"),
(4, "Purchase Record", 1, "2010-03-25 18:36:09","Once","Catalog AA",55, 1, 1,"2010-03-18 18:25:09","2010-03-18 18:25:09"),
(5, "Walkaround Audit", 2, "2010-03-25 18:36:09","Annual","Catalog X",99, 1, 1,"2010-03-18 18:25:09","2010-03-18 18:25:09"),
(6, "Network Discovery", 2, "2010-03-25 18:36:09","Monthly","Catalog Y",89, 1, 1,"2010-03-18 18:25:09","2010-03-18 18:25:09"),
(7, "Fixed Asset Register", 2, "2010-03-25 18:36:09","Once","Catalog Z",72, 1, 1,"2010-03-18 18:25:09","2010-03-18 18:25:09"),
(8, "Purchase Record", 2, "2010-03-25 18:36:09","Once","Catalog AA",55, 1, 1,"2010-03-18 18:25:09","2010-03-18 18:25:09");

DROP TABLE IF EXISTS `registers_servers`;

CREATE TABLE `registers_servers`(
	`register_id` SMALLINT UNSIGNED NOT NULL,
	`server_id` SMALLINT UNSIGNED NOT NULL,
  PRIMARY KEY (`register_id`,`server_id`)
);

INSERT INTO registers_servers VALUES
(1,370),
(1,371),
(1,372),
(1,373),
(1,374),
(1,375),
(1,376),
(1,377),
(1,378),
(1,379),
(1,380),
(1,381),
(1,382),
(1,383),
(1,384),
(1,385),
(1,386),
(1,387),
(1,388),
(1,389),
(1,390),
(1,391),
(1,392),
(1,393),
(1,394),
(1,395),
(1,396),
(1,397),
(1,398),
(1,399),
(1,400),
(1,401),
(1,402),
(1,403),
(1,404),
(1,405),
(1,406),
(1,407),
(1,408),
(1,409),
(1,410),
(1,411),
(1,412),
(1,413),
(1,414),
(1,415),
(1,416),
(1,417),
(1,418),
(1,419),
(1,420),
(1,421),
(1,422),
(1,423),
(1,424),
(1,425),
(1,426),
(1,427),
(1,428),
(1,429),
(1,430),
(1,431),
(1,432),
(1,433),
(1,434),
(1,435),
(1,436),
(1,437),
(1,438),
(1,439),
(1,440),
(1,441),
(1,442),
(1,443),
(1,444),
(1,445),
(1,446),
(1,447),
(1,448),
(1,449),
(1,450),
(1,451),
(1,452),
(1,453),
(1,454),
(1,455),
(1,456),
(1,457),
(1,458),
(1,459),
(1,460),
(1,461),
(1,462),
(1,463),
(1,464),
(1,465),
(1,466),
(1,467),
(1,468),
(1,469),
(1,470),
(1,471),
(1,472),
(1,473),
(1,474),
(1,475),
(1,476),
(1,477),
(1,478),
(1,479),
(1,480),
(1,481),
(1,482),
(1,483),
(1,484),
(1,485),
(1,486),
(1,487),
(1,488),
(1,489),
(1,490),
(1,491),
(1,492),
(1,493),
(1,494),
(1,495),
(1,496),
(1,497),
(1,498),
(1,499),
(1,500),
(1,501),
(1,502),
(1,503),
(1,504),
(1,505),
(1,506),
(1,507),
(1,508),
(1,509),
(1,510),
(1,511),
(1,512),
(1,513),
(1,514),
(1,515),
(1,516),
(1,517),
(1,518),
(1,519),
(1,520),
(1,521),
(1,522),
(1,523),
(1,524),
(1,525),
(1,526),
(1,527),
(1,528),
(1,529),
(1,530),
(1,531),
(1,532),
(1,533),
(1,534),
(1,535),
(1,536),
(1,537),
(1,538),
(1,539),
(1,540),
(1,541),
(1,542),
(1,543),
(1,544),
(1,545),
(1,546),
(1,547),
(1,548),
(1,549),
(1,550),
(1,551),
(1,552),
(1,553),
(1,554),
(1,555),
(1,556),
(1,557),
(1,558),
(1,559),
(1,560),
(1,561),
(1,562),
(1,563),
(1,564),
(1,565),
(1,566),
(1,567),
(1,568),
(1,569),
(1,570),
(1,571),
(1,572),
(1,573),
(1,574),
(1,575),
(1,576),
(1,577),
(1,578),
(1,579),
(1,580),
(1,581),
(1,582),
(1,583),
(1,584),
(1,585),
(1,586),
(1,587),
(1,588),
(1,589),
(1,590),
(1,591),
(1,592),
(1,593),
(1,594),
(1,595),
(1,596),
(1,597),
(1,598),
(1,599),
(1,600),
(1,601),
(1,602),
(1,603),
(1,604),
(1,605),
(1,606),
(1,607),
(1,608),
(1,609),
(1,610),
(1,611),
(1,612),
(1,613),
(1,614),
(1,615),
(1,616),
(1,617),
(1,618),
(1,619),
(1,620),
(1,621),
(1,622),
(1,623),
(1,624),
(1,625),
(1,626),
(1,627),
(1,628),
(1,629),
(1,630),
(1,631),
(1,632),
(1,633),
(1,634),
(1,635),
(1,636),
(1,637),
(1,638),
(1,639),
(1,640),
(1,641),
(1,642),
(1,643),
(1,644),
(1,645),
(1,646),
(1,647),
(1,648),
(1,649),
(1,650),
(1,651),
(1,652),
(1,653),
(1,654),
(1,655),
(1,656),
(1,657),
(1,658),
(1,659),
(1,660),
(1,661),
(1,662),
(1,663),
(1,664),
(1,665),
(1,666),
(1,667),
(1,668),
(1,669),
(1,670),
(1,671),
(1,672),
(1,673),
(1,674),
(1,675),
(1,676),
(1,677),
(1,678),
(1,679),
(1,680),
(1,681),
(1,682),
(1,683),
(1,684),
(1,685),
(1,686),
(1,687),
(1,688),
(1,689),
(1,690),
(1,691),
(1,692),
(1,693),
(1,694),
(1,695),
(1,696),
(1,697),
(1,698),
(1,699),
(1,700),
(1,701),
(1,702),
(1,703),
(1,704),
(1,705),
(1,706),
(1,707),
(1,708),
(1,709),
(1,710),
(1,711),
(1,712),
(1,713),
(1,714),
(1,715),
(1,716),
(1,717),
(1,718),
(1,719),
(1,720),
(1,721),
(1,722),
(1,723),
(1,724),
(1,725),
(1,726),
(1,727),
(1,728),
(1,729),
(1,730),
(1,731),
(1,732),
(2,370),
(2,371),
(2,372),
(2,373),
(2,374),
(2,375),
(2,376),
(2,377),
(2,378),
(2,379),
(2,380),
(2,381),
(2,382),
(2,383),
(2,384),
(2,385),
(2,386),
(2,387),
(2,388),
(2,389),
(2,390),
(2,391),
(2,392),
(2,393),
(2,394),
(2,395),
(2,396),
(2,397),
(2,398),
(2,399),
(2,400),
(2,401),
(2,402),
(2,403),
(2,404),
(2,405),
(2,406),
(2,407),
(2,408),
(2,409),
(2,410),
(2,411),
(2,412),
(2,413),
(2,414),
(2,415),
(2,416),
(2,417),
(2,418),
(2,419),
(2,420),
(2,421),
(2,422),
(2,423),
(2,424),
(2,425),
(2,426),
(2,427),
(2,428),
(2,429),
(2,430),
(2,431),
(2,432),
(2,433),
(2,434),
(2,435),
(2,436),
(2,437),
(2,438),
(2,439),
(2,440),
(2,441),
(2,442),
(2,443),
(2,444),
(2,445),
(2,446),
(2,447),
(2,448),
(2,449),
(2,450),
(2,451),
(2,452),
(2,453),
(2,454),
(2,455),
(2,456),
(2,457),
(2,458),
(2,459),
(2,460),
(2,461),
(2,462),
(2,463),
(2,464),
(2,465),
(2,466),
(2,467),
(2,468),
(2,469),
(2,470),
(2,471),
(2,472),
(2,473),
(2,474),
(2,475),
(2,476),
(2,477),
(2,478),
(2,479),
(2,480),
(2,481),
(2,482),
(2,483),
(2,484),
(2,485),
(2,486),
(2,487),
(2,488),
(2,489),
(2,490),
(2,491),
(2,492),
(2,493),
(2,494),
(2,495),
(2,496),
(2,497),
(2,498),
(2,499),
(2,500),
(2,501),
(2,502),
(2,503),
(2,504),
(2,505),
(2,506),
(2,507),
(2,508),
(2,509),
(2,510),
(2,511),
(2,512),
(2,513),
(2,514),
(2,515),
(2,516),
(2,517),
(2,518),
(2,519),
(2,520),
(2,521),
(2,522),
(2,523),
(2,524),
(2,525),
(2,526),
(2,527),
(2,528),
(2,529),
(2,530),
(2,531),
(2,532),
(2,533),
(2,534),
(2,535),
(2,536),
(2,537),
(2,538),
(2,539),
(2,540),
(2,541),
(2,542),
(2,543),
(2,544),
(2,545),
(2,546),
(2,547),
(2,548),
(2,549),
(2,550),
(2,551),
(2,552),
(2,553),
(2,554),
(2,555),
(2,556),
(2,557),
(2,558),
(2,559),
(2,560),
(2,561),
(2,562),
(2,563),
(2,564),
(2,565),
(2,566),
(2,567),
(2,568),
(2,569),
(2,570),
(2,571),
(2,572),
(2,573),
(2,574),
(2,575),
(2,576),
(2,577),
(2,578),
(2,579),
(2,580),
(2,581),
(2,582),
(2,583),
(2,584),
(2,585),
(2,586),
(2,587),
(2,588),
(2,589),
(2,590),
(2,591),
(2,592),
(2,593),
(2,594),
(2,595),
(2,596),
(2,597),
(2,598),
(2,599),
(2,600),
(2,601),
(2,602),
(2,603),
(2,604),
(2,605),
(2,606),
(2,607),
(2,608),
(2,609),
(2,610),
(2,611),
(2,612),
(2,613),
(2,614),
(2,615),
(2,616),
(2,617),
(2,618),
(2,619),
(2,620),
(2,621),
(2,622),
(2,623),
(2,624),
(2,625),
(2,626),
(2,627),
(2,628),
(2,629),
(2,630),
(2,631),
(2,632),
(2,633),
(2,634),
(2,635),
(2,636),
(2,637),
(2,638),
(2,639),
(2,640),
(2,641),
(2,642),
(2,643),
(2,644),
(2,645),
(2,646),
(2,647),
(2,648),
(2,649),
(2,650),
(2,651),
(2,652),
(2,653),
(2,654),
(2,655),
(2,656),
(2,657),
(2,658),
(2,659),
(2,660),
(2,661),
(2,662),
(2,663),
(2,664),
(2,665),
(2,666),
(2,667),
(2,668),
(2,669),
(2,670),
(2,671),
(2,672),
(2,673),
(2,674),
(2,675),
(2,676),
(2,677),
(2,678),
(2,679),
(2,680),
(2,681),
(2,682),
(2,683),
(2,684),
(2,685),
(2,686),
(2,687),
(2,688),
(2,689),
(2,690),
(2,691),
(2,692),
(2,693),
(2,694),
(2,695),
(2,696),
(2,697),
(2,698),
(2,699),
(2,700),
(2,701),
(2,702),
(2,703),
(2,704),
(2,705),
(2,706),
(2,707),
(2,708),
(2,709),
(2,710),
(2,711),
(2,712),
(2,713),
(2,714),
(2,715),
(2,716),
(2,717),
(2,718),
(2,719),
(2,720),
(2,721),
(2,722),
(2,723),
(2,724),
(2,725),
(2,726),
(2,727),
(2,728),
(2,729),
(2,730),
(2,731),
(2,732),
(3,370),
(3,371),
(3,372),
(3,373),
(3,374),
(3,375),
(3,376),
(3,377),
(3,378),
(3,379),
(3,380),
(3,381),
(3,382),
(3,383),
(3,384),
(3,385),
(3,386),
(3,387),
(3,388),
(3,389),
(3,390),
(3,391),
(3,392),
(3,393),
(3,394),
(3,395),
(3,396),
(3,397),
(3,398),
(3,399),
(3,400),
(3,401),
(3,402),
(3,403),
(3,404),
(3,405),
(3,406),
(3,407),
(3,408),
(3,409),
(3,410),
(3,411),
(3,412),
(3,413),
(3,414),
(3,415),
(3,416),
(3,417),
(3,418),
(3,419),
(3,420),
(3,421),
(3,422),
(3,423),
(3,424),
(3,425),
(3,426),
(3,427),
(3,428),
(3,429),
(3,430),
(3,431),
(3,432),
(3,433),
(3,434),
(3,435),
(3,436),
(3,437),
(3,438),
(3,439),
(3,440),
(3,441),
(3,442),
(3,443),
(3,444),
(3,445),
(3,446),
(3,447),
(3,448),
(3,449),
(3,450),
(3,451),
(3,452),
(3,453),
(3,454),
(3,455),
(3,456),
(3,457),
(3,458),
(3,459),
(3,460),
(3,461),
(3,462),
(3,463),
(3,464),
(3,465),
(3,466),
(3,467),
(3,468),
(3,469),
(3,470),
(3,471),
(3,472),
(3,473),
(3,474),
(3,475),
(3,476),
(3,477),
(3,478),
(3,479),
(3,480),
(3,481),
(3,482),
(3,483),
(3,484),
(3,485),
(3,486),
(3,487),
(3,488),
(3,489),
(3,490),
(3,491),
(3,492),
(3,493),
(3,494),
(3,495),
(3,496),
(3,497),
(3,498),
(3,499),
(3,500),
(3,501),
(3,502),
(3,503),
(3,504),
(3,505),
(3,506),
(3,507),
(3,508),
(3,509),
(3,510),
(3,511),
(3,512),
(3,513),
(3,514),
(3,515),
(3,516),
(3,517),
(3,518),
(3,519),
(3,520),
(3,521),
(3,522),
(3,523),
(3,524),
(3,525),
(3,526),
(3,527),
(3,528),
(3,529),
(3,530),
(3,531),
(3,532),
(3,533),
(3,534),
(3,535),
(3,536),
(3,537),
(3,538),
(3,539),
(3,540),
(3,541),
(3,542),
(3,543),
(3,544),
(3,545),
(3,546),
(3,547),
(3,548),
(3,549),
(3,550),
(3,551),
(3,552),
(3,553),
(3,554),
(3,555),
(3,556),
(3,557),
(3,558),
(3,559),
(3,560),
(3,561),
(3,562),
(3,563),
(3,564),
(3,565),
(3,566),
(3,567),
(3,568),
(3,569),
(3,570),
(3,571),
(3,572),
(3,573),
(3,574),
(3,575),
(3,576),
(3,577),
(3,578),
(3,579),
(3,580),
(3,581),
(3,582),
(3,583),
(3,584),
(3,585),
(3,586),
(3,587),
(3,588),
(3,589),
(3,590),
(3,591),
(3,592),
(3,593),
(3,594),
(3,595),
(3,596),
(3,597),
(3,598),
(3,599),
(3,600),
(3,601),
(3,602),
(3,603),
(3,604),
(3,605),
(3,606),
(3,607),
(3,608),
(3,609),
(3,610),
(3,611),
(3,612),
(3,613),
(3,614),
(3,615),
(3,616),
(3,617),
(3,618),
(3,619),
(3,620),
(3,621),
(3,622),
(3,623),
(3,624),
(3,625),
(3,626),
(3,627),
(3,628),
(3,629),
(3,630),
(3,631),
(3,632),
(3,633),
(3,634),
(3,635),
(3,636),
(3,637),
(3,638),
(3,639),
(3,640),
(3,641),
(3,642),
(3,643),
(3,644),
(3,645),
(3,646),
(3,647),
(3,648),
(3,649),
(3,650),
(3,651),
(3,652),
(3,653),
(3,654),
(3,655),
(3,656),
(3,657),
(3,658),
(3,659),
(3,660),
(3,661),
(3,662),
(3,663),
(3,664),
(3,665),
(3,666),
(3,667),
(3,668),
(3,669),
(3,670),
(3,671),
(3,672),
(3,673),
(3,674),
(3,675),
(3,676),
(3,677),
(3,678),
(3,679),
(3,680),
(3,681),
(3,682),
(3,683),
(3,684),
(3,685),
(3,686),
(3,687),
(3,688),
(3,689),
(3,690),
(3,691),
(3,692),
(3,693),
(3,694),
(3,695),
(3,696),
(3,697),
(3,698),
(3,699),
(3,700),
(3,701),
(3,702),
(3,703),
(3,704),
(3,705),
(3,706),
(3,707),
(3,708),
(3,709),
(3,710),
(3,711),
(3,712),
(3,713),
(3,714),
(3,715),
(3,716),
(3,717),
(3,718),
(3,719),
(3,720),
(3,721),
(3,722),
(3,723),
(3,724),
(3,725),
(3,726),
(3,727),
(3,728),
(3,729),
(3,730),
(3,731),
(3,732),
(3,733),
(3,734),
(3,735),
(3,736),
(3,737),
(3,738),
(4,370),
(4,371),
(4,372),
(4,373),
(4,374),
(4,375),
(4,376),
(4,377),
(4,378),
(4,379),
(4,380),
(4,381),
(4,382),
(4,383),
(4,384),
(4,385),
(4,386),
(4,387),
(4,388),
(4,389),
(4,390),
(4,391),
(4,392),
(4,393),
(4,394),
(4,395),
(4,396),
(4,397),
(4,398),
(4,399),
(4,400),
(4,401),
(4,402),
(4,403),
(4,404),
(4,405),
(4,406),
(4,407),
(4,408),
(4,409),
(4,410),
(4,411),
(4,412),
(4,413),
(4,414),
(4,415),
(4,416),
(4,417),
(4,418),
(4,419),
(4,420),
(4,421),
(4,422),
(4,423),
(4,424),
(4,425),
(4,426),
(4,427),
(4,428),
(4,429),
(4,430),
(4,431),
(4,432),
(4,433),
(4,434),
(4,435),
(4,436),
(4,437),
(4,438),
(4,439),
(4,440),
(4,441),
(4,442),
(4,443),
(4,444),
(4,445),
(4,446),
(4,447),
(4,448),
(4,449),
(4,450),
(4,451),
(4,452),
(4,453),
(4,454),
(4,455),
(4,456),
(4,457),
(4,458),
(4,459),
(4,460),
(4,461),
(4,462),
(4,463),
(4,464),
(4,465),
(4,466),
(4,467),
(4,468),
(4,469),
(4,470),
(4,471),
(4,472),
(4,473),
(4,474),
(4,475),
(4,476),
(4,477),
(4,478),
(4,479),
(4,480),
(4,481),
(4,482),
(4,483),
(4,484),
(4,485),
(4,486),
(4,487),
(4,488),
(4,489),
(4,490),
(4,491),
(4,492),
(4,493),
(4,494),
(4,495),
(4,496),
(4,497),
(4,498),
(4,499),
(4,500),
(4,501),
(4,502),
(4,503),
(4,504),
(4,505),
(4,506),
(4,507),
(4,508),
(4,509),
(4,510),
(4,511),
(4,512),
(4,513),
(4,514),
(4,515),
(4,516),
(4,517),
(4,518),
(4,519),
(4,520),
(4,521),
(4,522),
(4,523),
(4,524),
(4,525),
(4,526),
(4,527),
(4,528),
(4,529),
(4,530),
(4,531),
(4,532),
(4,533),
(4,534),
(4,535),
(4,536),
(4,537),
(4,538),
(4,539),
(4,540),
(4,541),
(4,542),
(4,543),
(4,544),
(4,545),
(4,546),
(4,547),
(4,548),
(4,549),
(4,550),
(4,551),
(4,552),
(4,553),
(4,554),
(4,555),
(4,556),
(4,557),
(4,558),
(4,559),
(4,560),
(4,561),
(4,562),
(4,563),
(4,564),
(4,565),
(4,566),
(4,567),
(4,568),
(4,569),
(4,570),
(4,571),
(4,572),
(4,573),
(4,574),
(4,575),
(4,576),
(4,577),
(4,578),
(4,579),
(4,580),
(4,581),
(4,582),
(4,583),
(4,584),
(4,585),
(4,586),
(4,587),
(4,588),
(4,589),
(4,590),
(4,591),
(4,592),
(4,593),
(4,594),
(4,595),
(4,596),
(4,597),
(4,598),
(4,599),
(4,600),
(4,601),
(4,602),
(4,603),
(4,604),
(4,605),
(4,606),
(4,607),
(4,608),
(4,609),
(4,610),
(4,611),
(4,612),
(4,613),
(4,614),
(4,615),
(4,616),
(4,617),
(4,618),
(4,619),
(4,620),
(4,621),
(4,622),
(4,623),
(4,624),
(4,625),
(4,626),
(4,627),
(4,628),
(4,629),
(4,630),
(4,631),
(4,632),
(4,633),
(4,634),
(4,635),
(4,636),
(4,637),
(4,638),
(4,639),
(4,640),
(4,641),
(4,642),
(4,643),
(4,644),
(4,645),
(4,646),
(4,647),
(4,648),
(4,649),
(4,650),
(4,651),
(4,652),
(4,653),
(4,654),
(4,655),
(4,656),
(4,657),
(4,658),
(4,659),
(4,660),
(4,661),
(4,662),
(4,663),
(4,664),
(4,665),
(4,666),
(4,667),
(4,668),
(4,669),
(4,670),
(4,671),
(4,672),
(4,673),
(4,674),
(4,675),
(4,676),
(4,677),
(4,678),
(4,679),
(4,680),
(4,681),
(4,682),
(4,683),
(4,684),
(4,685),
(4,686),
(4,687),
(4,688),
(4,689),
(4,690),
(4,691),
(4,692),
(4,693),
(4,694),
(4,695),
(4,696),
(4,697),
(4,698),
(4,699),
(4,700),
(4,701),
(4,702),
(4,703),
(4,704),
(4,705),
(4,706),
(4,707),
(4,708),
(4,709),
(4,710),
(4,711),
(4,712),
(4,713),
(4,714),
(4,715),
(4,716),
(4,717),
(4,718),
(4,719),
(4,720),
(4,721),
(4,722),
(4,723),
(4,724),
(4,725),
(4,726),
(4,727),
(4,728),
(4,729),
(4,730),
(4,731),
(4,732);


DROP TABLE IF EXISTS `servers`;

CREATE TABLE `servers`( 
	`id` SMALLINT UNSIGNED NOT NULL AUTO_INCREMENT,
  `name` VARCHAR(128),
  `client_id` SMALLINT UNSIGNED,
  `alternative_name` VARCHAR(128),
  `alt_reference` SMALLINT UNSIGNED,
  `comment` VARCHAR(512),
  `scope` ENUM("","RED","GREEN","AMBER"),
  `created_at` DATETIME,
  `updated_at` DATETIME,
  PRIMARY KEY (`id`)
); 

INSERT INTO `servers` VALUES
(1,'BLACKBERRY',2,'BLACKBERRY',1,'','GREEN','2010-06-17 14:16:33','2010-06-17 14:16:33'),
(2,'',2,'BLACKBERRY_SQL',2,'not a server','AMBER','2010-06-17 14:16:33','2010-06-17 14:16:33'),
(3,'BLACKBERRYDMZ',2,'BLACKBERRYDMZ',3,'','GREEN','2010-06-17 14:16:33','2010-06-17 14:16:33'),
(4,'BUSINESSOBJECTS',2,'BUSINESSOBJECTS',4,'','GREEN','2010-06-17 14:16:33','2010-06-17 14:16:33'),
(5,'CARPARKS',2,'CARPARKS',5,'','GREEN','2010-06-17 14:16:33','2010-06-17 14:16:33'),
(6,'',2,'CARPARKS_SQL',6,'not a server','AMBER','2010-06-17 14:16:33','2010-06-17 14:16:33'),
(7,'CFRMIS',2,'CFRMIS',7,'','GREEN','2010-06-17 14:16:33','2010-06-17 14:16:33'),
(8,'',2,'CFRMIS_SQL',8,'not a server','AMBER','2010-06-17 14:16:33','2010-06-17 14:16:33'),
(9,'CTISERVER',2,'CTISERVER',9,'','GREEN','2010-06-17 14:16:33','2010-06-17 14:16:33'),
(10,'CTXFR001',2,'CTXFR001',10,'','GREEN','2010-06-17 14:16:33','2010-06-17 14:16:33'),
(11,'CTXHW001',2,'CTXHW001',11,'','GREEN','2010-06-17 14:16:33','2010-06-17 14:16:33'),
(12,'CTXHW002',2,'CTXHW002',12,'','GREEN','2010-06-17 14:16:33','2010-06-17 14:16:33'),
(13,'',2,'DIP_GROUP',13,'not a server','AMBER','2010-06-17 14:16:33','2010-06-17 14:16:33'),
(14,'',2,'DIP_SHARES',14,'not a server','AMBER','2010-06-17 14:16:33','2010-06-17 14:16:33'),
(15,'DIP1',2,'DIP1',15,'','GREEN','2010-06-17 14:16:33','2010-06-17 14:16:33'),
(16,'DIP2',2,'DIP2',16,'','GREEN','2010-06-17 14:16:33','2010-06-17 14:16:33'),
(17,'',2,'DISNEY_GROUP',17,'not a server','AMBER','2010-06-17 14:16:33','2010-06-17 14:16:33'),
(18,'',2,'DISNEY_SHARES',18,'not a server','AMBER','2010-06-17 14:16:33','2010-06-17 14:16:33'),
(19,'DONALD',2,'DONALD',19,'','GREEN','2010-06-17 14:16:33','2010-06-17 14:16:33'),
(20,'GOOFY',2,'GOOFY',20,'','GREEN','2010-06-17 14:16:33','2010-06-17 14:16:33'),
(21,'MICKEY',2,'MICKEY',21,'','GREEN','2010-06-17 14:16:33','2010-06-17 14:16:33'),
(22,'EDUNT-3',2,'EDUNT-3',22,'','GREEN','2010-06-17 14:16:33','2010-06-17 14:16:33'),
(23,'EDUNT-FIZ',2,'EDUNT-FIZ',23,'','GREEN','2010-06-17 14:16:33','2010-06-17 14:16:33'),
(24,'EPICENTRE',2,'EPICENTRE',24,'','GREEN','2010-06-17 14:16:33','2010-06-17 14:16:33'),
(25,'CORVUREP',2,'CORVUREP',25,'','GREEN','2010-06-17 14:16:33','2010-06-17 14:16:33'),
(26,'DEVLGOL',2,'DEVLGOL',26,'','GREEN','2010-06-17 14:16:33','2010-06-17 14:16:33'),
(27,'FARM1TEST',2,'FARM1TEST',27,'','GREEN','2010-06-17 14:16:33','2010-06-17 14:16:33'),
(28,'',2,'FARM1TEST_SQL',28,'not a server','AMBER','2010-06-17 14:16:33','2010-06-17 14:16:33'),
(29,'FIRE',2,'FIRE',29,'','GREEN','2010-06-17 14:16:33','2010-06-17 14:16:33'),
(30,'IWCEPO4',2,'IWCEPO4',30,'','GREEN','2010-06-17 14:16:33','2010-06-17 14:16:33'),
(31,'IWCFIZAPP',2,'IWCFIZAPP',31,'','GREEN','2010-06-17 14:16:33','2010-06-17 14:16:33'),
(32,'IWCFLARE',2,'IWCFLARE',32,'','GREEN','2010-06-17 14:16:33','2010-06-17 14:16:33'),
(33,'IWCIKEN',2,'IWCIKEN',33,'','GREEN','2010-06-17 14:16:33','2010-06-17 14:16:33'),
(34,'',2,'IWCIKEN_SQL',34,'not a server','AMBER','2010-06-17 14:16:33','2010-06-17 14:16:33'),
(35,'IWCLSDAPP',2,'IWCLSDAPP',35,'','GREEN','2010-06-17 14:16:33','2010-06-17 14:16:33'),
(36,'IWCLSDDB',2,'IWCLSDDB',36,'','GREEN','2010-06-17 14:16:33','2010-06-17 14:16:33'),
(37,'',2,'IWCLSDDB_SQL',37,'not a server','AMBER','2010-06-17 14:16:33','2010-06-17 14:16:33'),
(38,'IWCWLGYM',2,'IWCWLGYM',38,'','GREEN','2010-06-17 14:16:33','2010-06-17 14:16:33'),
(39,'SQLREP1',2,'SQLREP1',39,'','GREEN','2010-06-17 14:16:33','2010-06-17 14:16:33'),
(40,'',2,'SQLREP1_SQL',40,'not a server','AMBER','2010-06-17 14:16:33','2010-06-17 14:16:33'),
(41,'IWCCTXWEB',2,'IWCCTXWEB',41,'','GREEN','2010-06-17 14:16:33','2010-06-17 14:16:33'),
(42,'IWCDIPAPP01',2,'IWCDIPAPP01',42,'','GREEN','2010-06-17 14:16:33','2010-06-17 14:16:33'),
(43,'IWCEMSAPP01',2,'IWCEMSAPP01',43,'','GREEN','2010-06-17 14:16:33','2010-06-17 14:16:33'),
(44,'IWCFWSYSLOG',2,'IWCFWSYSLOG',44,'','GREEN','2010-06-17 14:16:33','2010-06-17 14:16:33'),
(45,'IWCLSDWCB',2,'IWCLSDWCB',45,'','GREEN','2010-06-17 14:16:33','2010-06-17 14:16:33'),
(46,'PRINTSERVER',2,'PRINTSERVER',46,'','GREEN','2010-06-17 14:16:33','2010-06-17 14:16:33'),
(47,'PRINTSERVER2',2,'PRINTSERVER2',47,'','GREEN','2010-06-17 14:16:33','2010-06-17 14:16:33'),
(48,'VLANDESK',2,'VLANDESK',48,'','GREEN','2010-06-17 14:16:33','2010-06-17 14:16:33'),
(49,'',2,'VLANDESK_SQL',49,'not a server','AMBER','2010-06-17 14:16:33','2010-06-17 14:16:33'),
(50,'',2,'ACCOLAID',50,'','GREEN','2010-06-17 14:16:33','2010-06-17 14:16:33'),
(51,'',2,'ACCOLAID_SQL',51,'not a server','AMBER','2010-06-17 14:16:33','2010-06-17 14:16:33'),
(52,'',2,'ACOLNET',52,'','GREEN','2010-06-17 14:16:33','2010-06-17 14:16:33'),
(53,'',2,'ACOLNET_SQL',53,'not a server','AMBER','2010-06-17 14:16:33','2010-06-17 14:16:33'),
(54,'',2,'ARCIMS',54,'','GREEN','2010-06-17 14:16:33','2010-06-17 14:16:33'),
(55,'ELECTORALREG',2,'ELECTORALREG',55,'','GREEN','2010-06-17 14:16:33','2010-06-17 14:16:33'),
(56,'',2,'ELECTORALREG_SQL',56,'not a server','AMBER','2010-06-17 14:16:33','2010-06-17 14:16:33'),
(57,'ENGINEERING',2,'ENGINEERING',57,'','GREEN','2010-06-17 14:16:33','2010-06-17 14:16:33'),
(58,'HWSCAD',2,'HWSCAD',58,'','GREEN','2010-06-17 14:16:33','2010-06-17 14:16:33'),
(59,'IWCAUDITMAN',2,'IWCAUDITMAN',59,'','GREEN','2010-06-17 14:16:33','2010-06-17 14:16:33'),
(60,'IWCENCRYPT',2,'IWCENCRYPT',60,'','GREEN','2010-06-17 14:16:33','2010-06-17 14:16:33'),
(61,'LGOL',2,'LGOL',61,'','GREEN','2010-06-17 14:16:33','2010-06-17 14:16:33'),
(62,'MAYRISE',2,'MAYRISE',62,'','GREEN','2010-06-17 14:16:33','2010-06-17 14:16:33'),
(63,'PIPSDEV',2,'PIPSDEV',63,'','GREEN','2010-06-17 14:16:33','2010-06-17 14:16:33'),
(64,'WSUS3',2,'WSUS3',64,'','GREEN','2010-06-17 14:16:33','2010-06-17 14:16:33'),
(65,'IWCEMSAPP02',2,'IWCEMSAPP02',65,'','GREEN','2010-06-17 14:16:33','2010-06-17 14:16:33'),
(66,'',2,'ACOLNETWEB',66,'','GREEN','2010-06-17 14:16:33','2010-06-17 14:16:33'),
(67,'DIPDEV',2,'DIPDEV',67,'','GREEN','2010-06-17 14:16:33','2010-06-17 14:16:33'),
(68,'EMS',2,'EMS',68,'','GREEN','2010-06-17 14:16:33','2010-06-17 14:16:33'),
(69,'IWCDIPAPP02',2,'IWCDIPAPP02',69,'','GREEN','2010-06-17 14:16:33','2010-06-17 14:16:33'),
(70,'IWCEMSORACLE',2,'IWCEMSORACLE',70,'','GREEN','2010-06-17 14:16:33','2010-06-17 14:16:33'),
(71,'IWCLANDSEV',2,'IWCLANDSEV',71,'','GREEN','2010-06-17 14:16:33','2010-06-17 14:16:33'),
(72,'IWCLSDTRNG',2,'IWCLSDTRNG',72,'','GREEN','2010-06-17 14:16:33','2010-06-17 14:16:33'),
(73,'IWCRBS',2,'IWCRBS',73,'','GREEN','2010-06-17 14:16:33','2010-06-17 14:16:33'),
(74,'IWCTLCAPP',2,'IWCTLCAPP',74,'','GREEN','2010-06-17 14:16:33','2010-06-17 14:16:33'),
(75,'IWCVCSQL',2,'IWCVCSQL',75,'','GREEN','2010-06-17 14:16:33','2010-06-17 14:16:33'),
(76,'',2,'IWCVCSQL_SQL',76,'not a server','AMBER','2010-06-17 14:16:33','2010-06-17 14:16:33'),
(77,'SEACLOSE',2,'SEACLOSE',77,'','GREEN','2010-06-17 14:16:33','2010-06-17 14:16:33'),
(78,'IWCICSAPP04',2,'IWCICSAPP04',78,'','GREEN','2010-06-17 14:16:33','2010-06-17 14:16:33'),
(79,'IWCICSAPP05',2,'IWCICSAPP05',79,'','GREEN','2010-06-17 14:16:33','2010-06-17 14:16:33'),
(80,'IWCICSAPP09',2,'IWCICSAPP09',80,'','GREEN','2010-06-17 14:16:33','2010-06-17 14:16:33'),
(81,'IWCICSAPP03',2,'IWCICSAPP03',81,'','GREEN','2010-06-17 14:16:33','2010-06-17 14:16:33'),
(82,'IWCICSAPP06',2,'IWCICSAPP06',82,'','GREEN','2010-06-17 14:16:33','2010-06-17 14:16:33'),
(83,'IWCICSAPP07',2,'IWCICSAPP07',83,'','GREEN','2010-06-17 14:16:33','2010-06-17 14:16:33'),
(84,'IWCICSAPP08',2,'IWCICSAPP08',84,'','GREEN','2010-06-17 14:16:33','2010-06-17 14:16:33'),
(85,'IWCBSIPDEVEPD',2,'IWCBSIPDEVEPD',85,'','GREEN','2010-06-17 14:16:33','2010-06-17 14:16:33'),
(86,'',2,'IWCBSIPDEVEPD_SQL',86,'not a server','AMBER','2010-06-17 14:16:33','2010-06-17 14:16:33'),
(87,'',2,'IWCBSIPDEVEPD_SQL_MONTH',87,'not a server','AMBER','2010-06-17 14:16:33','2010-06-17 14:16:33'),
(88,'',2,'IWCBSIPDEVEPD_SQL_WEEK',88,'not a server','AMBER','2010-06-17 14:16:33','2010-06-17 14:16:33'),
(89,'',2,'IWCBSIPDEVEPD_SQL_YEAR',89,'not a server','AMBER','2010-06-17 14:16:33','2010-06-17 14:16:33'),
(90,'',2,'IWCBSIPDEVERD',90,'','GREEN','2010-06-17 14:16:33','2010-06-17 14:16:33'),
(91,'',2,'IWCBSIPDEVERD_SQL',91,'not a server','AMBER','2010-06-17 14:16:33','2010-06-17 14:16:33'),
(92,'',2,'IWCBSIPDEVERD_SQL_MONTH',92,'not a server','AMBER','2010-06-17 14:16:33','2010-06-17 14:16:33'),
(93,'',2,'IWCBSIPDEVERD_SQL_WEEK',93,'not a server','AMBER','2010-06-17 14:16:33','2010-06-17 14:16:33'),
(94,'',2,'IWCBSIPDEVERD_SQL_YEAR',94,'not a server','AMBER','2010-06-17 14:16:33','2010-06-17 14:16:33'),
(95,'IWCBSIPDEVPID',2,'IWCBSIPDEVPID',95,'','GREEN','2010-06-17 14:16:33','2010-06-17 14:16:33'),
(96,'',2,'IWCBSIPDEVPID_SQL',96,'not a server','AMBER','2010-06-17 14:16:33','2010-06-17 14:16:33'),
(97,'',2,'IWCBSIPDEVPID_SQL_MONTH',97,'not a server','AMBER','2010-06-17 14:16:33','2010-06-17 14:16:33'),
(98,'',2,'IWCBSIPDEVPID_SQL_WEEK',98,'not a server','AMBER','2010-06-17 14:16:33','2010-06-17 14:16:33'),
(99,'',2,'IWCBSIPDEVPID_SQL_YEAR',99,'not a server','AMBER','2010-06-17 14:16:33','2010-06-17 14:16:33'),
(100,'IWCBSIPDEVSOL',2,'IWCBSIPDEVSOL',100,'','GREEN','2010-06-17 14:16:33','2010-06-17 14:16:33'),
(101,'',2,'IWCBSIPDEVSOL_SQL',101,'not a server','AMBER','2010-06-17 14:16:33','2010-06-17 14:16:33'),
(102,'',2,'IWCBSIPDEVSOL_SQL_MONTH',102,'not a server','AMBER','2010-06-17 14:16:33','2010-06-17 14:16:33'),
(103,'',2,'IWCBSIPDEVSOL_SQL_WEEK',103,'not a server','AMBER','2010-06-17 14:16:33','2010-06-17 14:16:33'),
(104,'',2,'IWCBSIPDEVSOL_SQL_YEAR',104,'not a server','AMBER','2010-06-17 14:16:33','2010-06-17 14:16:33'),
(105,'IWCBSIPDEVSRD',2,'IWCBSIPDEVSRD',105,'','GREEN','2010-06-17 14:16:33','2010-06-17 14:16:33'),
(106,'',2,'IWCBSIPDEVSRD_SQL',106,'not a server','AMBER','2010-06-17 14:16:33','2010-06-17 14:16:33'),
(107,'',2,'IWCBSIPDEVSRD_SQL_MONTH',107,'not a server','AMBER','2010-06-17 14:16:33','2010-06-17 14:16:33'),
(108,'',2,'IWCBSIPDEVSRD_SQL_WEEK',108,'not a server','AMBER','2010-06-17 14:16:33','2010-06-17 14:16:33'),
(109,'',2,'IWCBSIPDEVSRD_SQL_YEAR',109,'not a server','AMBER','2010-06-17 14:16:33','2010-06-17 14:16:33'),
(110,'IWCBSIPQASEPQ',2,'IWCBSIPQASEPQ',110,'','GREEN','2010-06-17 14:16:33','2010-06-17 14:16:33'),
(111,'',2,'IWCBSIPQASEPQ_SQL',111,'not a server','AMBER','2010-06-17 14:16:33','2010-06-17 14:16:33'),
(112,'',2,'IWCBSIPQASEPQ_SQL_MONTH',112,'not a server','AMBER','2010-06-17 14:16:33','2010-06-17 14:16:33'),
(113,'',2,'IWCBSIPQASEPQ_SQL_WEEK',113,'not a server','AMBER','2010-06-17 14:16:33','2010-06-17 14:16:33'),
(114,'',2,'IWCBSIPQASEPQ_SQL_YEAR',114,'not a server','AMBER','2010-06-17 14:16:33','2010-06-17 14:16:33'),
(115,'',2,'IWCBSIPQASERQ',115,'','GREEN','2010-06-17 14:16:33','2010-06-17 14:16:33'),
(116,'',2,'IWCBSIPQASERQ_SQL',116,'not a server','AMBER','2010-06-17 14:16:33','2010-06-17 14:16:33'),
(117,'',2,'IWCBSIPQASERQ_SQL_MONTH',117,'not a server','AMBER','2010-06-17 14:16:33','2010-06-17 14:16:33'),
(118,'',2,'IWCBSIPQASERQ_SQL_WEEK',118,'not a server','AMBER','2010-06-17 14:16:33','2010-06-17 14:16:33'),
(119,'',2,'IWCBSIPQASERQ_SQL_YEAR',119,'not a server','AMBER','2010-06-17 14:16:33','2010-06-17 14:16:33'),
(120,'IWCBSIPQASSRQ',2,'IWCBSIPQASSRQ',120,'','GREEN','2010-06-17 14:16:33','2010-06-17 14:16:33'),
(121,'',2,'IWCBSIPQASSRQ_SQL',121,'not a server','AMBER','2010-06-17 14:16:33','2010-06-17 14:16:33'),
(122,'',2,'IWCBSIPQASSRQ_SQL_MONTH',122,'not a server','AMBER','2010-06-17 14:16:33','2010-06-17 14:16:33'),
(123,'',2,'IWCBSIPQASSRQ_SQL_WEEK',123,'not a server','AMBER','2010-06-17 14:16:33','2010-06-17 14:16:33'),
(124,'',2,'IWCBSIPQASSRQ_SQL_YEAR',124,'not a server','AMBER','2010-06-17 14:16:33','2010-06-17 14:16:33'),
(125,'IWCBSIPQASTXQ',2,'IWCBSIPQASTXQ',125,'','GREEN','2010-06-17 14:16:33','2010-06-17 14:16:33'),
(126,'',2,'FSCLUSTER_DEPT',126,'not a server','AMBER','2010-06-17 14:16:33','2010-06-17 14:16:33'),
(127,'',2,'FSCLUSTER_GROUP',127,'not a server','AMBER','2010-06-17 14:16:33','2010-06-17 14:16:33'),
(128,'',2,'FSCLUSTER_HOME',128,'not a server','AMBER','2010-06-17 14:16:33','2010-06-17 14:16:33'),
(129,'',2,'FSCLUSTER_PST',129,'not a server','AMBER','2010-06-17 14:16:33','2010-06-17 14:16:33'),
(130,'FSCLUSTER1',2,'FSCLUSTER1',130,'','GREEN','2010-06-17 14:16:33','2010-06-17 14:16:33'),
(131,'FSCLUSTER2',2,'FSCLUSTER2',131,'','GREEN','2010-06-17 14:16:33','2010-06-17 14:16:33'),
(132,'',2,'FSTEST_FSSHARE',132,'not a server','AMBER','2010-06-17 14:16:33','2010-06-17 14:16:33'),
(133,'',2,'IBMDIRECTOR',133,'not a server','AMBER','2010-06-17 14:16:33','2010-06-17 14:16:33'),
(134,'ICTHELPDESKBACK',2,'ICTHELPDESKBACK',134,'','GREEN','2010-06-17 14:16:33','2010-06-17 14:16:33'),
(135,'',2,'ICTHELPDESKBACK_SQL',135,'not a server','AMBER','2010-06-17 14:16:33','2010-06-17 14:16:33'),
(136,'ICTHELPDESKLIVE',2,'ICTHELPDESKLIVE',136,'','GREEN','2010-06-17 14:16:33','2010-06-17 14:16:33'),
(137,'',2,'ICTHELPDESKLIVE_SQL',137,'not a server','AMBER','2010-06-17 14:16:33','2010-06-17 14:16:33'),
(138,'IIS2',2,'IIS2',138,'','GREEN','2010-06-17 14:16:33','2010-06-17 14:16:33'),
(139,'IIS3',2,'IIS3',139,'','GREEN','2010-06-17 14:16:33','2010-06-17 14:16:33'),
(140,'',2,'IIS3_SQL',140,'not a server','AMBER','2010-06-17 14:16:33','2010-06-17 14:16:33'),
(141,'IIS4',2,'IIS4',141,'','GREEN','2010-06-17 14:16:33','2010-06-17 14:16:33'),
(142,'IKEN',2,'IKEN',142,'','GREEN','2010-06-17 14:16:33','2010-06-17 14:16:33'),
(143,'',2,'IKEN_SQL',143,'not a server','AMBER','2010-06-17 14:16:33','2010-06-17 14:16:33'),
(144,'IWCBSIPCASREC',2,'IWCBSIPCASREC',144,'','GREEN','2010-06-17 14:16:33','2010-06-17 14:16:33'),
(145,'',2,'IWCBSIPCASREC_SQL',145,'not a server','AMBER','2010-06-17 14:16:33','2010-06-17 14:16:33'),
(146,'',2,'IWCBSIPCASREC_SQL_MONTH',146,'not a server','AMBER','2010-06-17 14:16:33','2010-06-17 14:16:33'),
(147,'',2,'IWCBSIPCASREC_SQL_WEEK',147,'not a server','AMBER','2010-06-17 14:16:33','2010-06-17 14:16:33'),
(148,'',2,'IWCBSIPCASREC_SQL_YEAR',148,'not a server','AMBER','2010-06-17 14:16:33','2010-06-17 14:16:33'),
(149,'IWCBSIPPRDEPP',2,'IWCBSIPPRDEPP',149,'','GREEN','2010-06-17 14:16:33','2010-06-17 14:16:33'),
(150,'',2,'IWCBSIPPRDEPP_SQL',150,'not a server','AMBER','2010-06-17 14:16:33','2010-06-17 14:16:33'),
(151,'',2,'IWCBSIPPRDEPP_SQL_MONTH',151,'not a server','AMBER','2010-06-17 14:16:33','2010-06-17 14:16:33'),
(152,'',2,'IWCBSIPPRDEPP_SQL_WEEK',152,'not a server','AMBER','2010-06-17 14:16:33','2010-06-17 14:16:33'),
(153,'',2,'IWCBSIPPRDEPP_SQL_YEAR',153,'not a server','AMBER','2010-06-17 14:16:33','2010-06-17 14:16:33'),
(154,'',2,'IWCBSIPPRDERP',154,'','GREEN','2010-06-17 14:16:33','2010-06-17 14:16:33'),
(155,'',2,'IWCBSIPPRDERP_SQL',155,'not a server','AMBER','2010-06-17 14:16:33','2010-06-17 14:16:33'),
(156,'',2,'IWCBSIPPRDERP_SQL_MONTH',156,'not a server','AMBER','2010-06-17 14:16:33','2010-06-17 14:16:33'),
(157,'',2,'IWCBSIPPRDERP_SQL_WEEK',157,'not a server','AMBER','2010-06-17 14:16:33','2010-06-17 14:16:33'),
(158,'',2,'IWCBSIPPRDERP_SQL_YEAR',158,'not a server','AMBER','2010-06-17 14:16:33','2010-06-17 14:16:33'),
(159,'IWCBSIPPRDPIP',2,'IWCBSIPPRDPIP',159,'','GREEN','2010-06-17 14:16:33','2010-06-17 14:16:33'),
(160,'',2,'IWCBSIPPRDPIP_SQL',160,'not a server','AMBER','2010-06-17 14:16:33','2010-06-17 14:16:33'),
(161,'',2,'IWCBSIPPRDPIP_SQL_MONTH',161,'not a server','AMBER','2010-06-17 14:16:33','2010-06-17 14:16:33'),
(162,'',2,'IWCBSIPPRDPIP_SQL_WEEK',162,'not a server','AMBER','2010-06-17 14:16:33','2010-06-17 14:16:33'),
(163,'',2,'IWCBSIPPRDPIP_SQL_YEAR',163,'not a server','AMBER','2010-06-17 14:16:33','2010-06-17 14:16:33'),
(164,'IWCBSIPPRDSRP',2,'IWCBSIPPRDSRP',164,'','GREEN','2010-06-17 14:16:33','2010-06-17 14:16:33'),
(165,'',2,'IWCBSIPPRDSRP_SQL',165,'not a server','AMBER','2010-06-17 14:16:33','2010-06-17 14:16:33'),
(166,'',2,'IWCBSIPPRDSRP_SQL_MONTH',166,'not a server','AMBER','2010-06-17 14:16:33','2010-06-17 14:16:33'),
(167,'',2,'IWCBSIPPRDSRP_SQL_WEEK',167,'not a server','AMBER','2010-06-17 14:16:33','2010-06-17 14:16:33'),
(168,'',2,'IWCBSIPPRDSRP_SQL_YEAR',168,'not a server','AMBER','2010-06-17 14:16:33','2010-06-17 14:16:33'),
(169,'IWCBSIPPRDTXP',2,'IWCBSIPPRDTXP',169,'','GREEN','2010-06-17 14:16:33','2010-06-17 14:16:33'),
(170,'IWCBSIPPRDWDP',2,'IWCBSIPPRDWDP',170,'','GREEN','2010-06-17 14:16:33','2010-06-17 14:16:33'),
(171,'IWCBSIPQASWDQ',2,'IWCBSIPQASWDQ',171,'','GREEN','2010-06-17 14:16:33','2010-06-17 14:16:33'),
(172,'',2,'IWCCGAZ',172,'','GREEN','2010-06-17 14:16:33','2010-06-17 14:16:33'),
(173,'',2,'IWCCGAZ_SQL',173,'not a server','AMBER','2010-06-17 14:16:33','2010-06-17 14:16:33'),
(174,'IWCCHCASHUB',2,'IWCCHCASHUB',174,'','GREEN','2010-06-17 14:16:33','2010-06-17 14:16:33'),
(175,'IWCCTX001',2,'IWCCTX001',175,'','GREEN','2010-06-17 14:16:33','2010-06-17 14:16:33'),
(176,'IWCCTX003',2,'IWCCTX003',176,'','GREEN','2010-06-17 14:16:33','2010-06-17 14:16:33'),
(177,'IWCCTX007',2,'IWCCTX007',177,'','GREEN','2010-06-17 14:16:33','2010-06-17 14:16:33'),
(178,'IWCCTX015',2,'IWCCTX015',178,'','GREEN','2010-06-17 14:16:33','2010-06-17 14:16:33'),
(179,'IWCCTXMAN2',2,'IWCCTXMAN2',179,'','GREEN','2010-06-17 14:16:33','2010-06-17 14:16:33'),
(180,'IWCCTXMAN2',2,'IWCCTXMAN2',180,'Duplicate see above','AMBER','2010-06-17 14:16:33','2010-06-17 14:16:33'),
(181,'',2,'IWCCTXMAN2_SQL',181,'not a server','AMBER','2010-06-17 14:16:33','2010-06-17 14:16:33'),
(182,'IWCCTXXEN01',2,'IWCCTXXEN01',182,'','GREEN','2010-06-17 14:16:33','2010-06-17 14:16:33'),
(183,'IWCCTXXEN02',2,'IWCCTXXEN02',183,'','GREEN','2010-06-17 14:16:33','2010-06-17 14:16:33'),
(184,'IWCDC01',2,'IWCDC01',184,'','GREEN','2010-06-17 14:16:33','2010-06-17 14:16:33'),
(185,'IWCDC02',2,'IWCDC02',185,'','GREEN','2010-06-17 14:16:33','2010-06-17 14:16:33'),
(186,'IWCDC03',2,'IWCDC03',186,'','GREEN','2010-06-17 14:16:33','2010-06-17 14:16:33'),
(187,'IWCDC04',2,'IWCDC04',187,'','GREEN','2010-06-17 14:16:33','2010-06-17 14:16:33'),
(188,'IWCDC05',2,'IWCDC05',188,'','GREEN','2010-06-17 14:16:33','2010-06-17 14:16:33'),
(189,'IWCDC06',2,'IWCDC06',189,'','GREEN','2010-06-17 14:16:33','2010-06-17 14:16:33'),
(190,'',2,'IWCDIPDB_E',190,'not a server','AMBER','2010-06-17 14:16:33','2010-06-17 14:16:33'),
(191,'',2,'IWCDIPDB_Q',191,'not a server','AMBER','2010-06-17 14:16:33','2010-06-17 14:16:33'),
(192,'',2,'IWCDIPDB_SQL',192,'not a server','AMBER','2010-06-17 14:16:33','2010-06-17 14:16:33'),
(193,'IWCDIPDB01',2,'IWCDIPDB01',193,'','GREEN','2010-06-17 14:16:33','2010-06-17 14:16:33'),
(194,'IWCDIPDB02',2,'IWCDIPDB02',194,'','GREEN','2010-06-17 14:16:33','2010-06-17 14:16:33'),
(195,'IWCENTCASHUB',2,'IWCENTCASHUB',195,'','GREEN','2010-06-17 14:16:33','2010-06-17 14:16:33'),
(196,'IWCFFS3',2,'IWCFFS3',196,'','GREEN','2010-06-17 14:16:33','2010-06-17 14:16:33'),
(197,'',2,'IWCFFS3_SQL',197,'not a server','AMBER','2010-06-17 14:16:33','2010-06-17 14:16:33'),
(198,'IWCGIS01',2,'IWCGIS01',198,'','GREEN','2010-06-17 14:16:33','2010-06-17 14:16:33'),
(199,'IWCGIS02',2,'IWCGIS02',199,'','GREEN','2010-06-17 14:16:33','2010-06-17 14:16:33'),
(200,'IWCGIS03',2,'IWCGIS03',200,'','GREEN','2010-06-17 14:16:33','2010-06-17 14:16:33'),
(201,'IWCICSAPP00',2,'IWCICSAPP00',201,'','GREEN','2010-06-17 14:16:33','2010-06-17 14:16:33'),
(202,'IWCICSAPP01',2,'IWCICSAPP01',202,'','GREEN','2010-06-17 14:16:33','2010-06-17 14:16:33'),
(203,'IWCICSAPP02',2,'IWCICSAPP02',203,'','GREEN','2010-06-17 14:16:33','2010-06-17 14:16:33'),
(204,'IWCISC01',2,'IWCISC01',204,'','GREEN','2010-06-17 14:16:33','2010-06-17 14:16:33'),
(205,'IWCSQL01',2,'IWCSQL01',205,'','GREEN','2010-06-17 14:16:33','2010-06-17 14:16:33'),
(206,'',2,'IWCSQL01_SQL',206,'not a server','AMBER','2010-06-17 14:16:33','2010-06-17 14:16:33'),
(207,'IWCTLCDB',2,'IWCTLCDB',207,'','GREEN','2010-06-17 14:16:33','2010-06-17 14:16:33'),
(208,'IWCTMPRO',2,'IWCTMPRO',208,'','GREEN','2010-06-17 14:16:33','2010-06-17 14:16:33'),
(209,'',2,'IWCTMPRO_SQL',209,'not a server','AMBER','2010-06-17 14:16:33','2010-06-17 14:16:33'),
(210,'IWCTSM01',2,'IWCTSM01',210,'','GREEN','2010-06-17 14:16:33','2010-06-17 14:16:33'),
(211,'IWCTSM02',2,'IWCTSM02',211,'','GREEN','2010-06-17 14:16:33','2010-06-17 14:16:33'),
(212,'IWCWEBSQL',2,'IWCWEBSQL',212,'','GREEN','2010-06-17 14:16:33','2010-06-17 14:16:33'),
(213,'',2,'IWCWEBSQL_SQL',213,'not a server','AMBER','2010-06-17 14:16:33','2010-06-17 14:16:33'),
(214,'IWLIBAPP',2,'IWLIBAPP',214,'','GREEN','2010-06-17 14:16:33','2010-06-17 14:16:33'),
(215,'IWLIBSQL',2,'IWLIBSQL',215,'','GREEN','2010-06-17 14:16:33','2010-06-17 14:16:33'),
(216,'',2,'IWLIBSQL_SQL',216,'not a server','AMBER','2010-06-17 14:16:33','2010-06-17 14:16:33'),
(217,'',2,'LINUX0025',217,'','GREEN','2010-06-17 14:16:33','2010-06-17 14:16:33'),
(218,'LIVECRM',2,'LIVECRM',218,'','GREEN','2010-06-17 14:16:33','2010-06-17 14:16:33'),
(219,'LIVESQL',2,'LIVESQL',219,'','GREEN','2010-06-17 14:16:33','2010-06-17 14:16:33'),
(220,'',2,'LIVESQL_SQL',220,'not a server','AMBER','2010-06-17 14:16:33','2010-06-17 14:16:33'),
(221,'LLC2KGIS',2,'LLC2KGIS',221,'','GREEN','2010-06-17 14:16:33','2010-06-17 14:16:33'),
(222,'LLC2KORA',2,'LLC2KORA',222,'','GREEN','2010-06-17 14:16:33','2010-06-17 14:16:33'),
(223,'LORDLIB',2,'LORDLIB',223,'','GREEN','2010-06-17 14:16:33','2010-06-17 14:16:33'),
(224,'',2,'LORDLIB_SQL',224,'not a server','AMBER','2010-06-17 14:16:33','2010-06-17 14:16:33'),
(225,'',2,'COUNTYMAIL_EXCH',225,'','GREEN','2010-06-17 14:16:33','2010-06-17 14:16:33'),
(226,'IWCCHMAIL',2,'IWCCHMAIL',226,'','GREEN','2010-06-17 14:16:33','2010-06-17 14:16:33'),
(227,'IWCENTMAIL',2,'IWCENTMAIL',227,'','GREEN','2010-06-17 14:16:33','2010-06-17 14:16:33'),
(228,'NEW_REGISTRARS',2,'NEW_REGISTRARS',228,'','GREEN','2010-06-17 14:16:33','2010-06-17 14:16:33'),
(229,'NFUSE',2,'NFUSE',229,'','GREEN','2010-06-17 14:16:33','2010-06-17 14:16:33'),
(230,'NODE1-EXCH',2,'NODE1-EXCH',230,'Decomissioned','AMBER','2010-06-17 14:16:33','2010-06-17 14:16:33'),
(231,'NODE2-EXCH',2,'NODE2-EXCH',231,'Decomissioned','AMBER','2010-06-17 14:16:33','2010-06-17 14:16:33'),
(232,'NTFLEX',2,'NTFLEX',232,'','GREEN','2010-06-17 14:16:33','2010-06-17 14:16:33'),
(233,'OTM',2,'OTM',233,'','GREEN','2010-06-17 14:16:33','2010-06-17 14:16:33'),
(234,'PC064197',2,'PC064197',234,'','GREEN','2010-06-17 14:16:33','2010-06-17 14:16:33'),
(235,'PLUTO',2,'PLUTO',235,'','GREEN','2010-06-17 14:16:33','2010-06-17 14:16:33'),
(236,'PNCSERVER',2,'PNCSERVER',236,'','GREEN','2010-06-17 14:16:33','2010-06-17 14:16:33'),
(237,'PROPSERV',2,'PROPSERV',237,'','GREEN','2010-06-17 14:16:33','2010-06-17 14:16:33'),
(238,'',2,'PROPSERV_SQL',238,'not a server','AMBER','2010-06-17 14:16:33','2010-06-17 14:16:33'),
(239,'PROXY',2,'PROXY',239,'','GREEN','2010-06-17 14:16:33','2010-06-17 14:16:33'),
(240,'SPOCC',2,'SPOCC',240,'','GREEN','2010-06-17 14:16:33','2010-06-17 14:16:33'),
(241,'',2,'SPOCC_SQL',241,'not a server','AMBER','2010-06-17 14:16:33','2010-06-17 14:16:33'),
(242,'',2,'SRV179033',242,'','GREEN','2010-06-17 14:16:33','2010-06-17 14:16:33'),
(243,'',2,'SRV179033_SQL',243,'not a server','AMBER','2010-06-17 14:16:33','2010-06-17 14:16:33'),
(244,'SURESTART-FS2',2,'SURESTART-FS2',244,'','GREEN','2010-06-17 14:16:33','2010-06-17 14:16:33'),
(245,'TPAPPS1',2,'TPAPPS1',245,'','GREEN','2010-06-17 14:16:33','2010-06-17 14:16:33'),
(246,'',2,'VCENTER',246,'','GREEN','2010-06-17 14:16:33','2010-06-17 14:16:33'),
(247,'VITEX',2,'VITEX',247,'','GREEN','2010-06-17 14:16:33','2010-06-17 14:16:33'),
(248,'WALNUT',2,'WALNUT',248,'','GREEN','2010-06-17 14:16:33','2010-06-17 14:16:33'),
(249,'WEB11',2,'WEB11',249,'','GREEN','2010-06-17 14:16:33','2010-06-17 14:16:33'),
(250,'',2,'CAD',250,'removed by KPMG from first draft','RED','2010-06-17 14:16:33','2010-06-17 14:16:33'),
(251,'',2,'DIPTEST',251,'removed by KPMG from first draft','RED','2010-06-17 14:16:33','2010-06-17 14:16:33'),
(252,'',2,'EDUNT-4',252,'removed by KPMG from first draft','RED','2010-06-17 14:16:33','2010-06-17 14:16:33'),
(253,'',2,'EDUWIGHT',253,'removed by KPMG from first draft','RED','2010-06-17 14:16:33','2010-06-17 14:16:33'),
(254,'',2,'ENVHEALTH',254,'removed by KPMG from first draft','RED','2010-06-17 14:16:33','2010-06-17 14:16:33'),
(255,'',2,'FLARE',255,'removed by KPMG from first draft','RED','2010-06-17 14:16:33','2010-06-17 14:16:33'),
(256,'',2,'IIS5',256,'removed by KPMG from first draft','RED','2010-06-17 14:16:33','2010-06-17 14:16:33'),
(257,'',2,'MCAFEE-EPO',257,'removed by KPMG from first draft','RED','2010-06-17 14:16:33','2010-06-17 14:16:33'),
(258,'',2,'NETCRUNCH',258,'removed by KPMG from first draft','RED','2010-06-17 14:16:33','2010-06-17 14:16:33'),
(259,'',2,'SAMBA1',259,'removed by KPMG from first draft','RED','2010-06-17 14:16:33','2010-06-17 14:16:33'),
(260,'',2,'SQLSERV1',260,'removed by KPMG from first draft','RED','2010-06-17 14:16:33','2010-06-17 14:16:33'),
(261,'',2,'SQLSERV1_SQL',261,'removed by KPMG from first draft','RED','2010-06-17 14:16:33','2010-06-17 14:16:33'),
(262,'',2,'SQLSERV2_SQL',262,'removed by KPMG from first draft','RED','2010-06-17 14:16:33','2010-06-17 14:16:33'),
(263,'',2,'SQLSERV2',263,'removed by KPMG from first draft','RED','2010-06-17 14:16:33','2010-06-17 14:16:33'),
(264,'',2,'SYS11.IOW.GOV.UK',264,'removed by KPMG from first draft','RED','2010-06-17 14:16:33','2010-06-17 14:16:33'),
(265,'',2,'TRINITY',265,'removed by KPMG from first draft','RED','2010-06-17 14:16:33','2010-06-17 14:16:33'),
(266,'',2,'WEBEXCH',266,'removed by KPMG from first draft','RED','2010-06-17 14:16:33','2010-06-17 14:16:33'),
(267,'',2,'WIGHTCARE',267,'removed by KPMG from first draft','RED','2010-06-17 14:16:33','2010-06-17 14:16:33'),
(268,'',2,'YUCCA',268,'removed by KPMG from first draft','RED','2010-06-17 14:16:33','2010-06-17 14:16:33'),
(269,'',2,'BLACKBERRY_SQL',269,'','GREEN','2010-06-17 14:16:33','2010-06-17 14:16:33'),
(270,'',2,'CARPARKS_SQL',270,'','GREEN','2010-06-17 14:16:33','2010-06-17 14:16:33'),
(271,'',2,'CFRMIS_SQL',271,'','GREEN','2010-06-17 14:16:33','2010-06-17 14:16:33'),
(272,'',2,'FARM1TEST_SQL',272,'','GREEN','2010-06-17 14:16:33','2010-06-17 14:16:33'),
(273,'',2,'IWCIKEN_SQL',273,'','GREEN','2010-06-17 14:16:33','2010-06-17 14:16:33'),
(274,'',2,'IWCLSDDB_SQL',274,'','GREEN','2010-06-17 14:16:33','2010-06-17 14:16:33'),
(275,'SQLREP1',2,'SQLREP1',275,'This is not a server see above','AMBER','2010-06-17 14:16:33','2010-06-17 14:16:33'),
(276,'',2,'SQLREP1_SQL',276,'','GREEN','2010-06-17 14:16:33','2010-06-17 14:16:33'),
(277,'',2,'VLANDESK_SQL',277,'','GREEN','2010-06-17 14:16:33','2010-06-17 14:16:33'),
(278,'',2,'ACCOLAID_SQL',278,'','GREEN','2010-06-17 14:16:33','2010-06-17 14:16:33'),
(279,'',2,'ACOLNET_SQL',279,'','GREEN','2010-06-17 14:16:33','2010-06-17 14:16:33'),
(280,'',2,'ELECTORALREG_SQL',280,'','GREEN','2010-06-17 14:16:33','2010-06-17 14:16:33'),
(281,'IWCVCSQL',2,'IWCVCSQL',281,'This is not a server see above','AMBER','2010-06-17 14:16:33','2010-06-17 14:16:33'),
(282,'',2,'IWCVCSQL_SQL',282,'','GREEN','2010-06-17 14:16:33','2010-06-17 14:16:33'),
(283,'IWCEMSORACLE',2,'IWCEMSORACLE',283,'This is not a server see above','AMBER','2010-06-17 14:16:33','2010-06-17 14:16:33'),
(284,'',2,'IWCBSIPDEVEPD_SQL',284,'','GREEN','2010-06-17 14:16:33','2010-06-17 14:16:33'),
(285,'',2,'IWCBSIPDEVEPD_SQL_MONTH',285,'This is not a server see above','AMBER','2010-06-17 14:16:33','2010-06-17 14:16:33'),
(286,'',2,'IWCBSIPDEVEPD_SQL_WEEK',286,'This is not a server see above','AMBER','2010-06-17 14:16:33','2010-06-17 14:16:33'),
(287,'',2,'IWCBSIPDEVEPD_SQL_YEAR',287,'This is not a server see above','AMBER','2010-06-17 14:16:33','2010-06-17 14:16:33'),
(288,'',2,'IWCBSIPDEVERD_SQL',288,'','GREEN','2010-06-17 14:16:33','2010-06-17 14:16:33'),
(289,'',2,'IWCBSIPDEVERD_SQL_MONTH',289,'This is not a server see above','AMBER','2010-06-17 14:16:33','2010-06-17 14:16:33'),
(290,'',2,'IWCBSIPDEVERD_SQL_WEEK',290,'This is not a server see above','AMBER','2010-06-17 14:16:33','2010-06-17 14:16:33'),
(291,'',2,'IWCBSIPDEVERD_SQL_YEAR',291,'This is not a server see above','AMBER','2010-06-17 14:16:33','2010-06-17 14:16:33'),
(292,'',2,'IWCBSIPDEVPID_SQL',292,'','GREEN','2010-06-17 14:16:33','2010-06-17 14:16:33'),
(293,'',2,'IWCBSIPDEVPID_SQL_MONTH',293,'This is not a server see above','AMBER','2010-06-17 14:16:33','2010-06-17 14:16:33'),
(294,'',2,'IWCBSIPDEVPID_SQL_WEEK',294,'This is not a server see above','AMBER','2010-06-17 14:16:33','2010-06-17 14:16:33'),
(295,'',2,'IWCBSIPDEVPID_SQL_YEAR',295,'This is not a server see above','AMBER','2010-06-17 14:16:33','2010-06-17 14:16:33'),
(296,'',2,'IWCBSIPDEVSOL_SQL',296,'','GREEN','2010-06-17 14:16:33','2010-06-17 14:16:33'),
(297,'',2,'IWCBSIPDEVSOL_SQL_MONTH',297,'This is not a server see above','AMBER','2010-06-17 14:16:33','2010-06-17 14:16:33'),
(298,'',2,'IWCBSIPDEVSOL_SQL_WEEK',298,'This is not a server see above','AMBER','2010-06-17 14:16:33','2010-06-17 14:16:33'),
(299,'',2,'IWCBSIPDEVSOL_SQL_YEAR',299,'This is not a server see above','AMBER','2010-06-17 14:16:33','2010-06-17 14:16:33'),
(300,'',2,'IWCBSIPDEVSRD_SQL',300,'','GREEN','2010-06-17 14:16:33','2010-06-17 14:16:33'),
(301,'',2,'IWCBSIPDEVSRD_SQL_MONTH',301,'This is not a server see above','AMBER','2010-06-17 14:16:33','2010-06-17 14:16:33'),
(302,'',2,'IWCBSIPDEVSRD_SQL_WEEK',302,'This is not a server see above','AMBER','2010-06-17 14:16:33','2010-06-17 14:16:33'),
(303,'',2,'IWCBSIPDEVSRD_SQL_YEAR',303,'This is not a server see above','AMBER','2010-06-17 14:16:33','2010-06-17 14:16:33'),
(304,'',2,'IWCBSIPQASEPQ_SQL',304,'','GREEN','2010-06-17 14:16:33','2010-06-17 14:16:33'),
(305,'',2,'IWCBSIPQASEPQ_SQL_MONTH',305,'This is not a server see above','AMBER','2010-06-17 14:16:33','2010-06-17 14:16:33'),
(306,'',2,'IWCBSIPQASEPQ_SQL_WEEK',306,'This is not a server see above','AMBER','2010-06-17 14:16:33','2010-06-17 14:16:33'),
(307,'',2,'IWCBSIPQASEPQ_SQL_YEAR',307,'This is not a server see above','AMBER','2010-06-17 14:16:33','2010-06-17 14:16:33'),
(308,'',2,'IWCBSIPQASERQ_SQL',308,'','GREEN','2010-06-17 14:16:33','2010-06-17 14:16:33'),
(309,'',2,'IWCBSIPQASERQ_SQL_MONTH',309,'This is not a server see above','AMBER','2010-06-17 14:16:33','2010-06-17 14:16:33'),
(310,'',2,'IWCBSIPQASERQ_SQL_WEEK',310,'This is not a server see above','AMBER','2010-06-17 14:16:33','2010-06-17 14:16:33'),
(311,'',2,'IWCBSIPQASERQ_SQL_YEAR',311,'This is not a server see above','AMBER','2010-06-17 14:16:33','2010-06-17 14:16:33'),
(312,'',2,'IWCBSIPQASSRQ_SQL',312,'','GREEN','2010-06-17 14:16:33','2010-06-17 14:16:33'),
(313,'',2,'IWCBSIPQASSRQ_SQL_MONTH',313,'This is not a server see above','AMBER','2010-06-17 14:16:33','2010-06-17 14:16:33'),
(314,'',2,'IWCBSIPQASSRQ_SQL_WEEK',314,'This is not a server see above','AMBER','2010-06-17 14:16:33','2010-06-17 14:16:33'),
(315,'',2,'IWCBSIPQASSRQ_SQL_YEAR',315,'This is not a server see above','AMBER','2010-06-17 14:16:33','2010-06-17 14:16:33'),
(316,'',2,'ICTHELPDESKBACK_SQL',316,'','GREEN','2010-06-17 14:16:33','2010-06-17 14:16:33'),
(317,'',2,'ICTHELPDESKLIVE_SQL',317,'','GREEN','2010-06-17 14:16:33','2010-06-17 14:16:33'),
(318,'',2,'IIS3_SQL',318,'','GREEN','2010-06-17 14:16:33','2010-06-17 14:16:33'),
(319,'',2,'IKEN_SQL',319,'','GREEN','2010-06-17 14:16:33','2010-06-17 14:16:33'),
(320,'',2,'IWCBSIPCASREC_SQL',320,'','GREEN','2010-06-17 14:16:33','2010-06-17 14:16:33'),
(321,'',2,'IWCBSIPCASREC_SQL_MONTH',321,'This is not a server see above','AMBER','2010-06-17 14:16:33','2010-06-17 14:16:33'),
(322,'',2,'IWCBSIPCASREC_SQL_WEEK',322,'This is not a server see above','AMBER','2010-06-17 14:16:33','2010-06-17 14:16:33'),
(323,'',2,'IWCBSIPCASREC_SQL_YEAR',323,'This is not a server see above','AMBER','2010-06-17 14:16:33','2010-06-17 14:16:33'),
(324,'',2,'IWCBSIPPRDEPP_SQL',324,'','GREEN','2010-06-17 14:16:33','2010-06-17 14:16:33'),
(325,'',2,'IWCBSIPPRDEPP_SQL_MONTH',325,'This is not a server see above','AMBER','2010-06-17 14:16:33','2010-06-17 14:16:33'),
(326,'',2,'IWCBSIPPRDEPP_SQL_WEEK',326,'This is not a server see above','AMBER','2010-06-17 14:16:33','2010-06-17 14:16:33'),
(327,'',2,'IWCBSIPPRDEPP_SQL_YEAR',327,'This is not a server see above','AMBER','2010-06-17 14:16:33','2010-06-17 14:16:33'),
(328,'',2,'IWCBSIPPRDERP_SQL',328,'','GREEN','2010-06-17 14:16:33','2010-06-17 14:16:33'),
(329,'',2,'IWCBSIPPRDERP_SQL_MONTH',329,'This is not a server see above','AMBER','2010-06-17 14:16:33','2010-06-17 14:16:33'),
(330,'',2,'IWCBSIPPRDERP_SQL_WEEK',330,'This is not a server see above','AMBER','2010-06-17 14:16:33','2010-06-17 14:16:33'),
(331,'',2,'IWCBSIPPRDERP_SQL_YEAR',331,'This is not a server see above','AMBER','2010-06-17 14:16:33','2010-06-17 14:16:33'),
(332,'',2,'IWCBSIPPRDPIP_SQL',332,'','GREEN','2010-06-17 14:16:33','2010-06-17 14:16:33'),
(333,'',2,'IWCBSIPPRDPIP_SQL_MONTH',333,'This is not a server see above','AMBER','2010-06-17 14:16:33','2010-06-17 14:16:33'),
(334,'',2,'IWCBSIPPRDPIP_SQL_WEEK',334,'This is not a server see above','AMBER','2010-06-17 14:16:33','2010-06-17 14:16:33'),
(335,'',2,'IWCBSIPPRDPIP_SQL_YEAR',335,'This is not a server see above','AMBER','2010-06-17 14:16:33','2010-06-17 14:16:33'),
(336,'',2,'IWCBSIPPRDSRP_SQL',336,'','GREEN','2010-06-17 14:16:33','2010-06-17 14:16:33'),
(337,'',2,'IWCBSIPPRDSRP_SQL_MONTH',337,'This is not a server see above','AMBER','2010-06-17 14:16:33','2010-06-17 14:16:33'),
(338,'',2,'IWCBSIPPRDSRP_SQL_WEEK',338,'This is not a server see above','AMBER','2010-06-17 14:16:33','2010-06-17 14:16:33'),
(339,'',2,'IWCBSIPPRDSRP_SQL_YEAR',339,'This is not a server see above','AMBER','2010-06-17 14:16:33','2010-06-17 14:16:33'),
(340,'',2,'IWCCGAZ_SQL',340,'','GREEN','2010-06-17 14:16:33','2010-06-17 14:16:33'),
(341,'',2,'IWCCTXMAN2_SQL',341,'','GREEN','2010-06-17 14:16:33','2010-06-17 14:16:33'),
(342,'',2,'IWCDIPDB_SQL',342,'','GREEN','2010-06-17 14:16:33','2010-06-17 14:16:33'),
(343,'',2,'IWCFFS3_SQL',343,'','GREEN','2010-06-17 14:16:33','2010-06-17 14:16:33'),
(344,'IWCSQL01',2,'IWCSQL01',344,'This is not a server see above','AMBER','2010-06-17 14:16:33','2010-06-17 14:16:33'),
(345,'',2,'IWCSQL01_SQL',345,'','GREEN','2010-06-17 14:16:33','2010-06-17 14:16:33'),
(346,'',2,'IWCTMPRO_SQL',346,'','GREEN','2010-06-17 14:16:33','2010-06-17 14:16:33'),
(347,'IWCWEBSQL',2,'IWCWEBSQL',347,'This is not a server see above','AMBER','2010-06-17 14:16:33','2010-06-17 14:16:33'),
(348,'',2,'IWCWEBSQL_SQL',348,'','GREEN','2010-06-17 14:16:33','2010-06-17 14:16:33'),
(349,'IWLIBSQL',2,'IWLIBSQL',349,'This is not a server see above','AMBER','2010-06-17 14:16:33','2010-06-17 14:16:33'),
(350,'',2,'IWLIBSQL_SQL',350,'','GREEN','2010-06-17 14:16:33','2010-06-17 14:16:33'),
(351,'LIVESQL',2,'LIVESQL',351,'This is not a server see above','AMBER','2010-06-17 14:16:33','2010-06-17 14:16:33'),
(352,'',2,'LIVESQL_SQL',352,'','GREEN','2010-06-17 14:16:33','2010-06-17 14:16:33'),
(353,'',2,'LORDLIB_SQL',353,'','GREEN','2010-06-17 14:16:33','2010-06-17 14:16:33'),
(354,'',2,'PROPSERV_SQL',354,'','GREEN','2010-06-17 14:16:33','2010-06-17 14:16:33'),
(355,'',2,'SPOCC_SQL',355,'','GREEN','2010-06-17 14:16:33','2010-06-17 14:16:33'),
(356,'',2,'SRV179033_SQL',356,'','GREEN','2010-06-17 14:16:33','2010-06-17 14:16:33'),
(357,'',2,'SQLSERV1',357,'removed by KPMG from first draft','RED','2010-06-17 14:16:33','2010-06-17 14:16:33'),
(358,'',2,'SQLSERV1_SQL',358,'removed by KPMG from first draft','RED','2010-06-17 14:16:33','2010-06-17 14:16:33'),
(359,'',2,'SQLSERV2_SQLTDPMSSQL',359,'removed by KPMG from first draft','RED','2010-06-17 14:16:33','2010-06-17 14:16:33'),
(360,'',2,'SQLSERV2',400,'removed by KPMG from first draft','RED','2010-06-17 14:16:33','2010-06-17 14:16:33'),
(361,'',2,'COUNTYMAIL_EXCH',401,'','GREEN','2010-06-17 14:16:33','2010-06-17 14:16:33'),
(362,'IWCCHMAIL',2,'IWCCHMAIL',402,'','GREEN','2010-06-17 14:16:33','2010-06-17 14:16:33'),
(363,'IWCENTMAIL',2,'IWCENTMAIL',403,'','GREEN','2010-06-17 14:16:33','2010-06-17 14:16:33'),
(364,'NODE1-EXCH',2,'NODE1-EXCH',404,'Decomissioned','AMBER','2010-06-17 14:16:33','2010-06-17 14:16:33'),
(365,'NODE2-EXCH',2,'NODE2-EXCH',405,'Decomissioned','AMBER','2010-06-17 14:16:33','2010-06-17 14:16:33'),
(366,'',2,'WEBEXCH',406,'Decomissioned','AMBER','2010-06-17 14:16:33','2010-06-17 14:16:33'),
(367,'',2,'WEBEXCH1',407,'Decomissioned','GREEN','2010-06-17 14:16:33','2010-06-17 14:16:33'),
(368,'',2,'WEBEXCH2',408,'Decomissioned','AMBER','2010-06-17 14:16:33','2010-06-17 14:16:33'),
(369,'',2,'WEBEXCH3',409,'Decomissioned','RED','2010-06-17 14:16:33','2010-06-17 14:16:33'),
(370,'BLACKBERRY',1,'BLACKBERRY',410,'','GREEN','2010-06-17 14:16:33','2010-06-17 14:16:33'),
(371,'',1,'BLACKBERRY_SQL',411,'not a server','AMBER','2010-06-17 14:16:33','2010-06-17 14:16:33'),
(372,'BLACKBERRYDMZ',1,'BLACKBERRYDMZ',412,'','GREEN','2010-06-17 14:16:33','2010-06-17 14:16:33'),
(373,'BUSINESSOBJECTS',1,'BUSINESSOBJECTS',413,'','GREEN','2010-06-17 14:16:33','2010-06-17 14:16:33'),
(374,'CARPARKS',1,'CARPARKS',414,'','GREEN','2010-06-17 14:16:33','2010-06-17 14:16:33'),
(375,'',1,'CARPARKS_SQL',415,'not a server','AMBER','2010-06-17 14:16:33','2010-06-17 14:16:33'),
(376,'CFRMIS',1,'CFRMIS',416,'','GREEN','2010-06-17 14:16:33','2010-06-17 14:16:33'),
(377,'',1,'CFRMIS_SQL',417,'not a server','AMBER','2010-06-17 14:16:33','2010-06-17 14:16:33'),
(378,'CTISERVER',1,'CTISERVER',418,'','GREEN','2010-06-17 14:16:33','2010-06-17 14:16:33'),
(379,'CTXFR001',1,'CTXFR001',419,'','GREEN','2010-06-17 14:16:33','2010-06-17 14:16:33'),
(380,'CTXHW001',1,'CTXHW001',420,'','GREEN','2010-06-17 14:16:33','2010-06-17 14:16:33'),
(381,'CTXHW002',1,'CTXHW002',421,'','GREEN','2010-06-17 14:16:33','2010-06-17 14:16:33'),
(382,'',1,'DIP_GROUP',422,'not a server','AMBER','2010-06-17 14:16:33','2010-06-17 14:16:33'),
(383,'',1,'DIP_SHARES',423,'not a server','AMBER','2010-06-17 14:16:33','2010-06-17 14:16:33'),
(384,'DIP1',1,'DIP1',424,'','GREEN','2010-06-17 14:16:33','2010-06-17 14:16:33'),
(385,'DIP2',1,'DIP2',425,'','GREEN','2010-06-17 14:16:33','2010-06-17 14:16:33'),
(386,'',1,'DISNEY_GROUP',426,'not a server','AMBER','2010-06-17 14:16:33','2010-06-17 14:16:33'),
(387,'',1,'DISNEY_SHARES',427,'not a server','AMBER','2010-06-17 14:16:33','2010-06-17 14:16:33'),
(388,'DONALD',1,'DONALD',428,'','GREEN','2010-06-17 14:16:33','2010-06-17 14:16:33'),
(389,'GOOFY',1,'GOOFY',429,'','GREEN','2010-06-17 14:16:33','2010-06-17 14:16:33'),
(390,'MICKEY',1,'MICKEY',430,'','GREEN','2010-06-17 14:16:33','2010-06-17 14:16:33'),
(391,'EDUNT-3',1,'EDUNT-3',431,'','GREEN','2010-06-17 14:16:33','2010-06-17 14:16:33'),
(392,'EDUNT-FIZ',1,'EDUNT-FIZ',432,'','GREEN','2010-06-17 14:16:33','2010-06-17 14:16:33'),
(393,'EPICENTRE',1,'EPICENTRE',433,'','GREEN','2010-06-17 14:16:33','2010-06-17 14:16:33'),
(394,'CORVUREP',1,'CORVUREP',434,'','GREEN','2010-06-17 14:16:33','2010-06-17 14:16:33'),
(395,'DEVLGOL',1,'DEVLGOL',435,'','GREEN','2010-06-17 14:16:33','2010-06-17 14:16:33'),
(396,'FARM1TEST',1,'FARM1TEST',436,'','GREEN','2010-06-17 14:16:33','2010-06-17 14:16:33'),
(397,'',1,'FARM1TEST_SQL',437,'not a server','AMBER','2010-06-17 14:16:33','2010-06-17 14:16:33'),
(398,'FIRE',1,'FIRE',438,'','GREEN','2010-06-17 14:16:33','2010-06-17 14:16:33'),
(399,'IWCEPO4',1,'IWCEPO4',439,'','GREEN','2010-06-17 14:16:33','2010-06-17 14:16:33'),
(400,'IWCFIZAPP',1,'IWCFIZAPP',440,'','GREEN','2010-06-17 14:16:33','2010-06-17 14:16:33'),
(401,'IWCFLARE',1,'IWCFLARE',441,'','GREEN','2010-06-17 14:16:33','2010-06-17 14:16:33'),
(402,'IWCIKEN',1,'IWCIKEN',442,'','GREEN','2010-06-17 14:16:33','2010-06-17 14:16:33'),
(403,'',1,'IWCIKEN_SQL',443,'not a server','AMBER','2010-06-17 14:16:33','2010-06-17 14:16:33'),
(404,'IWCLSDAPP',1,'IWCLSDAPP',444,'','GREEN','2010-06-17 14:16:33','2010-06-17 14:16:33'),
(405,'IWCLSDDB',1,'IWCLSDDB',445,'','GREEN','2010-06-17 14:16:33','2010-06-17 14:16:33'),
(406,'',1,'IWCLSDDB_SQL',446,'not a server','AMBER','2010-06-17 14:16:33','2010-06-17 14:16:33'),
(407,'IWCWLGYM',1,'IWCWLGYM',447,'','GREEN','2010-06-17 14:16:33','2010-06-17 14:16:33'),
(408,'SQLREP1',1,'SQLREP1',448,'','GREEN','2010-06-17 14:16:33','2010-06-17 14:16:33'),
(409,'',1,'SQLREP1_SQL',449,'not a server','AMBER','2010-06-17 14:16:33','2010-06-17 14:16:33'),
(410,'IWCCTXWEB',1,'IWCCTXWEB',450,'','GREEN','2010-06-17 14:16:33','2010-06-17 14:16:33'),
(411,'IWCDIPAPP01',1,'IWCDIPAPP01',451,'','GREEN','2010-06-17 14:16:33','2010-06-17 14:16:33'),
(412,'IWCEMSAPP01',1,'IWCEMSAPP01',452,'','GREEN','2010-06-17 14:16:33','2010-06-17 14:16:33'),
(413,'IWCFWSYSLOG',1,'IWCFWSYSLOG',453,'','GREEN','2010-06-17 14:16:33','2010-06-17 14:16:33'),
(414,'IWCLSDWCB',1,'IWCLSDWCB',454,'','GREEN','2010-06-17 14:16:33','2010-06-17 14:16:33'),
(415,'PRINTSERVER',1,'PRINTSERVER',455,'','GREEN','2010-06-17 14:16:33','2010-06-17 14:16:33'),
(416,'PRINTSERVER2',1,'PRINTSERVER2',456,'','GREEN','2010-06-17 14:16:33','2010-06-17 14:16:33'),
(417,'VLANDESK',1,'VLANDESK',457,'','GREEN','2010-06-17 14:16:33','2010-06-17 14:16:33'),
(418,'',1,'VLANDESK_SQL',458,'not a server','AMBER','2010-06-17 14:16:33','2010-06-17 14:16:33'),
(419,'',1,'ACCOLAID',459,'','GREEN','2010-06-17 14:16:33','2010-06-17 14:16:33'),
(420,'',1,'ACCOLAID_SQL',460,'not a server','AMBER','2010-06-17 14:16:33','2010-06-17 14:16:33'),
(421,'',1,'ACOLNET',461,'','GREEN','2010-06-17 14:16:33','2010-06-17 14:16:33'),
(422,'',1,'ACOLNET_SQL',462,'not a server','AMBER','2010-06-17 14:16:33','2010-06-17 14:16:33'),
(423,'',1,'ARCIMS',463,'','GREEN','2010-06-17 14:16:33','2010-06-17 14:16:33'),
(424,'ELECTORALREG',1,'ELECTORALREG',464,'','GREEN','2010-06-17 14:16:33','2010-06-17 14:16:33'),
(425,'',1,'ELECTORALREG_SQL',465,'not a server','AMBER','2010-06-17 14:16:33','2010-06-17 14:16:33'),
(426,'ENGINEERING',1,'ENGINEERING',466,'','GREEN','2010-06-17 14:16:33','2010-06-17 14:16:33'),
(427,'HWSCAD',1,'HWSCAD',467,'','GREEN','2010-06-17 14:16:33','2010-06-17 14:16:33'),
(428,'IWCAUDITMAN',1,'IWCAUDITMAN',468,'','GREEN','2010-06-17 14:16:33','2010-06-17 14:16:33'),
(429,'IWCENCRYPT',1,'IWCENCRYPT',469,'','GREEN','2010-06-17 14:16:33','2010-06-17 14:16:33'),
(430,'LGOL',1,'LGOL',470,'','GREEN','2010-06-17 14:16:33','2010-06-17 14:16:33'),
(431,'MAYRISE',1,'MAYRISE',471,'','GREEN','2010-06-17 14:16:33','2010-06-17 14:16:33'),
(432,'PIPSDEV',1,'PIPSDEV',472,'','GREEN','2010-06-17 14:16:33','2010-06-17 14:16:33'),
(433,'WSUS3',1,'WSUS3',473,'','GREEN','2010-06-17 14:16:33','2010-06-17 14:16:33'),
(434,'IWCEMSAPP02',1,'IWCEMSAPP02',474,'','GREEN','2010-06-17 14:16:33','2010-06-17 14:16:33'),
(435,'',1,'ACOLNETWEB',475,'','GREEN','2010-06-17 14:16:33','2010-06-17 14:16:33'),
(436,'DIPDEV',1,'DIPDEV',476,'','GREEN','2010-06-17 14:16:33','2010-06-17 14:16:33'),
(437,'EMS',1,'EMS',477,'','GREEN','2010-06-17 14:16:33','2010-06-17 14:16:33'),
(438,'IWCDIPAPP02',1,'IWCDIPAPP02',478,'','GREEN','2010-06-17 14:16:33','2010-06-17 14:16:33'),
(439,'IWCEMSORACLE',1,'IWCEMSORACLE',479,'','GREEN','2010-06-17 14:16:33','2010-06-17 14:16:33'),
(440,'IWCLANDSEV',1,'IWCLANDSEV',480,'','GREEN','2010-06-17 14:16:33','2010-06-17 14:16:33'),
(441,'IWCLSDTRNG',1,'IWCLSDTRNG',481,'','GREEN','2010-06-17 14:16:33','2010-06-17 14:16:33'),
(442,'IWCRBS',1,'IWCRBS',482,'','GREEN','2010-06-17 14:16:33','2010-06-17 14:16:33'),
(443,'IWCTLCAPP',1,'IWCTLCAPP',483,'','GREEN','2010-06-17 14:16:33','2010-06-17 14:16:33'),
(444,'IWCVCSQL',1,'IWCVCSQL',484,'','GREEN','2010-06-17 14:16:33','2010-06-17 14:16:33'),
(445,'',1,'IWCVCSQL_SQL',485,'not a server','AMBER','2010-06-17 14:16:33','2010-06-17 14:16:33'),
(446,'SEACLOSE',1,'SEACLOSE',486,'','GREEN','2010-06-17 14:16:33','2010-06-17 14:16:33'),
(447,'IWCICSAPP04',1,'IWCICSAPP04',487,'','GREEN','2010-06-17 14:16:33','2010-06-17 14:16:33'),
(448,'IWCICSAPP05',1,'IWCICSAPP05',488,'','GREEN','2010-06-17 14:16:33','2010-06-17 14:16:33'),
(449,'IWCICSAPP09',1,'IWCICSAPP09',489,'','GREEN','2010-06-17 14:16:33','2010-06-17 14:16:33'),
(450,'IWCICSAPP03',1,'IWCICSAPP03',490,'','GREEN','2010-06-17 14:16:33','2010-06-17 14:16:33'),
(451,'IWCICSAPP06',1,'IWCICSAPP06',491,'','GREEN','2010-06-17 14:16:33','2010-06-17 14:16:33'),
(452,'IWCICSAPP07',1,'IWCICSAPP07',492,'','GREEN','2010-06-17 14:16:33','2010-06-17 14:16:33'),
(453,'IWCICSAPP08',1,'IWCICSAPP08',493,'','GREEN','2010-06-17 14:16:33','2010-06-17 14:16:33'),
(454,'IWCBSIPDEVEPD',1,'IWCBSIPDEVEPD',494,'','GREEN','2010-06-17 14:16:33','2010-06-17 14:16:33'),
(455,'',1,'IWCBSIPDEVEPD_SQL',495,'not a server','AMBER','2010-06-17 14:16:33','2010-06-17 14:16:33'),
(456,'',1,'IWCBSIPDEVEPD_SQL_MONTH',496,'not a server','AMBER','2010-06-17 14:16:33','2010-06-17 14:16:33'),
(457,'',1,'IWCBSIPDEVEPD_SQL_WEEK',497,'not a server','AMBER','2010-06-17 14:16:33','2010-06-17 14:16:33'),
(458,'',1,'IWCBSIPDEVEPD_SQL_YEAR',498,'not a server','AMBER','2010-06-17 14:16:33','2010-06-17 14:16:33'),
(459,'',1,'IWCBSIPDEVERD',499,'','GREEN','2010-06-17 14:16:33','2010-06-17 14:16:33'),
(460,'',1,'IWCBSIPDEVERD_SQL',500,'not a server','AMBER','2010-06-17 14:16:33','2010-06-17 14:16:33'),
(461,'',1,'IWCBSIPDEVERD_SQL_MONTH',501,'not a server','AMBER','2010-06-17 14:16:33','2010-06-17 14:16:33'),
(462,'',1,'IWCBSIPDEVERD_SQL_WEEK',502,'not a server','AMBER','2010-06-17 14:16:33','2010-06-17 14:16:33'),
(463,'',1,'IWCBSIPDEVERD_SQL_YEAR',503,'not a server','AMBER','2010-06-17 14:16:33','2010-06-17 14:16:33'),
(464,'IWCBSIPDEVPID',1,'IWCBSIPDEVPID',504,'','GREEN','2010-06-17 14:16:33','2010-06-17 14:16:33'),
(465,'',1,'IWCBSIPDEVPID_SQL',505,'not a server','AMBER','2010-06-17 14:16:33','2010-06-17 14:16:33'),
(466,'',1,'IWCBSIPDEVPID_SQL_MONTH',506,'not a server','AMBER','2010-06-17 14:16:33','2010-06-17 14:16:33'),
(467,'',1,'IWCBSIPDEVPID_SQL_WEEK',507,'not a server','AMBER','2010-06-17 14:16:33','2010-06-17 14:16:33'),
(468,'',1,'IWCBSIPDEVPID_SQL_YEAR',508,'not a server','AMBER','2010-06-17 14:16:33','2010-06-17 14:16:33'),
(469,'IWCBSIPDEVSOL',1,'IWCBSIPDEVSOL',509,'','GREEN','2010-06-17 14:16:33','2010-06-17 14:16:33'),
(470,'',1,'IWCBSIPDEVSOL_SQL',510,'not a server','AMBER','2010-06-17 14:16:33','2010-06-17 14:16:33'),
(471,'',1,'IWCBSIPDEVSOL_SQL_MONTH',511,'not a server','AMBER','2010-06-17 14:16:33','2010-06-17 14:16:33'),
(472,'',1,'IWCBSIPDEVSOL_SQL_WEEK',512,'not a server','AMBER','2010-06-17 14:16:33','2010-06-17 14:16:33'),
(473,'',1,'IWCBSIPDEVSOL_SQL_YEAR',513,'not a server','AMBER','2010-06-17 14:16:33','2010-06-17 14:16:33'),
(474,'IWCBSIPDEVSRD',1,'IWCBSIPDEVSRD',514,'','GREEN','2010-06-17 14:16:33','2010-06-17 14:16:33'),
(475,'',1,'IWCBSIPDEVSRD_SQL',515,'not a server','AMBER','2010-06-17 14:16:33','2010-06-17 14:16:33'),
(476,'',1,'IWCBSIPDEVSRD_SQL_MONTH',516,'not a server','AMBER','2010-06-17 14:16:33','2010-06-17 14:16:33'),
(477,'',1,'IWCBSIPDEVSRD_SQL_WEEK',517,'not a server','AMBER','2010-06-17 14:16:33','2010-06-17 14:16:33'),
(478,'',1,'IWCBSIPDEVSRD_SQL_YEAR',518,'not a server','AMBER','2010-06-17 14:16:33','2010-06-17 14:16:33'),
(479,'IWCBSIPQASEPQ',1,'IWCBSIPQASEPQ',519,'','GREEN','2010-06-17 14:16:33','2010-06-17 14:16:33'),
(480,'',1,'IWCBSIPQASEPQ_SQL',520,'not a server','AMBER','2010-06-17 14:16:33','2010-06-17 14:16:33'),
(481,'',1,'IWCBSIPQASEPQ_SQL_MONTH',521,'not a server','AMBER','2010-06-17 14:16:33','2010-06-17 14:16:33'),
(482,'',1,'IWCBSIPQASEPQ_SQL_WEEK',522,'not a server','AMBER','2010-06-17 14:16:33','2010-06-17 14:16:33'),
(483,'',1,'IWCBSIPQASEPQ_SQL_YEAR',523,'not a server','AMBER','2010-06-17 14:16:33','2010-06-17 14:16:33'),
(484,'',1,'IWCBSIPQASERQ',524,'','GREEN','2010-06-17 14:16:33','2010-06-17 14:16:33'),
(485,'',1,'IWCBSIPQASERQ_SQL',525,'not a server','AMBER','2010-06-17 14:16:33','2010-06-17 14:16:33'),
(486,'',1,'IWCBSIPQASERQ_SQL_MONTH',526,'not a server','AMBER','2010-06-17 14:16:33','2010-06-17 14:16:33'),
(487,'',1,'IWCBSIPQASERQ_SQL_WEEK',527,'not a server','AMBER','2010-06-17 14:16:33','2010-06-17 14:16:33'),
(488,'',1,'IWCBSIPQASERQ_SQL_YEAR',528,'not a server','AMBER','2010-06-17 14:16:33','2010-06-17 14:16:33'),
(489,'IWCBSIPQASSRQ',1,'IWCBSIPQASSRQ',529,'','GREEN','2010-06-17 14:16:33','2010-06-17 14:16:33'),
(490,'',1,'IWCBSIPQASSRQ_SQL',530,'not a server','AMBER','2010-06-17 14:16:33','2010-06-17 14:16:33'),
(491,'',1,'IWCBSIPQASSRQ_SQL_MONTH',531,'not a server','AMBER','2010-06-17 14:16:33','2010-06-17 14:16:33'),
(492,'',1,'IWCBSIPQASSRQ_SQL_WEEK',532,'not a server','AMBER','2010-06-17 14:16:33','2010-06-17 14:16:33'),
(493,'',1,'IWCBSIPQASSRQ_SQL_YEAR',533,'not a server','AMBER','2010-06-17 14:16:33','2010-06-17 14:16:33'),
(494,'IWCBSIPQASTXQ',1,'IWCBSIPQASTXQ',534,'','GREEN','2010-06-17 14:16:33','2010-06-17 14:16:33'),
(495,'',1,'FSCLUSTER_DEPT',535,'not a server','AMBER','2010-06-17 14:16:33','2010-06-17 14:16:33'),
(496,'',1,'FSCLUSTER_GROUP',536,'not a server','AMBER','2010-06-17 14:16:33','2010-06-17 14:16:33'),
(497,'',1,'FSCLUSTER_HOME',537,'not a server','AMBER','2010-06-17 14:16:33','2010-06-17 14:16:33'),
(498,'',1,'FSCLUSTER_PST',538,'not a server','AMBER','2010-06-17 14:16:33','2010-06-17 14:16:33'),
(499,'FSCLUSTER1',1,'FSCLUSTER1',539,'','GREEN','2010-06-17 14:16:33','2010-06-17 14:16:33'),
(500,'FSCLUSTER2',1,'FSCLUSTER2',540,'','GREEN','2010-06-17 14:16:33','2010-06-17 14:16:33'),
(501,'',1,'FSTEST_FSSHARE',541,'not a server','AMBER','2010-06-17 14:16:33','2010-06-17 14:16:33'),
(502,'',1,'IBMDIRECTOR',542,'not a server','AMBER','2010-06-17 14:16:33','2010-06-17 14:16:33'),
(503,'ICTHELPDESKBACK',1,'ICTHELPDESKBACK',543,'','GREEN','2010-06-17 14:16:33','2010-06-17 14:16:33'),
(504,'',1,'ICTHELPDESKBACK_SQL',544,'not a server','AMBER','2010-06-17 14:16:33','2010-06-17 14:16:33'),
(505,'ICTHELPDESKLIVE',1,'ICTHELPDESKLIVE',545,'','GREEN','2010-06-17 14:16:33','2010-06-17 14:16:33'),
(506,'',1,'ICTHELPDESKLIVE_SQL',546,'not a server','AMBER','2010-06-17 14:16:33','2010-06-17 14:16:33'),
(507,'IIS2',1,'IIS2',547,'','GREEN','2010-06-17 14:16:33','2010-06-17 14:16:33'),
(508,'IIS3',1,'IIS3',548,'','GREEN','2010-06-17 14:16:33','2010-06-17 14:16:33'),
(509,'',1,'IIS3_SQL',549,'not a server','AMBER','2010-06-17 14:16:33','2010-06-17 14:16:33'),
(510,'IIS4',1,'IIS4',550,'','GREEN','2010-06-17 14:16:33','2010-06-17 14:16:33'),
(511,'IKEN',1,'IKEN',551,'','GREEN','2010-06-17 14:16:33','2010-06-17 14:16:33'),
(512,'',1,'IKEN_SQL',552,'not a server','AMBER','2010-06-17 14:16:33','2010-06-17 14:16:33'),
(513,'IWCBSIPCASREC',1,'IWCBSIPCASREC',553,'','GREEN','2010-06-17 14:16:33','2010-06-17 14:16:33'),
(514,'',1,'IWCBSIPCASREC_SQL',554,'not a server','AMBER','2010-06-17 14:16:33','2010-06-17 14:16:33'),
(515,'',1,'IWCBSIPCASREC_SQL_MONTH',555,'not a server','AMBER','2010-06-17 14:16:33','2010-06-17 14:16:33'),
(516,'',1,'IWCBSIPCASREC_SQL_WEEK',556,'not a server','AMBER','2010-06-17 14:16:33','2010-06-17 14:16:33'),
(517,'',1,'IWCBSIPCASREC_SQL_YEAR',557,'not a server','AMBER','2010-06-17 14:16:33','2010-06-17 14:16:33'),
(518,'IWCBSIPPRDEPP',1,'IWCBSIPPRDEPP',558,'','GREEN','2010-06-17 14:16:33','2010-06-17 14:16:33'),
(519,'',1,'IWCBSIPPRDEPP_SQL',559,'not a server','AMBER','2010-06-17 14:16:33','2010-06-17 14:16:33'),
(520,'',1,'IWCBSIPPRDEPP_SQL_MONTH',560,'not a server','AMBER','2010-06-17 14:16:33','2010-06-17 14:16:33'),
(521,'',1,'IWCBSIPPRDEPP_SQL_WEEK',561,'not a server','AMBER','2010-06-17 14:16:33','2010-06-17 14:16:33'),
(522,'',1,'IWCBSIPPRDEPP_SQL_YEAR',562,'not a server','AMBER','2010-06-17 14:16:33','2010-06-17 14:16:33'),
(523,'',1,'IWCBSIPPRDERP',563,'','GREEN','2010-06-17 14:16:33','2010-06-17 14:16:33'),
(524,'',1,'IWCBSIPPRDERP_SQL',564,'not a server','AMBER','2010-06-17 14:16:33','2010-06-17 14:16:33'),
(525,'',1,'IWCBSIPPRDERP_SQL_MONTH',565,'not a server','AMBER','2010-06-17 14:16:33','2010-06-17 14:16:33'),
(526,'',1,'IWCBSIPPRDERP_SQL_WEEK',566,'not a server','AMBER','2010-06-17 14:16:33','2010-06-17 14:16:33'),
(527,'',1,'IWCBSIPPRDERP_SQL_YEAR',567,'not a server','AMBER','2010-06-17 14:16:33','2010-06-17 14:16:33'),
(528,'IWCBSIPPRDPIP',1,'IWCBSIPPRDPIP',568,'','GREEN','2010-06-17 14:16:33','2010-06-17 14:16:33'),
(529,'',1,'IWCBSIPPRDPIP_SQL',569,'not a server','AMBER','2010-06-17 14:16:33','2010-06-17 14:16:33'),
(530,'',1,'IWCBSIPPRDPIP_SQL_MONTH',570,'not a server','AMBER','2010-06-17 14:16:33','2010-06-17 14:16:33'),
(531,'',1,'IWCBSIPPRDPIP_SQL_WEEK',571,'not a server','AMBER','2010-06-17 14:16:33','2010-06-17 14:16:33'),
(532,'',1,'IWCBSIPPRDPIP_SQL_YEAR',572,'not a server','AMBER','2010-06-17 14:16:33','2010-06-17 14:16:33'),
(533,'IWCBSIPPRDSRP',1,'IWCBSIPPRDSRP',573,'','GREEN','2010-06-17 14:16:33','2010-06-17 14:16:33'),
(534,'',1,'IWCBSIPPRDSRP_SQL',574,'not a server','AMBER','2010-06-17 14:16:33','2010-06-17 14:16:33'),
(535,'',1,'IWCBSIPPRDSRP_SQL_MONTH',575,'not a server','AMBER','2010-06-17 14:16:33','2010-06-17 14:16:33'),
(536,'',1,'IWCBSIPPRDSRP_SQL_WEEK',576,'not a server','AMBER','2010-06-17 14:16:33','2010-06-17 14:16:33'),
(537,'',1,'IWCBSIPPRDSRP_SQL_YEAR',577,'not a server','AMBER','2010-06-17 14:16:33','2010-06-17 14:16:33'),
(538,'IWCBSIPPRDTXP',1,'IWCBSIPPRDTXP',578,'','GREEN','2010-06-17 14:16:33','2010-06-17 14:16:33'),
(539,'IWCBSIPPRDWDP',1,'IWCBSIPPRDWDP',579,'','GREEN','2010-06-17 14:16:33','2010-06-17 14:16:33'),
(540,'IWCBSIPQASWDQ',1,'IWCBSIPQASWDQ',580,'','GREEN','2010-06-17 14:16:33','2010-06-17 14:16:33'),
(541,'',1,'IWCCGAZ',581,'','GREEN','2010-06-17 14:16:33','2010-06-17 14:16:33'),
(542,'',1,'IWCCGAZ_SQL',582,'not a server','AMBER','2010-06-17 14:16:33','2010-06-17 14:16:33'),
(543,'IWCCHCASHUB',1,'IWCCHCASHUB',583,'','GREEN','2010-06-17 14:16:33','2010-06-17 14:16:33'),
(544,'IWCCTX001',1,'IWCCTX001',584,'','GREEN','2010-06-17 14:16:33','2010-06-17 14:16:33'),
(545,'IWCCTX003',1,'IWCCTX003',585,'','GREEN','2010-06-17 14:16:33','2010-06-17 14:16:33'),
(546,'IWCCTX007',1,'IWCCTX007',586,'','GREEN','2010-06-17 14:16:33','2010-06-17 14:16:33'),
(547,'IWCCTX015',1,'IWCCTX015',587,'','GREEN','2010-06-17 14:16:33','2010-06-17 14:16:33'),
(548,'IWCCTXMAN2',1,'IWCCTXMAN2',588,'','GREEN','2010-06-17 14:16:33','2010-06-17 14:16:33'),
(549,'IWCCTXMAN2',1,'IWCCTXMAN2',589,'Duplicate see above','AMBER','2010-06-17 14:16:33','2010-06-17 14:16:33'),
(550,'',1,'IWCCTXMAN2_SQL',590,'not a server','AMBER','2010-06-17 14:16:33','2010-06-17 14:16:33'),
(551,'IWCCTXXEN01',1,'IWCCTXXEN01',591,'','GREEN','2010-06-17 14:16:33','2010-06-17 14:16:33'),
(552,'IWCCTXXEN02',1,'IWCCTXXEN02',592,'','GREEN','2010-06-17 14:16:33','2010-06-17 14:16:33'),
(553,'IWCDC01',1,'IWCDC01',593,'','GREEN','2010-06-17 14:16:33','2010-06-17 14:16:33'),
(554,'IWCDC02',1,'IWCDC02',594,'','GREEN','2010-06-17 14:16:33','2010-06-17 14:16:33'),
(555,'IWCDC03',1,'IWCDC03',595,'','GREEN','2010-06-17 14:16:33','2010-06-17 14:16:33'),
(556,'IWCDC04',1,'IWCDC04',596,'','GREEN','2010-06-17 14:16:33','2010-06-17 14:16:33'),
(557,'IWCDC05',1,'IWCDC05',597,'','GREEN','2010-06-17 14:16:33','2010-06-17 14:16:33'),
(558,'IWCDC06',1,'IWCDC06',598,'','GREEN','2010-06-17 14:16:33','2010-06-17 14:16:33'),
(559,'',1,'IWCDIPDB_E',599,'not a server','AMBER','2010-06-17 14:16:33','2010-06-17 14:16:33'),
(560,'',1,'IWCDIPDB_Q',600,'not a server','AMBER','2010-06-17 14:16:33','2010-06-17 14:16:33'),
(561,'',1,'IWCDIPDB_SQL',601,'not a server','AMBER','2010-06-17 14:16:33','2010-06-17 14:16:33'),
(562,'IWCDIPDB01',1,'IWCDIPDB01',602,'','GREEN','2010-06-17 14:16:33','2010-06-17 14:16:33'),
(563,'IWCDIPDB02',1,'IWCDIPDB02',603,'','GREEN','2010-06-17 14:16:33','2010-06-17 14:16:33'),
(564,'IWCENTCASHUB',1,'IWCENTCASHUB',604,'','GREEN','2010-06-17 14:16:33','2010-06-17 14:16:33'),
(565,'IWCFFS3',1,'IWCFFS3',605,'','GREEN','2010-06-17 14:16:33','2010-06-17 14:16:33'),
(566,'',1,'IWCFFS3_SQL',606,'not a server','AMBER','2010-06-17 14:16:33','2010-06-17 14:16:33'),
(567,'IWCGIS01',1,'IWCGIS01',607,'','GREEN','2010-06-17 14:16:33','2010-06-17 14:16:33'),
(568,'IWCGIS02',1,'IWCGIS02',608,'','GREEN','2010-06-17 14:16:33','2010-06-17 14:16:33'),
(569,'IWCGIS03',1,'IWCGIS03',609,'','GREEN','2010-06-17 14:16:33','2010-06-17 14:16:33'),
(570,'IWCICSAPP00',1,'IWCICSAPP00',610,'','GREEN','2010-06-17 14:16:33','2010-06-17 14:16:33'),
(571,'IWCICSAPP01',1,'IWCICSAPP01',611,'','GREEN','2010-06-17 14:16:33','2010-06-17 14:16:33'),
(572,'IWCICSAPP02',1,'IWCICSAPP02',612,'','GREEN','2010-06-17 14:16:33','2010-06-17 14:16:33'),
(573,'IWCISC01',1,'IWCISC01',613,'','GREEN','2010-06-17 14:16:33','2010-06-17 14:16:33'),
(574,'IWCSQL01',1,'IWCSQL01',614,'','GREEN','2010-06-17 14:16:33','2010-06-17 14:16:33'),
(575,'',1,'IWCSQL01_SQL',615,'not a server','AMBER','2010-06-17 14:16:33','2010-06-17 14:16:33'),
(576,'IWCTLCDB',1,'IWCTLCDB',616,'','GREEN','2010-06-17 14:16:33','2010-06-17 14:16:33'),
(577,'IWCTMPRO',1,'IWCTMPRO',617,'','GREEN','2010-06-17 14:16:33','2010-06-17 14:16:33'),
(578,'',1,'IWCTMPRO_SQL',618,'not a server','AMBER','2010-06-17 14:16:33','2010-06-17 14:16:33'),
(579,'IWCTSM01',1,'IWCTSM01',619,'','GREEN','2010-06-17 14:16:33','2010-06-17 14:16:33'),
(580,'IWCTSM02',1,'IWCTSM02',620,'','GREEN','2010-06-17 14:16:33','2010-06-17 14:16:33'),
(581,'IWCWEBSQL',1,'IWCWEBSQL',621,'','GREEN','2010-06-17 14:16:33','2010-06-17 14:16:33'),
(582,'',1,'IWCWEBSQL_SQL',622,'not a server','AMBER','2010-06-17 14:16:33','2010-06-17 14:16:33'),
(583,'IWLIBAPP',1,'IWLIBAPP',623,'','GREEN','2010-06-17 14:16:33','2010-06-17 14:16:33'),
(584,'IWLIBSQL',1,'IWLIBSQL',624,'','GREEN','2010-06-17 14:16:33','2010-06-17 14:16:33'),
(585,'',1,'IWLIBSQL_SQL',625,'not a server','AMBER','2010-06-17 14:16:33','2010-06-17 14:16:33'),
(586,'',1,'LINUX0025',626,'','GREEN','2010-06-17 14:16:33','2010-06-17 14:16:33'),
(587,'LIVECRM',1,'LIVECRM',627,'','GREEN','2010-06-17 14:16:33','2010-06-17 14:16:33'),
(588,'LIVESQL',1,'LIVESQL',628,'','GREEN','2010-06-17 14:16:33','2010-06-17 14:16:33'),
(589,'',1,'LIVESQL_SQL',629,'not a server','AMBER','2010-06-17 14:16:33','2010-06-17 14:16:33'),
(590,'LLC2KGIS',1,'LLC2KGIS',630,'','GREEN','2010-06-17 14:16:33','2010-06-17 14:16:33'),
(591,'LLC2KORA',1,'LLC2KORA',631,'','GREEN','2010-06-17 14:16:33','2010-06-17 14:16:33'),
(592,'LORDLIB',1,'LORDLIB',632,'','GREEN','2010-06-17 14:16:33','2010-06-17 14:16:33'),
(593,'',1,'LORDLIB_SQL',633,'not a server','AMBER','2010-06-17 14:16:33','2010-06-17 14:16:33'),
(594,'',1,'COUNTYMAIL_EXCH',634,'','GREEN','2010-06-17 14:16:33','2010-06-17 14:16:33'),
(595,'IWCCHMAIL',1,'IWCCHMAIL',635,'','GREEN','2010-06-17 14:16:33','2010-06-17 14:16:33'),
(596,'IWCENTMAIL',1,'IWCENTMAIL',636,'','GREEN','2010-06-17 14:16:33','2010-06-17 14:16:33'),
(597,'NEW_REGISTRARS',1,'NEW_REGISTRARS',637,'','GREEN','2010-06-17 14:16:33','2010-06-17 14:16:33'),
(598,'NFUSE',1,'NFUSE',638,'','GREEN','2010-06-17 14:16:33','2010-06-17 14:16:33'),
(599,'NODE1-EXCH',1,'NODE1-EXCH',639,'Decomissioned','AMBER','2010-06-17 14:16:33','2010-06-17 14:16:33'),
(600,'NODE2-EXCH',1,'NODE2-EXCH',640,'Decomissioned','AMBER','2010-06-17 14:16:33','2010-06-17 14:16:33'),
(601,'NTFLEX',1,'NTFLEX',641,'','GREEN','2010-06-17 14:16:33','2010-06-17 14:16:33'),
(602,'OTM',1,'OTM',642,'','GREEN','2010-06-17 14:16:33','2010-06-17 14:16:33'),
(603,'PC064197',1,'PC064197',643,'','GREEN','2010-06-17 14:16:33','2010-06-17 14:16:33'),
(604,'PLUTO',1,'PLUTO',644,'','GREEN','2010-06-17 14:16:33','2010-06-17 14:16:33'),
(605,'PNCSERVER',1,'PNCSERVER',645,'','GREEN','2010-06-17 14:16:33','2010-06-17 14:16:33'),
(606,'PROPSERV',1,'PROPSERV',646,'','GREEN','2010-06-17 14:16:33','2010-06-17 14:16:33'),
(607,'',1,'PROPSERV_SQL',647,'not a server','AMBER','2010-06-17 14:16:33','2010-06-17 14:16:33'),
(608,'PROXY',1,'PROXY',648,'','GREEN','2010-06-17 14:16:33','2010-06-17 14:16:33'),
(609,'SPOCC',1,'SPOCC',649,'','GREEN','2010-06-17 14:16:33','2010-06-17 14:16:33'),
(610,'',1,'SPOCC_SQL',650,'not a server','AMBER','2010-06-17 14:16:33','2010-06-17 14:16:33'),
(611,'',1,'SRV179033',651,'','GREEN','2010-06-17 14:16:33','2010-06-17 14:16:33'),
(612,'',1,'SRV179033_SQL',652,'not a server','AMBER','2010-06-17 14:16:33','2010-06-17 14:16:33'),
(613,'SURESTART-FS2',1,'SURESTART-FS2',653,'','GREEN','2010-06-17 14:16:33','2010-06-17 14:16:33'),
(614,'TPAPPS1',1,'TPAPPS1',654,'','GREEN','2010-06-17 14:16:33','2010-06-17 14:16:33'),
(615,'',1,'VCENTER',655,'','GREEN','2010-06-17 14:16:33','2010-06-17 14:16:33'),
(616,'VITEX',1,'VITEX',656,'','GREEN','2010-06-17 14:16:33','2010-06-17 14:16:33'),
(617,'WALNUT',1,'WALNUT',657,'','GREEN','2010-06-17 14:16:33','2010-06-17 14:16:33'),
(618,'WEB11',1,'WEB11',658,'','GREEN','2010-06-17 14:16:33','2010-06-17 14:16:33'),
(619,'',1,'CAD',659,'removed by KPMG from first draft','RED','2010-06-17 14:16:33','2010-06-17 14:16:33'),
(620,'',1,'DIPTEST',660,'removed by KPMG from first draft','RED','2010-06-17 14:16:33','2010-06-17 14:16:33'),
(621,'',1,'EDUNT-4',661,'removed by KPMG from first draft','RED','2010-06-17 14:16:33','2010-06-17 14:16:33'),
(622,'',1,'EDUWIGHT',662,'removed by KPMG from first draft','RED','2010-06-17 14:16:33','2010-06-17 14:16:33'),
(623,'',1,'ENVHEALTH',663,'removed by KPMG from first draft','RED','2010-06-17 14:16:33','2010-06-17 14:16:33'),
(624,'',1,'FLARE',664,'removed by KPMG from first draft','RED','2010-06-17 14:16:33','2010-06-17 14:16:33'),
(625,'',1,'IIS5',665,'removed by KPMG from first draft','RED','2010-06-17 14:16:33','2010-06-17 14:16:33'),
(626,'',1,'MCAFEE-EPO',666,'removed by KPMG from first draft','RED','2010-06-17 14:16:33','2010-06-17 14:16:33'),
(627,'',1,'NETCRUNCH',667,'removed by KPMG from first draft','RED','2010-06-17 14:16:33','2010-06-17 14:16:33'),
(628,'',1,'SAMBA1',668,'removed by KPMG from first draft','RED','2010-06-17 14:16:33','2010-06-17 14:16:33'),
(629,'',1,'SQLSERV1',669,'removed by KPMG from first draft','RED','2010-06-17 14:16:33','2010-06-17 14:16:33'),
(630,'',1,'SQLSERV1_SQL',670,'removed by KPMG from first draft','RED','2010-06-17 14:16:33','2010-06-17 14:16:33'),
(631,'',1,'SQLSERV2_SQL',671,'removed by KPMG from first draft','RED','2010-06-17 14:16:33','2010-06-17 14:16:33'),
(632,'',1,'SQLSERV2',672,'removed by KPMG from first draft','RED','2010-06-17 14:16:33','2010-06-17 14:16:33'),
(633,'',1,'SYS11.IOW.GOV.UK',673,'removed by KPMG from first draft','RED','2010-06-17 14:16:33','2010-06-17 14:16:33'),
(634,'',1,'TRINITY',674,'removed by KPMG from first draft','RED','2010-06-17 14:16:33','2010-06-17 14:16:33'),
(635,'',1,'WEBEXCH',675,'removed by KPMG from first draft','RED','2010-06-17 14:16:33','2010-06-17 14:16:33'),
(636,'',1,'WIGHTCARE',676,'removed by KPMG from first draft','RED','2010-06-17 14:16:33','2010-06-17 14:16:33'),
(637,'',1,'YUCCA',677,'removed by KPMG from first draft','RED','2010-06-17 14:16:33','2010-06-17 14:16:33'),
(638,'',1,'BLACKBERRY_SQL',678,'','GREEN','2010-06-17 14:16:33','2010-06-17 14:16:33'),
(639,'',1,'CARPARKS_SQL',679,'','GREEN','2010-06-17 14:16:33','2010-06-17 14:16:33'),
(640,'',1,'CFRMIS_SQL',680,'','GREEN','2010-06-17 14:16:33','2010-06-17 14:16:33'),
(641,'',1,'FARM1TEST_SQL',681,'','GREEN','2010-06-17 14:16:33','2010-06-17 14:16:33'),
(642,'',1,'IWCIKEN_SQL',682,'','GREEN','2010-06-17 14:16:33','2010-06-17 14:16:33'),
(643,'',1,'IWCLSDDB_SQL',683,'','GREEN','2010-06-17 14:16:33','2010-06-17 14:16:33'),
(644,'SQLREP1',1,'SQLREP1',684,'This is not a server see above','AMBER','2010-06-17 14:16:33','2010-06-17 14:16:33'),
(645,'',1,'SQLREP1_SQL',685,'','GREEN','2010-06-17 14:16:33','2010-06-17 14:16:33'),
(646,'',1,'VLANDESK_SQL',686,'','GREEN','2010-06-17 14:16:33','2010-06-17 14:16:33'),
(647,'',1,'ACCOLAID_SQL',687,'','GREEN','2010-06-17 14:16:33','2010-06-17 14:16:33'),
(648,'',1,'ACOLNET_SQL',688,'','GREEN','2010-06-17 14:16:33','2010-06-17 14:16:33'),
(649,'',1,'ELECTORALREG_SQL',689,'','GREEN','2010-06-17 14:16:33','2010-06-17 14:16:33'),
(650,'IWCVCSQL',1,'IWCVCSQL',690,'This is not a server see above','AMBER','2010-06-17 14:16:33','2010-06-17 14:16:33'),
(651,'',1,'IWCVCSQL_SQL',691,'','GREEN','2010-06-17 14:16:33','2010-06-17 14:16:33'),
(652,'IWCEMSORACLE',1,'IWCEMSORACLE',692,'This is not a server see above','AMBER','2010-06-17 14:16:33','2010-06-17 14:16:33'),
(653,'',1,'IWCBSIPDEVEPD_SQL',693,'','GREEN','2010-06-17 14:16:33','2010-06-17 14:16:33'),
(654,'',1,'IWCBSIPDEVEPD_SQL_MONTH',694,'This is not a server see above','AMBER','2010-06-17 14:16:33','2010-06-17 14:16:33'),
(655,'',1,'IWCBSIPDEVEPD_SQL_WEEK',695,'This is not a server see above','AMBER','2010-06-17 14:16:33','2010-06-17 14:16:33'),
(656,'',1,'IWCBSIPDEVEPD_SQL_YEAR',696,'This is not a server see above','AMBER','2010-06-17 14:16:33','2010-06-17 14:16:33'),
(657,'',1,'IWCBSIPDEVERD_SQL',697,'','GREEN','2010-06-17 14:16:33','2010-06-17 14:16:33'),
(658,'',1,'IWCBSIPDEVERD_SQL_MONTH',698,'This is not a server see above','AMBER','2010-06-17 14:16:33','2010-06-17 14:16:33'),
(659,'',1,'IWCBSIPDEVERD_SQL_WEEK',699,'This is not a server see above','AMBER','2010-06-17 14:16:33','2010-06-17 14:16:33'),
(660,'',1,'IWCBSIPDEVERD_SQL_YEAR',700,'This is not a server see above','AMBER','2010-06-17 14:16:33','2010-06-17 14:16:33'),
(661,'',1,'IWCBSIPDEVPID_SQL',701,'','GREEN','2010-06-17 14:16:33','2010-06-17 14:16:33'),
(662,'',1,'IWCBSIPDEVPID_SQL_MONTH',702,'This is not a server see above','AMBER','2010-06-17 14:16:33','2010-06-17 14:16:33'),
(663,'',1,'IWCBSIPDEVPID_SQL_WEEK',703,'This is not a server see above','AMBER','2010-06-17 14:16:33','2010-06-17 14:16:33'),
(664,'',1,'IWCBSIPDEVPID_SQL_YEAR',704,'This is not a server see above','AMBER','2010-06-17 14:16:33','2010-06-17 14:16:33'),
(665,'',1,'IWCBSIPDEVSOL_SQL',705,'','GREEN','2010-06-17 14:16:33','2010-06-17 14:16:33'),
(666,'',1,'IWCBSIPDEVSOL_SQL_MONTH',706,'This is not a server see above','AMBER','2010-06-17 14:16:33','2010-06-17 14:16:33'),
(667,'',1,'IWCBSIPDEVSOL_SQL_WEEK',707,'This is not a server see above','AMBER','2010-06-17 14:16:33','2010-06-17 14:16:33'),
(668,'',1,'IWCBSIPDEVSOL_SQL_YEAR',708,'This is not a server see above','AMBER','2010-06-17 14:16:33','2010-06-17 14:16:33'),
(669,'',1,'IWCBSIPDEVSRD_SQL',709,'','GREEN','2010-06-17 14:16:33','2010-06-17 14:16:33'),
(670,'',1,'IWCBSIPDEVSRD_SQL_MONTH',710,'This is not a server see above','AMBER','2010-06-17 14:16:33','2010-06-17 14:16:33'),
(671,'',1,'IWCBSIPDEVSRD_SQL_WEEK',711,'This is not a server see above','AMBER','2010-06-17 14:16:33','2010-06-17 14:16:33'),
(672,'',1,'IWCBSIPDEVSRD_SQL_YEAR',712,'This is not a server see above','AMBER','2010-06-17 14:16:33','2010-06-17 14:16:33'),
(673,'',1,'IWCBSIPQASEPQ_SQL',713,'','GREEN','2010-06-17 14:16:33','2010-06-17 14:16:33'),
(674,'',1,'IWCBSIPQASEPQ_SQL_MONTH',714,'This is not a server see above','AMBER','2010-06-17 14:16:33','2010-06-17 14:16:33'),
(675,'',1,'IWCBSIPQASEPQ_SQL_WEEK',715,'This is not a server see above','AMBER','2010-06-17 14:16:33','2010-06-17 14:16:33'),
(676,'',1,'IWCBSIPQASEPQ_SQL_YEAR',716,'This is not a server see above','AMBER','2010-06-17 14:16:33','2010-06-17 14:16:33'),
(677,'',1,'IWCBSIPQASERQ_SQL',717,'','GREEN','2010-06-17 14:16:33','2010-06-17 14:16:33'),
(678,'',1,'IWCBSIPQASERQ_SQL_MONTH',718,'This is not a server see above','AMBER','2010-06-17 14:16:33','2010-06-17 14:16:33'),
(679,'',1,'IWCBSIPQASERQ_SQL_WEEK',719,'This is not a server see above','AMBER','2010-06-17 14:16:33','2010-06-17 14:16:33'),
(680,'',1,'IWCBSIPQASERQ_SQL_YEAR',720,'This is not a server see above','AMBER','2010-06-17 14:16:33','2010-06-17 14:16:33'),
(681,'',1,'IWCBSIPQASSRQ_SQL',721,'','GREEN','2010-06-17 14:16:33','2010-06-17 14:16:33'),
(682,'',1,'IWCBSIPQASSRQ_SQL_MONTH',722,'This is not a server see above','AMBER','2010-06-17 14:16:33','2010-06-17 14:16:33'),
(683,'',1,'IWCBSIPQASSRQ_SQL_WEEK',723,'This is not a server see above','AMBER','2010-06-17 14:16:33','2010-06-17 14:16:33'),
(684,'',1,'IWCBSIPQASSRQ_SQL_YEAR',724,'This is not a server see above','AMBER','2010-06-17 14:16:33','2010-06-17 14:16:33'),
(685,'',1,'ICTHELPDESKBACK_SQL',725,'','GREEN','2010-06-17 14:16:33','2010-06-17 14:16:33'),
(686,'',1,'ICTHELPDESKLIVE_SQL',726,'','GREEN','2010-06-17 14:16:33','2010-06-17 14:16:33'),
(687,'',1,'IIS3_SQL',727,'','GREEN','2010-06-17 14:16:33','2010-06-17 14:16:33'),
(688,'',1,'IKEN_SQL',728,'','GREEN','2010-06-17 14:16:33','2010-06-17 14:16:33'),
(689,'',1,'IWCBSIPCASREC_SQL',729,'','GREEN','2010-06-17 14:16:33','2010-06-17 14:16:33'),
(690,'',1,'IWCBSIPCASREC_SQL_MONTH',730,'This is not a server see above','AMBER','2010-06-17 14:16:33','2010-06-17 14:16:33'),
(691,'',1,'IWCBSIPCASREC_SQL_WEEK',731,'This is not a server see above','AMBER','2010-06-17 14:16:33','2010-06-17 14:16:33'),
(692,'',1,'IWCBSIPCASREC_SQL_YEAR',732,'This is not a server see above','AMBER','2010-06-17 14:16:33','2010-06-17 14:16:33'),
(693,'',1,'IWCBSIPPRDEPP_SQL',733,'','GREEN','2010-06-17 14:16:33','2010-06-17 14:16:33'),
(694,'',1,'IWCBSIPPRDEPP_SQL_MONTH',734,'This is not a server see above','AMBER','2010-06-17 14:16:33','2010-06-17 14:16:33'),
(695,'',1,'IWCBSIPPRDEPP_SQL_WEEK',735,'This is not a server see above','AMBER','2010-06-17 14:16:33','2010-06-17 14:16:33'),
(696,'',1,'IWCBSIPPRDEPP_SQL_YEAR',736,'This is not a server see above','AMBER','2010-06-17 14:16:33','2010-06-17 14:16:33'),
(697,'',1,'IWCBSIPPRDERP_SQL',737,'','GREEN','2010-06-17 14:16:33','2010-06-17 14:16:33'),
(698,'',1,'IWCBSIPPRDERP_SQL_MONTH',738,'This is not a server see above','AMBER','2010-06-17 14:16:33','2010-06-17 14:16:33'),
(699,'',1,'IWCBSIPPRDERP_SQL_WEEK',739,'This is not a server see above','AMBER','2010-06-17 14:16:33','2010-06-17 14:16:33'),
(700,'',1,'IWCBSIPPRDERP_SQL_YEAR',740,'This is not a server see above','AMBER','2010-06-17 14:16:33','2010-06-17 14:16:33'),
(701,'',1,'IWCBSIPPRDPIP_SQL',741,'','GREEN','2010-06-17 14:16:33','2010-06-17 14:16:33'),
(702,'',1,'IWCBSIPPRDPIP_SQL_MONTH',742,'This is not a server see above','AMBER','2010-06-17 14:16:33','2010-06-17 14:16:33'),
(703,'',1,'IWCBSIPPRDPIP_SQL_WEEK',743,'This is not a server see above','AMBER','2010-06-17 14:16:33','2010-06-17 14:16:33'),
(704,'',1,'IWCBSIPPRDPIP_SQL_YEAR',744,'This is not a server see above','AMBER','2010-06-17 14:16:33','2010-06-17 14:16:33'),
(705,'',1,'IWCBSIPPRDSRP_SQL',745,'','GREEN','2010-06-17 14:16:33','2010-06-17 14:16:33'),
(706,'',1,'IWCBSIPPRDSRP_SQL_MONTH',746,'This is not a server see above','AMBER','2010-06-17 14:16:33','2010-06-17 14:16:33'),
(707,'',1,'IWCBSIPPRDSRP_SQL_WEEK',747,'This is not a server see above','AMBER','2010-06-17 14:16:33','2010-06-17 14:16:33'),
(708,'',1,'IWCBSIPPRDSRP_SQL_YEAR',748,'This is not a server see above','AMBER','2010-06-17 14:16:33','2010-06-17 14:16:33'),
(709,'',1,'IWCCGAZ_SQL',749,'','GREEN','2010-06-17 14:16:33','2010-06-17 14:16:33'),
(710,'',1,'IWCCTXMAN2_SQL',750,'','GREEN','2010-06-17 14:16:33','2010-06-17 14:16:33'),
(711,'',1,'IWCDIPDB_SQL',751,'','GREEN','2010-06-17 14:16:33','2010-06-17 14:16:33'),
(712,'',1,'IWCFFS3_SQL',752,'','GREEN','2010-06-17 14:16:33','2010-06-17 14:16:33'),
(713,'IWCSQL01',1,'IWCSQL01',753,'This is not a server see above','AMBER','2010-06-17 14:16:33','2010-06-17 14:16:33'),
(714,'',1,'IWCSQL01_SQL',754,'','GREEN','2010-06-17 14:16:33','2010-06-17 14:16:33'),
(715,'',1,'IWCTMPRO_SQL',755,'','GREEN','2010-06-17 14:16:33','2010-06-17 14:16:33'),
(716,'IWCWEBSQL',1,'IWCWEBSQL',756,'This is not a server see above','AMBER','2010-06-17 14:16:33','2010-06-17 14:16:33'),
(717,'',1,'IWCWEBSQL_SQL',757,'','GREEN','2010-06-17 14:16:33','2010-06-17 14:16:33'),
(718,'IWLIBSQL',1,'IWLIBSQL',758,'This is not a server see above','AMBER','2010-06-17 14:16:33','2010-06-17 14:16:33'),
(719,'',1,'IWLIBSQL_SQL',759,'','GREEN','2010-06-17 14:16:33','2010-06-17 14:16:33'),
(720,'LIVESQL',1,'LIVESQL',760,'This is not a server see above','AMBER','2010-06-17 14:16:33','2010-06-17 14:16:33'),
(721,'',1,'LIVESQL_SQL',761,'','GREEN','2010-06-17 14:16:33','2010-06-17 14:16:33'),
(722,'',1,'LORDLIB_SQL',762,'','GREEN','2010-06-17 14:16:33','2010-06-17 14:16:33'),
(723,'',1,'PROPSERV_SQL',763,'','GREEN','2010-06-17 14:16:33','2010-06-17 14:16:33'),
(724,'',1,'SPOCC_SQL',764,'','GREEN','2010-06-17 14:16:33','2010-06-17 14:16:33'),
(725,'',1,'SRV179033_SQL',765,'','GREEN','2010-06-17 14:16:33','2010-06-17 14:16:33'),
(726,'',1,'SQLSERV1',766,'removed by KPMG from first draft','RED','2010-06-17 14:16:33','2010-06-17 14:16:33'),
(727,'',1,'SQLSERV1_SQL',767,'removed by KPMG from first draft','RED','2010-06-17 14:16:33','2010-06-17 14:16:33'),
(728,'',1,'SQLSERV2_SQLTDPMSSQL',768,'removed by KPMG from first draft','RED','2010-06-17 14:16:33','2010-06-17 14:16:33'),
(729,'',1,'SQLSERV2',769,'removed by KPMG from first draft','RED','2010-06-17 14:16:33','2010-06-17 14:16:33'),
(730,'',1,'COUNTYMAIL_EXCH',770,'','GREEN','2010-06-17 14:16:33','2010-06-17 14:16:33'),
(731,'IWCCHMAIL',1,'IWCCHMAIL',771,'','GREEN','2010-06-17 14:16:33','2010-06-17 14:16:33'),
(732,'IWCENTMAIL',1,'IWCENTMAIL',772,'','GREEN','2010-06-17 14:16:33','2010-06-17 14:16:33'),
(733,'NODE1-EXCH',1,'NODE1-EXCH',773,'Decomissioned','AMBER','2010-06-17 14:16:33','2010-06-17 14:16:33'),
(734,'NODE2-EXCH',1,'NODE2-EXCH',774,'Decomissioned','AMBER','2010-06-17 14:16:33','2010-06-17 14:16:33'),
(735,'',1,'WEBEXCH',775,'Decomissioned','AMBER','2010-06-17 14:16:33','2010-06-17 14:16:33'),
(736,'',1,'WEBEXCH1',776,'Decomissioned','GREEN','2010-06-17 14:16:33','2010-06-17 14:16:33'),
(737,'',1,'WEBEXCH2',777,'Decomissioned','AMBER','2010-06-17 14:16:33','2010-06-17 14:16:33'),
(738,'',1,'WEBEXCH3',778,'Decomissioned','RED','2010-06-17 14:16:33','2010-06-17 14:16:33');



DROP TABLE IF EXISTS `sessions`;

CREATE TABLE `sessions`(
	`id` SMALLINT UNSIGNED NOT NULL AUTO_INCREMENT,
	`session_id` VARCHAR(256) NOT NULL,
	`data` TEXT,
  `created_at` DATETIME,
  `updated_at` DATETIME,
	PRIMARY KEY (`id`)
);

INSERT INTO `sessions` VALUES
(1,"","","",""),
(2,"","","",""),
(3,"","","","");

DROP TABLE IF EXISTS `users`;

CREATE TABLE `users` (
	`id`	SMALLINT UNSIGNED NOT NULL AUTO_INCREMENT,
	`name` VARCHAR(64) NOT NULL,
	`email` VARCHAR(128) NOT NULL,
	`role` VARCHAR(48) NOT NULL,
	`client_id`	SMALLINT,
	`crypted_password` VARCHAR(255),
	`password_salt` VARCHAR(255),
	`persistence_token` VARCHAR(255),
	`created_at` DATETIME,
	`updated_at` DATETIME,
	PRIMARY KEY (`id`)
);

INSERT INTO `users` VALUES(1,'Duncan','duncan.smith@sameclat.com','admin',2,'60bf4bd5c66cd2e15d50112c5ac0ffa38c64e0d95e7b0bd10bef52a01ae8f5c7f36eeb4593a911f91e15c5e75788441b431b9b236c2cfa42c33f5305162f074d','rqp9W9oAdW2TZwT-9n_d','c3a56c70b4b38630316c4d6bd38a29d9816fef04226c209d8805a9b92621f555b098f59aa2e19f96dc8a579a1eb9b7460ec28002daeb0a25093bd4c9d30dc380','2010-07-14 16:20:08','2010-07-15 16:41:14'),
(2,'John','john.springall@sameclat.com','admin',1,'d0ae19857beb5e05051120ae6993339931f3535bb74adbb5b6b036013bd4db9f10b51a1e1ecf7f8c1b2d0069c414733d2b9aa8ec344ebfc9469418030dbc8ece','hze6f0EOAXJl6jS9-Zup','c4117a52787ac012a530057bd3e346b4013eea0f1d504d2800500cccb9b36b1ecb56e58feed2dfb6a450082f4a88d65e8e12b3fc3cb6feffc6fef8c213092fb9','2010-07-14 16:20:08','2010-07-15 16:36:28'),
(3,'Fraz','fraz.hamid@sameclat.com','admin',0,'40b3cd1a0724ccc395e387e6eada857840ecf6f8e1b5a59bc0328deecf9d74807532df0572ae17fde31d0d8db6547412b12e6c301680eab8bb66c53f279ea9ea','2OPiAoR0fnc5GGRftVgA','dceab885c22ac006e57c9f96140a4602ee2aa3f5e4dcd32583c22985dad13a4fe2a4a243500d560513836b00c0d0351036d7d686b402746b1f1add7852abba36','2010-07-14 16:20:08','2010-07-15 16:39:07'),
(4,'Admin','admin@sameclat.com','admin',0,'4e17a991c62470639abc5f7a7e9f0eb99b2e8eb46e2520e68636afdf5f0c26060e1200eb5b3424a87157291575b674ad12a170df17a70beabe95ce1c4d5616b1','f1mvaOl0YOR_n0qoDRS8',0,'2010-07-14 16:20:08','2010-07-14 16:20:08'),
(5,'Client','client@sameclat.com','client',1,'ba3ff0b7cb5e376a343f2e930f374934d0a80f4c2b74cddf91ab1b44f0cc6a696b230a80ed7509882812a93af0631be861796fc83fb48e7594b4c4f5ab106fe9','Rt6wZ07E_5zW-xyerPAB',0,'2010-07-14 16:20:08','2010-07-14 16:20:08'),
(6,'Clientmaintainer','clientmaintainer@sameclat.com','clientmaintainer',1,'625057bcc44ea3710c2152ce87c81d1739d4faa768b978f72b044b03ac7e7c4eaef3f4c1871d780a342caf09fd3b5c7ce2896e28f3f97f7281509d178e0692a8','1lvy8He6F2QaemGnrzWW',0,'2010-07-14 16:20:08','2010-07-14 16:20:08');

DROP TABLE IF EXISTS `versions`;

CREATE TABLE `versions`(
	`id` SMALLINT UNSIGNED NOT NULL AUTO_INCREMENT,
	`name` VARCHAR(256),
	`fullname` VARCHAR(256),
	`product_id` SMALLINT,
	`serial` VARCHAR(256),
	`language` VARCHAR(256),
  `created_at` DATETIME,
  `updated_at` DATETIME,
	PRIMARY KEY (`id`)
);

INSERT INTO `versions` VALUES
(1,'Acrobat Reader','Acrobat Reader 9.0',1,982993839928,'EN','27/05/2010 11:25','27/05/2010 11:25'),
(2,'Acrobat Reader','Acrobat Reader Pro 8.2',1,982993839928,'EN','27/05/2010 11:25','27/05/2010 11:25'),
(3,'Acrobat Reader','Acrobat Reader Pro 9.0',1,982993839928,'EN','27/05/2010 11:25','27/05/2010 11:25'),
(4,'Photoshop','Photoshop CS3',2,982993839928,'EN','27/05/2010 11:25','27/05/2010 11:25'),
(5,'Photoshop','Photoshop CS4',2,982993839928,'EN','27/05/2010 11:25','27/05/2010 11:25'),
(6,'Photoshop','Photoshop Elements CS4',2,982993839928,'EN','27/05/2010 11:25','27/05/2010 11:25'),
(7,'Illustrator','CS2',3,982993839928,'EN','27/05/2010 11:26','27/05/2010 11:26'),
(8,'Illustrator','CS3',3,982993839928,'EN','27/05/2010 11:35','27/05/2010 12:08'),
(9,'Illustrator','CS4',3,982993839928,'EN','27/05/2010 11:35','27/05/2010 12:08'),
(10,'AutoCAD 3',3,4,982993839928,'EN','27/05/2010 11:35','27/05/2010 12:09'),
(11,'AutoCAD 3.2',3.2,4,982993839928,'EN','27/05/2010 11:35','27/05/2010 12:09'),
(12,'AutoCAD 4.0',4,4,982993839928,'EN','27/05/2010 11:35','27/05/2010 12:09'),
(13,'Maya',2,5,982993839928,'EN','27/05/2010 11:35','27/05/2010 12:09'),
(14,'Maya',3,5,982993839928,'EN','27/05/2010 11:35','27/05/2010 12:09'),
(15,'Maya',5,5,982993839928,'EN','27/05/2010 11:35','27/05/2010 12:09'),
(16,'Inventor',1.8,6,982993839928,'EN','27/05/2010 11:35','27/05/2010 12:09'),
(17,'Inventor',1.9,6,982993839928,'EN','27/05/2010 11:35','27/05/2010 12:09'),
(18,'Inventor',2.1,6,982993839928,'EN','27/05/2010 11:35','27/05/2010 12:09'),
(19,'TrapTester',2.3,7,982993839928,'EN','27/05/2010 11:35','27/05/2010 12:09'),
(20,'TrapTester',2.4,7,982993839928,'EN','27/05/2010 11:35','27/05/2010 12:09'),
(21,'TrapTester',2.6,7,982993839928,'EN','27/05/2010 11:35','27/05/2010 12:09'),
(22,'EarthGrid',5,8,982993839928,'EN','27/05/2010 11:35','27/05/2010 12:09'),
(23,'EarthGrid',5.1,8,982993839928,'EN','27/05/2010 11:35','27/05/2010 12:09'),
(24,'EarthGrid',5.5,8,982993839928,'EN','27/05/2010 11:35','27/05/2010 12:09'),
(25,'Triangle',7.87,9,982993839928,'EN','27/05/2010 11:35','27/05/2010 12:09'),
(26,'Triangle',7.9,9,982993839928,'EN','27/05/2010 11:35','27/05/2010 12:09'),
(27,'Triangle',8.1,9,982993839928,'EN','27/05/2010 11:35','27/05/2010 12:09'),
(28,'Audit Logger',2.1,10,982993839928,'EN','27/05/2010 11:35','27/05/2010 12:09'),
(29,'Audit Logger',2.3,10,982993839928,'EN','27/05/2010 11:35','27/05/2010 12:09'),
(30,'Audit Logger',3.1,10,982993839928,'EN','27/05/2010 11:35','27/05/2010 12:09'),
(31,'Apps Manager',3.1,11,982993839928,'EN','27/05/2010 11:35','27/05/2010 12:09'),
(32,'Apps Manager',3.4,11,982993839928,'EN','27/05/2010 11:35','27/05/2010 12:09'),
(33,'Apps Manager',4.2,11,982993839928,'EN','27/05/2010 11:35','27/05/2010 12:09'),
(34,'OTCTrader IM',4.7,12,982993839928,'EN','27/05/2010 11:35','27/05/2010 12:09'),
(35,'OTCTrader IM',4.9,12,982993839928,'EN','27/05/2010 11:35','27/05/2010 12:09'),
(36,'OTCTrader IM',5.2,12,982993839928,'EN','27/05/2010 11:35','27/05/2010 12:09'),
(37,'FO',2.1,13,982993839928,'EN','27/05/2010 11:35','27/05/2010 12:09'),
(38,'FO',2.2,13,982993839928,'EN','27/05/2010 11:35','27/05/2010 12:09'),
(39,'FO',2.3,13,982993839928,'EN','27/05/2010 11:35','27/05/2010 12:09'),
(40,'BackOffice',2.6,14,982993839928,'EN','27/05/2010 11:35','27/05/2010 12:09'),
(41,'BackOffice',2.8,14,982993839928,'EN','27/05/2010 11:35','27/05/2010 12:09'),
(42,'BackOffice',3.2,14,982993839928,'EN','27/05/2010 11:35','27/05/2010 12:09'),
(43,'Enterprise',7.7,15,982993839928,'EN','27/05/2010 11:35','27/05/2010 12:09'),
(44,'Enterprise',7.8,15,982993839928,'EN','27/05/2010 11:35','27/05/2010 12:09'),
(45,'Enterprise',8.1,15,982993839928,'EN','27/05/2010 11:35','27/05/2010 12:09'),
(46,'PowerCenter',5,16,982993839928,'EN','27/05/2010 11:35','27/05/2010 12:09'),
(47,'PowerCenter',6,16,982993839928,'EN','27/05/2010 11:35','27/05/2010 12:09'),
(48,'PowerCenter',7,16,982993839928,'EN','27/05/2010 11:35','27/05/2010 12:09'),
(49,'RulePoint',1,17,982993839928,'EN','27/05/2010 11:35','27/05/2010 12:09'),
(50,'RulePoint',2,17,982993839928,'EN','27/05/2010 11:35','27/05/2010 12:09'),
(51,'RulePoint',3,17,982993839928,'EN','27/05/2010 11:35','27/05/2010 12:09'),
(52,'Power Exchange',4,18,982993839928,'EN','27/05/2010 11:35','27/05/2010 12:09'),
(53,'Power Exchange',4.3,18,982993839928,'EN','27/05/2010 11:35','27/05/2010 12:09'),
(54,'Power Exchange',5,18,982993839928,'EN','27/05/2010 11:35','27/05/2010 12:09'),
(55,'WebFocus',6,19,982993839928,'EN','27/05/2010 11:35','27/05/2010 12:09'),
(56,'WebFocus',6.2,19,982993839928,'EN','27/05/2010 11:35','27/05/2010 12:09'),
(57,'WebFocus',7,19,982993839928,'EN','27/05/2010 11:35','27/05/2010 12:09'),
(58,'WebFocus PM',2,20,982993839928,'EN','27/05/2010 11:35','27/05/2010 12:09'),
(59,'WebFocus PM',2.1,20,982993839928,'EN','27/05/2010 11:35','27/05/2010 12:09'),
(60,'WebFocus PM',2.2,20,982993839928,'EN','27/05/2010 11:35','27/05/2010 12:09'),
(61,'WebFocus Magnify',3,21,982993839928,'EN','27/05/2010 11:35','27/05/2010 12:09'),
(62,'WebFocus Magnify',3.1,21,982993839928,'EN','27/05/2010 11:35','27/05/2010 12:09'),
(63,'WebFocus Magnify',3.2,21,982993839928,'EN','27/05/2010 11:35','27/05/2010 12:09'),
(64,'ECM',4,22,982993839928,'EN','27/05/2010 11:35','27/05/2010 12:09'),
(65,'ECM',4.1,22,982993839928,'EN','27/05/2010 11:35','27/05/2010 12:09'),
(66,'ECM',4.2,22,982993839928,'EN','27/05/2010 11:35','27/05/2010 12:09'),
(67,'ECM DM',5,23,982993839928,'EN','27/05/2010 11:35','27/05/2010 12:09'),
(68,'ECM DM',5.1,23,982993839928,'EN','27/05/2010 11:35','27/05/2010 12:09'),
(69,'ECM DM',5.2,23,982993839928,'EN','27/05/2010 11:35','27/05/2010 12:09'),
(70,'ECM Suite',3,24,982993839928,'EN','27/05/2010 11:35','27/05/2010 12:09'),
(71,'ECM Suite',3.1,24,982993839928,'EN','27/05/2010 11:35','27/05/2010 12:09'),
(72,'ECM Suite',3.2,24,982993839928,'EN','27/05/2010 11:35','27/05/2010 12:09'),
(73,'P6 Enterprise','P6 1.0',25,982993839928,'EN','27/05/2010 11:35','27/05/2010 12:09'),
(74,'P6 Enterprise','P6 1.2',25,982993839928,'EN','27/05/2010 11:35','27/05/2010 12:09'),
(75,'P6 Enterprise','P6 2.3',25,982993839928,'EN','27/05/2010 11:35','27/05/2010 12:09'),
(76,'P6 Pro PM','P6 Pro 5',26,982993839928,'EN','27/05/2010 11:35','27/05/2010 12:09'),
(77,'P6 Pro PM','P6 Pro 6',26,982993839928,'EN','27/05/2010 11:35','27/05/2010 12:09'),
(78,'P6 Pro PM','P6 Pro 6.5',26,982993839928,'EN','27/05/2010 11:35','27/05/2010 12:09'),
(79,'Contract Management','CM 2',27,982993839928,'EN','27/05/2010 11:35','27/05/2010 12:09'),
(80,'Contract Management','CM 3',27,982993839928,'EN','27/05/2010 11:35','27/05/2010 12:09'),
(81,'Contract Management','CM 4',27,982993839928,'EN','27/05/2010 11:35','27/05/2010 12:09'),
(82,'Toad for Oracle',4.3,28,982993839928,'EN','27/05/2010 11:35','27/05/2010 12:09'),
(83,'Toad for Oracle',4.4,28,982993839928,'EN','27/05/2010 11:35','27/05/2010 12:09'),
(84,'Toad for Oracle',5.1,28,982993839928,'EN','27/05/2010 11:35','27/05/2010 12:09'),
(85,'Toad for SQLServer',4.4,29,982993839928,'EN','27/05/2010 11:35','27/05/2010 12:09'),
(86,'Toad for SQLServer',5.2,29,982993839928,'EN','27/05/2010 11:35','27/05/2010 12:09'),
(87,'Toad for SQLServer',5.4,29,982993839928,'EN','27/05/2010 11:35','27/05/2010 12:09'),
(88,'Spotlight',6,30,982993839928,'EN','27/05/2010 11:35','27/05/2010 12:09'),
(89,'Spotlight',6.1,30,982993839928,'EN','27/05/2010 11:35','27/05/2010 12:09'),
(90,'Spotlight',7,30,982993839928,'EN','27/05/2010 11:35','27/05/2010 12:09'),
(91,'Sales Cloud 2',33,31,982993839928,'EN','27/05/2010 11:35','27/05/2010 12:09'),
(92,'Sales Cloud 2',35,31,982993839928,'EN','27/05/2010 11:35','27/05/2010 12:09'),
(93,'Sales Cloud 2',37,31,982993839928,'EN','27/05/2010 11:35','27/05/2010 12:09'),
(94,'Small Business',40,32,982993839928,'EN','27/05/2010 11:35','27/05/2010 12:09'),
(95,'Small Business',42,32,982993839928,'EN','27/05/2010 11:35','27/05/2010 12:09'),
(96,'Small Business',44,32,982993839928,'EN','27/05/2010 11:35','27/05/2010 12:09'),
(97,'Service Cloud 2',55,33,982993839928,'EN','27/05/2010 11:35','27/05/2010 12:09'),
(98,'Service Cloud 2',57,33,982993839928,'EN','27/05/2010 11:35','27/05/2010 12:09'),
(99,'Service Cloud 2',59,33,982993839928,'EN','27/05/2010 11:35','27/05/2010 12:09'),
(100,'SAS Base','SASB 3',34,982993839928,'EN','27/05/2010 11:35','27/05/2010 12:09'),
(101,'SAS Base','SASB 4',34,982993839928,'EN','27/05/2010 11:35','27/05/2010 12:09'),
(102,'SAS Base','SASB 6',34,982993839928,'EN','27/05/2010 11:35','27/05/2010 12:09'),
(103,'DataFlux','DF 1',35,982993839928,'EN','27/05/2010 11:35','27/05/2010 12:09'),
(104,'DataFlux','DF 2',35,982993839928,'EN','27/05/2010 11:35','27/05/2010 12:09'),
(105,'DataFlux','DF 4',35,982993839928,'EN','27/05/2010 11:35','27/05/2010 12:09'),
(106,'SAS/SECURE','SASS 5',36,982993839928,'EN','27/05/2010 11:35','27/05/2010 12:09'),
(107,'SAS/SECURE','SASS 5.5',36,982993839928,'EN','27/05/2010 11:35','27/05/2010 12:09'),
(108,'SAS/SECURE','SASS 6.0',36,982993839928,'EN','27/05/2010 11:35','27/05/2010 12:09'),
(109,'ECM SCM','SCM 2',37,982993839928,'EN','27/05/2010 11:35','27/05/2010 12:09'),
(110,'ECM SCM','SCM 2.3',37,982993839928,'EN','27/05/2010 11:35','27/05/2010 12:09'),
(111,'ECM SCM','SCM 2.5',37,982993839928,'EN','27/05/2010 11:35','27/05/2010 12:09'),
(112,'ECM NCM','NCM 4',38,982993839928,'EN','27/05/2010 11:35','27/05/2010 12:09'),
(113,'ECM NCM','NCM 4.4',38,982993839928,'EN','27/05/2010 11:35','27/05/2010 12:09'),
(114,'ECM NCM','NCM 5',38,982993839928,'EN','27/05/2010 11:35','27/05/2010 12:09'),
(115,'ECM CAM','CAM 1',39,982993839928,'EN','27/05/2010 11:35','27/05/2010 12:09'),
(116,'ECM CAM','CAM 1.5',39,982993839928,'EN','27/05/2010 11:35','27/05/2010 12:09'),
(117,'ECM CAM','CAM 1.8',39,982993839928,'EN','27/05/2010 11:35','27/05/2010 12:09'),
(118,'HPC Cloud','C 5',40,982993839928,'EN','27/05/2010 11:35','27/05/2010 12:09'),
(119,'HPC Cloud','C 6',40,982993839928,'EN','27/05/2010 11:35','27/05/2010 12:09'),
(120,'HPC Cloud','C 7',40,982993839928,'EN','27/05/2010 11:35','27/05/2010 12:09'),
(121,'Cyclone BIO','C BIO 1',41,982993839928,'EN','27/05/2010 11:35','27/05/2010 12:09'),
(122,'Cyclone BIO','C BIO 2',41,982993839928,'EN','27/05/2010 11:35','27/05/2010 12:09'),
(123,'Cyclone BIO','C BIO 3',41,982993839928,'EN','27/05/2010 11:35','27/05/2010 12:09'),
(124,'Cyclone CFD','C CFD 7',42,982993839928,'EN','27/05/2010 11:35','27/05/2010 12:09'),
(125,'Cyclone CFD','C CFD 8',42,982993839928,'EN','27/05/2010 11:35','27/05/2010 12:09'),
(126,'Cyclone CFD','C CFD 8.1',42,982993839928,'EN','27/05/2010 11:35','27/05/2010 12:09'),
(127,'MATLAB','MATLAB 5',43,982993839928,'EN','27/05/2010 11:35','27/05/2010 12:09'),
(128,'MATLAB','MATLAB 6',43,982993839928,'EN','27/05/2010 11:35','27/05/2010 12:09'),
(129,'MATLAB','MATLAB 7.10',43,982993839928,'EN','27/05/2010 11:35','27/05/2010 12:09'),
(130,'SimEvents','SE 4',44,982993839928,'EN','27/05/2010 11:35','27/05/2010 12:09'),
(131,'SimEvents','SE 5',44,982993839928,'EN','27/05/2010 11:35','27/05/2010 12:09'),
(132,'SimEvents','SE 6.3',44,982993839928,'EN','27/05/2010 11:35','27/05/2010 12:09'),
(133,'StateFlow','SF 2',45,982993839928,'EN','27/05/2010 11:35','27/05/2010 12:09'),
(134,'StateFlow','SF 3',45,982993839928,'EN','27/05/2010 11:35','27/05/2010 12:09'),
(135,'StateFlow','SF 4',45,982993839928,'EN','27/05/2010 11:35','27/05/2010 12:09'),
(136,'Triton','T 5',46,982993839928,'EN','27/05/2010 11:35','27/05/2010 12:09'),
(137,'Triton','T 6',46,982993839928,'EN','27/05/2010 11:35','27/05/2010 12:09'),
(138,'Triton','T 7',46,982993839928,'EN','27/05/2010 11:35','27/05/2010 12:09'),
(139,'DataSecurity Suite','DSS 3',47,982993839928,'EN','27/05/2010 11:35','27/05/2010 12:09'),
(140,'DataSecurity Suite','DSS 8',47,982993839928,'EN','27/05/2010 11:35','27/05/2010 12:09'),
(141,'DataSecurity Suite','DSS 9',47,982993839928,'EN','27/05/2010 11:35','27/05/2010 12:09'),
(142,'Data Discovery Suite','DDS 1',48,982993839928,'EN','27/05/2010 11:35','27/05/2010 12:09'),
(143,'Data Discovery Suite','DDS 2',48,982993839928,'EN','27/05/2010 11:35','27/05/2010 12:09'),
(144,'Data Discovery Suite','DDS 3',48,982993839928,'EN','27/05/2010 11:35','27/05/2010 12:09'),
(145,'Windows XP','SP 1',49,982993839928,'EN','27/05/2010 11:35','27/05/2010 12:09'),
(146,'Windows XP','SP 2',49,982993839928,'EN','27/05/2010 11:35','27/05/2010 12:09'),
(147,'Windows 7','W 1.6',49,982993839928,'EN','27/05/2010 11:35','27/05/2010 12:09'),
(148,'Office',2003,50,982993839928,'EN','27/05/2010 11:35','27/05/2010 12:09'),
(149,'Office',2007,50,982993839928,'EN','27/05/2010 11:35','27/05/2010 12:09'),
(150,'Office',2010,50,982993839928,'EN','27/05/2010 11:35','27/05/2010 12:09'),
(151,'Internet Explorer','IE 6',51,982993839928,'EN','27/05/2010 11:35','27/05/2010 12:09'),
(152,'Internet Explorer','IE 7',51,982993839928,'EN','27/05/2010 11:35','27/05/2010 12:09'),
(153,'Internet Explorer','IE 8',51,982993839928,'EN','27/05/2010 11:35','27/05/2010 12:09');


